evaluation_id,repeat,fold,segment_id,predicted_group
paper_segment_10x10,0,6,sub-hc1_seg000,HC
paper_segment_10x10,0,6,sub-hc1_seg001,HC
paper_segment_10x10,0,0,sub-hc1_seg002,HC
paper_segment_10x10,0,7,sub-hc1_seg003,HC
paper_segment_10x10,0,7,sub-hc1_seg004,HC
paper_segment_10x10,0,4,sub-hc1_seg005,HC
paper_segment_10x10,0,7,sub-hc1_seg006,HC
paper_segment_10x10,0,6,sub-hc1_seg007,HC
paper_segment_10x10,0,1,sub-hc1_seg008,HC
paper_segment_10x10,0,3,sub-hc1_seg009,HC
paper_segment_10x10,0,9,sub-hc1_seg010,HC
paper_segment_10x10,0,0,sub-hc1_seg011,HC
paper_segment_10x10,0,6,sub-hc1_seg012,HC
paper_segment_10x10,0,8,sub-hc1_seg013,HC
paper_segment_10x10,0,0,sub-hc1_seg014,HC
paper_segment_10x10,0,2,sub-hc1_seg015,HC
paper_segment_10x10,0,9,sub-hc1_seg016,HC
paper_segment_10x10,0,3,sub-hc1_seg017,HC
paper_segment_10x10,0,7,sub-hc1_seg018,HC
paper_segment_10x10,0,5,sub-hc2_seg000,HC
paper_segment_10x10,0,6,sub-hc2_seg001,HC
paper_segment_10x10,0,3,sub-hc2_seg002,HC
paper_segment_10x10,0,4,sub-hc2_seg003,HC
paper_segment_10x10,0,4,sub-hc2_seg004,HC
paper_segment_10x10,0,7,sub-hc2_seg005,HC
paper_segment_10x10,0,3,sub-hc2_seg006,HC
paper_segment_10x10,0,6,sub-hc2_seg007,HC
paper_segment_10x10,0,9,sub-hc2_seg008,HC
paper_segment_10x10,0,7,sub-hc2_seg009,HC
paper_segment_10x10,0,9,sub-hc2_seg010,HC
paper_segment_10x10,0,3,sub-hc2_seg011,HC
paper_segment_10x10,0,2,sub-hc2_seg012,HC
paper_segment_10x10,0,0,sub-hc2_seg013,HC
paper_segment_10x10,0,4,sub-hc2_seg014,HC
paper_segment_10x10,0,7,sub-hc2_seg015,HC
paper_segment_10x10,0,5,sub-hc2_seg016,HC
paper_segment_10x10,0,5,sub-hc2_seg017,HC
paper_segment_10x10,0,6,sub-hc2_seg018,HC
paper_segment_10x10,0,9,sub-hc4_seg000,HC
paper_segment_10x10,0,0,sub-hc4_seg001,HC
paper_segment_10x10,0,7,sub-hc4_seg002,HC
paper_segment_10x10,0,2,sub-hc4_seg003,HC
paper_segment_10x10,0,2,sub-hc4_seg004,HC
paper_segment_10x10,0,1,sub-hc4_seg005,HC
paper_segment_10x10,0,1,sub-hc4_seg006,HC
paper_segment_10x10,0,4,sub-hc4_seg007,HC
paper_segment_10x10,0,7,sub-hc4_seg008,HC
paper_segment_10x10,0,2,sub-hc4_seg009,HC
paper_segment_10x10,0,0,sub-hc4_seg010,HC
paper_segment_10x10,0,1,sub-hc4_seg011,HC
paper_segment_10x10,0,2,sub-hc4_seg012,HC
paper_segment_10x10,0,7,sub-hc4_seg013,HC
paper_segment_10x10,0,5,sub-hc4_seg014,HC
paper_segment_10x10,0,3,sub-hc4_seg015,HC
paper_segment_10x10,0,1,sub-hc4_seg016,HC
paper_segment_10x10,0,8,sub-hc4_seg017,HC
paper_segment_10x10,0,5,sub-hc7_seg000,HC
paper_segment_10x10,0,0,sub-hc7_seg001,HC
paper_segment_10x10,0,9,sub-hc7_seg002,HC
paper_segment_10x10,0,5,sub-hc7_seg003,HC
paper_segment_10x10,0,4,sub-hc7_seg004,HC
paper_segment_10x10,0,4,sub-hc7_seg005,HC
paper_segment_10x10,0,2,sub-hc7_seg006,HC
paper_segment_10x10,0,9,sub-hc7_seg007,HC
paper_segment_10x10,0,9,sub-hc7_seg008,HC
paper_segment_10x10,0,7,sub-hc7_seg009,HC
paper_segment_10x10,0,8,sub-hc7_seg010,HC
paper_segment_10x10,0,3,sub-hc7_seg011,HC
paper_segment_10x10,0,0,sub-hc7_seg012,HC
paper_segment_10x10,0,1,sub-hc7_seg013,HC
paper_segment_10x10,0,5,sub-hc7_seg014,HC
paper_segment_10x10,0,7,sub-hc7_seg015,HC
paper_segment_10x10,0,9,sub-hc7_seg016,HC
paper_segment_10x10,0,0,sub-hc7_seg017,HC
paper_segment_10x10,0,4,sub-hc7_seg018,HC
paper_segment_10x10,0,8,sub-hc8_seg000,HC
paper_segment_10x10,0,1,sub-hc8_seg001,HC
paper_segment_10x10,0,3,sub-hc8_seg002,HC
paper_segment_10x10,0,6,sub-hc8_seg003,HC
paper_segment_10x10,0,4,sub-hc8_seg004,HC
paper_segment_10x10,0,3,sub-hc8_seg005,HC
paper_segment_10x10,0,5,sub-hc8_seg006,HC
paper_segment_10x10,0,8,sub-hc8_seg007,HC
paper_segment_10x10,0,7,sub-hc8_seg008,HC
paper_segment_10x10,0,7,sub-hc8_seg009,HC
paper_segment_10x10,0,2,sub-hc8_seg010,HC
paper_segment_10x10,0,7,sub-hc8_seg011,HC
paper_segment_10x10,0,7,sub-hc8_seg012,HC
paper_segment_10x10,0,8,sub-hc8_seg013,HC
paper_segment_10x10,0,7,sub-hc8_seg014,HC
paper_segment_10x10,0,9,sub-hc8_seg015,HC
paper_segment_10x10,0,1,sub-hc8_seg016,HC
paper_segment_10x10,0,9,sub-hc8_seg017,HC
paper_segment_10x10,0,6,sub-hc8_seg018,HC
paper_segment_10x10,0,5,sub-hc10_seg000,HC
paper_segment_10x10,0,5,sub-hc10_seg001,HC
paper_segment_10x10,0,3,sub-hc10_seg002,HC
paper_segment_10x10,0,1,sub-hc10_seg003,HC
paper_segment_10x10,0,6,sub-hc10_seg004,HC
paper_segment_10x10,0,0,sub-hc10_seg005,HC
paper_segment_10x10,0,9,sub-hc10_seg006,HC
paper_segment_10x10,0,8,sub-hc10_seg007,HC
paper_segment_10x10,0,4,sub-hc10_seg008,HC
paper_segment_10x10,0,5,sub-hc10_seg009,HC
paper_segment_10x10,0,2,sub-hc10_seg010,HC
paper_segment_10x10,0,7,sub-hc10_seg011,HC
paper_segment_10x10,0,8,sub-hc10_seg012,HC
paper_segment_10x10,0,6,sub-hc10_seg013,HC
paper_segment_10x10,0,9,sub-hc10_seg014,HC
paper_segment_10x10,0,7,sub-hc10_seg015,HC
paper_segment_10x10,0,5,sub-hc10_seg016,HC
paper_segment_10x10,0,5,sub-hc10_seg017,HC
paper_segment_10x10,0,1,sub-hc10_seg018,HC
paper_segment_10x10,0,2,sub-hc10_seg019,HC
paper_segment_10x10,0,8,sub-hc18_seg000,HC
paper_segment_10x10,0,2,sub-hc18_seg001,HC
paper_segment_10x10,0,5,sub-hc18_seg002,HC
paper_segment_10x10,0,9,sub-hc18_seg003,HC
paper_segment_10x10,0,3,sub-hc18_seg004,HC
paper_segment_10x10,0,0,sub-hc18_seg005,HC
paper_segment_10x10,0,0,sub-hc18_seg006,HC
paper_segment_10x10,0,4,sub-hc18_seg007,HC
paper_segment_10x10,0,0,sub-hc18_seg008,HC
paper_segment_10x10,0,1,sub-hc18_seg009,HC
paper_segment_10x10,0,2,sub-hc18_seg010,HC
paper_segment_10x10,0,3,sub-hc18_seg011,HC
paper_segment_10x10,0,5,sub-hc18_seg012,HC
paper_segment_10x10,0,6,sub-hc18_seg013,HC
paper_segment_10x10,0,5,sub-hc18_seg014,HC
paper_segment_10x10,0,0,sub-hc18_seg015,HC
paper_segment_10x10,0,3,sub-hc18_seg016,HC
paper_segment_10x10,0,5,sub-hc18_seg017,HC
paper_segment_10x10,0,2,sub-hc20_seg000,HC
paper_segment_10x10,0,2,sub-hc20_seg001,HC
paper_segment_10x10,0,4,sub-hc20_seg002,HC
paper_segment_10x10,0,6,sub-hc20_seg003,HC
paper_segment_10x10,0,8,sub-hc20_seg004,HC
paper_segment_10x10,0,9,sub-hc20_seg005,HC
paper_segment_10x10,0,1,sub-hc20_seg006,HC
paper_segment_10x10,0,8,sub-hc20_seg007,HC
paper_segment_10x10,0,0,sub-hc20_seg008,HC
paper_segment_10x10,0,3,sub-hc20_seg009,HC
paper_segment_10x10,0,7,sub-hc20_seg010,HC
paper_segment_10x10,0,0,sub-hc20_seg011,HC
paper_segment_10x10,0,5,sub-hc20_seg012,HC
paper_segment_10x10,0,4,sub-hc20_seg013,HC
paper_segment_10x10,0,0,sub-hc20_seg014,HC
paper_segment_10x10,0,1,sub-hc20_seg015,HC
paper_segment_10x10,0,2,sub-hc20_seg016,HC
paper_segment_10x10,0,9,sub-hc20_seg017,HC
paper_segment_10x10,0,7,sub-hc21_seg000,HC
paper_segment_10x10,0,0,sub-hc21_seg001,HC
paper_segment_10x10,0,8,sub-hc21_seg002,HC
paper_segment_10x10,0,8,sub-hc21_seg003,HC
paper_segment_10x10,0,8,sub-hc21_seg004,HC
paper_segment_10x10,0,2,sub-hc21_seg005,HC
paper_segment_10x10,0,1,sub-hc21_seg006,HC
paper_segment_10x10,0,0,sub-hc21_seg007,HC
paper_segment_10x10,0,7,sub-hc21_seg008,HC
paper_segment_10x10,0,3,sub-hc21_seg009,HC
paper_segment_10x10,0,5,sub-hc21_seg010,HC
paper_segment_10x10,0,2,sub-hc21_seg011,HC
paper_segment_10x10,0,0,sub-hc21_seg012,HC
paper_segment_10x10,0,6,sub-hc21_seg013,HC
paper_segment_10x10,0,1,sub-hc21_seg014,HC
paper_segment_10x10,0,1,sub-hc21_seg015,HC
paper_segment_10x10,0,0,sub-hc21_seg016,HC
paper_segment_10x10,0,5,sub-hc21_seg017,HC
paper_segment_10x10,0,1,sub-hc24_seg000,HC
paper_segment_10x10,0,9,sub-hc24_seg001,HC
paper_segment_10x10,0,7,sub-hc24_seg002,HC
paper_segment_10x10,0,4,sub-hc24_seg003,HC
paper_segment_10x10,0,6,sub-hc24_seg004,HC
paper_segment_10x10,0,2,sub-hc24_seg005,HC
paper_segment_10x10,0,6,sub-hc24_seg006,HC
paper_segment_10x10,0,7,sub-hc24_seg007,HC
paper_segment_10x10,0,4,sub-hc24_seg008,HC
paper_segment_10x10,0,6,sub-hc24_seg009,HC
paper_segment_10x10,0,8,sub-hc24_seg010,HC
paper_segment_10x10,0,1,sub-hc24_seg011,HC
paper_segment_10x10,0,3,sub-hc24_seg012,HC
paper_segment_10x10,0,4,sub-hc24_seg013,HC
paper_segment_10x10,0,9,sub-hc24_seg014,HC
paper_segment_10x10,0,7,sub-hc24_seg015,HC
paper_segment_10x10,0,4,sub-hc24_seg016,HC
paper_segment_10x10,0,3,sub-hc24_seg017,HC
paper_segment_10x10,0,8,sub-hc24_seg018,HC
paper_segment_10x10,0,3,sub-hc25_seg000,HC
paper_segment_10x10,0,7,sub-hc25_seg001,HC
paper_segment_10x10,0,3,sub-hc25_seg002,HC
paper_segment_10x10,0,7,sub-hc25_seg003,HC
paper_segment_10x10,0,5,sub-hc25_seg004,HC
paper_segment_10x10,0,1,sub-hc25_seg005,HC
paper_segment_10x10,0,5,sub-hc25_seg006,HC
paper_segment_10x10,0,3,sub-hc25_seg007,HC
paper_segment_10x10,0,0,sub-hc25_seg008,HC
paper_segment_10x10,0,3,sub-hc25_seg009,HC
paper_segment_10x10,0,9,sub-hc25_seg010,HC
paper_segment_10x10,0,3,sub-hc25_seg011,HC
paper_segment_10x10,0,9,sub-hc25_seg012,HC
paper_segment_10x10,0,8,sub-hc25_seg013,HC
paper_segment_10x10,0,8,sub-hc25_seg014,HC
paper_segment_10x10,0,2,sub-hc25_seg015,HC
paper_segment_10x10,0,1,sub-hc25_seg016,HC
paper_segment_10x10,0,1,sub-hc25_seg017,HC
paper_segment_10x10,0,2,sub-hc25_seg018,HC
paper_segment_10x10,0,9,sub-hc25_seg019,HC
paper_segment_10x10,0,4,sub-hc29_seg000,HC
paper_segment_10x10,0,6,sub-hc29_seg001,HC
paper_segment_10x10,0,0,sub-hc29_seg002,HC
paper_segment_10x10,0,8,sub-hc29_seg003,HC
paper_segment_10x10,0,4,sub-hc29_seg004,HC
paper_segment_10x10,0,4,sub-hc29_seg005,HC
paper_segment_10x10,0,2,sub-hc29_seg006,HC
paper_segment_10x10,0,6,sub-hc29_seg007,HC
paper_segment_10x10,0,3,sub-hc29_seg008,HC
paper_segment_10x10,0,6,sub-hc29_seg009,HC
paper_segment_10x10,0,4,sub-hc29_seg010,HC
paper_segment_10x10,0,8,sub-hc29_seg011,HC
paper_segment_10x10,0,9,sub-hc29_seg012,HC
paper_segment_10x10,0,6,sub-hc29_seg013,HC
paper_segment_10x10,0,0,sub-hc29_seg014,HC
paper_segment_10x10,0,2,sub-hc29_seg015,HC
paper_segment_10x10,0,6,sub-hc29_seg016,HC
paper_segment_10x10,0,2,sub-hc29_seg017,HC
paper_segment_10x10,0,5,sub-hc29_seg018,HC
paper_segment_10x10,0,4,sub-hc30_seg000,HC
paper_segment_10x10,0,4,sub-hc30_seg001,HC
paper_segment_10x10,0,8,sub-hc30_seg002,HC
paper_segment_10x10,0,9,sub-hc30_seg003,HC
paper_segment_10x10,0,4,sub-hc30_seg004,HC
paper_segment_10x10,0,8,sub-hc30_seg005,HC
paper_segment_10x10,0,3,sub-hc30_seg006,HC
paper_segment_10x10,0,2,sub-hc30_seg007,PD
paper_segment_10x10,0,9,sub-hc30_seg008,HC
paper_segment_10x10,0,0,sub-hc30_seg009,HC
paper_segment_10x10,0,3,sub-hc30_seg010,HC
paper_segment_10x10,0,3,sub-hc30_seg011,HC
paper_segment_10x10,0,1,sub-hc30_seg012,HC
paper_segment_10x10,0,1,sub-hc30_seg013,HC
paper_segment_10x10,0,5,sub-hc30_seg014,HC
paper_segment_10x10,0,7,sub-hc30_seg015,HC
paper_segment_10x10,0,2,sub-hc30_seg016,HC
paper_segment_10x10,0,0,sub-hc30_seg017,HC
paper_segment_10x10,0,4,sub-hc31_seg000,HC
paper_segment_10x10,0,8,sub-hc31_seg001,HC
paper_segment_10x10,0,6,sub-hc31_seg002,HC
paper_segment_10x10,0,1,sub-hc31_seg003,HC
paper_segment_10x10,0,3,sub-hc31_seg004,HC
paper_segment_10x10,0,4,sub-hc31_seg005,HC
paper_segment_10x10,0,2,sub-hc31_seg006,HC
paper_segment_10x10,0,0,sub-hc31_seg007,HC
paper_segment_10x10,0,8,sub-hc31_seg008,HC
paper_segment_10x10,0,7,sub-hc31_seg009,HC
paper_segment_10x10,0,1,sub-hc31_seg010,HC
paper_segment_10x10,0,4,sub-hc31_seg011,HC
paper_segment_10x10,0,1,sub-hc31_seg012,HC
paper_segment_10x10,0,8,sub-hc31_seg013,HC
paper_segment_10x10,0,4,sub-hc31_seg014,HC
paper_segment_10x10,0,0,sub-hc31_seg015,HC
paper_segment_10x10,0,6,sub-hc31_seg016,HC
paper_segment_10x10,0,5,sub-hc31_seg017,HC
paper_segment_10x10,0,5,sub-hc32_seg000,HC
paper_segment_10x10,0,8,sub-hc32_seg001,HC
paper_segment_10x10,0,6,sub-hc32_seg002,HC
paper_segment_10x10,0,1,sub-hc32_seg003,HC
paper_segment_10x10,0,1,sub-hc32_seg004,HC
paper_segment_10x10,0,4,sub-hc32_seg005,HC
paper_segment_10x10,0,6,sub-hc32_seg006,HC
paper_segment_10x10,0,9,sub-hc32_seg007,HC
paper_segment_10x10,0,9,sub-hc32_seg008,HC
paper_segment_10x10,0,4,sub-hc32_seg009,HC
paper_segment_10x10,0,9,sub-hc32_seg010,HC
paper_segment_10x10,0,5,sub-hc32_seg011,HC
paper_segment_10x10,0,3,sub-hc32_seg012,HC
paper_segment_10x10,0,6,sub-hc32_seg013,HC
paper_segment_10x10,0,8,sub-hc32_seg014,HC
paper_segment_10x10,0,3,sub-hc32_seg015,HC
paper_segment_10x10,0,8,sub-hc32_seg016,HC
paper_segment_10x10,0,2,sub-hc32_seg017,HC
paper_segment_10x10,0,0,sub-hc32_seg018,HC
paper_segment_10x10,0,5,sub-hc33_seg000,HC
paper_segment_10x10,0,9,sub-hc33_seg001,HC
paper_segment_10x10,0,5,sub-hc33_seg002,HC
paper_segment_10x10,0,9,sub-hc33_seg003,HC
paper_segment_10x10,0,1,sub-hc33_seg004,HC
paper_segment_10x10,0,6,sub-hc33_seg005,HC
paper_segment_10x10,0,2,sub-hc33_seg006,HC
paper_segment_10x10,0,2,sub-hc33_seg007,HC
paper_segment_10x10,0,2,sub-hc33_seg008,HC
paper_segment_10x10,0,8,sub-hc33_seg009,HC
paper_segment_10x10,0,9,sub-hc33_seg010,HC
paper_segment_10x10,0,7,sub-hc33_seg011,HC
paper_segment_10x10,0,0,sub-hc33_seg012,HC
paper_segment_10x10,0,6,sub-hc33_seg013,HC
paper_segment_10x10,0,8,sub-hc33_seg014,HC
paper_segment_10x10,0,6,sub-hc33_seg015,HC
paper_segment_10x10,0,3,sub-hc33_seg016,HC
paper_segment_10x10,0,1,sub-hc33_seg017,HC
paper_segment_10x10,0,5,sub-hc33_seg018,HC
paper_segment_10x10,0,9,sub-pd3_seg000,PD
paper_segment_10x10,0,9,sub-pd3_seg001,PD
paper_segment_10x10,0,4,sub-pd3_seg002,PD
paper_segment_10x10,0,6,sub-pd3_seg003,PD
paper_segment_10x10,0,1,sub-pd3_seg004,PD
paper_segment_10x10,0,8,sub-pd3_seg005,PD
paper_segment_10x10,0,1,sub-pd3_seg006,PD
paper_segment_10x10,0,9,sub-pd3_seg007,PD
paper_segment_10x10,0,4,sub-pd3_seg008,PD
paper_segment_10x10,0,0,sub-pd3_seg009,HC
paper_segment_10x10,0,0,sub-pd3_seg010,PD
paper_segment_10x10,0,8,sub-pd3_seg011,PD
paper_segment_10x10,0,5,sub-pd3_seg012,PD
paper_segment_10x10,0,5,sub-pd3_seg013,PD
paper_segment_10x10,0,6,sub-pd3_seg014,PD
paper_segment_10x10,0,5,sub-pd3_seg015,PD
paper_segment_10x10,0,2,sub-pd3_seg016,PD
paper_segment_10x10,0,7,sub-pd3_seg017,PD
paper_segment_10x10,0,3,sub-pd3_seg018,PD
paper_segment_10x10,0,6,sub-pd3_seg019,PD
paper_segment_10x10,0,1,sub-pd5_seg000,PD
paper_segment_10x10,0,6,sub-pd5_seg001,PD
paper_segment_10x10,0,0,sub-pd5_seg002,PD
paper_segment_10x10,0,9,sub-pd5_seg003,PD
paper_segment_10x10,0,2,sub-pd5_seg004,PD
paper_segment_10x10,0,8,sub-pd5_seg005,PD
paper_segment_10x10,0,3,sub-pd5_seg006,PD
paper_segment_10x10,0,0,sub-pd5_seg007,PD
paper_segment_10x10,0,5,sub-pd5_seg008,PD
paper_segment_10x10,0,0,sub-pd5_seg009,PD
paper_segment_10x10,0,7,sub-pd5_seg010,PD
paper_segment_10x10,0,0,sub-pd5_seg011,PD
paper_segment_10x10,0,7,sub-pd5_seg012,PD
paper_segment_10x10,0,4,sub-pd5_seg013,PD
paper_segment_10x10,0,4,sub-pd5_seg014,PD
paper_segment_10x10,0,7,sub-pd5_seg015,PD
paper_segment_10x10,0,1,sub-pd5_seg016,PD
paper_segment_10x10,0,6,sub-pd5_seg017,PD
paper_segment_10x10,0,9,sub-pd5_seg018,PD
paper_segment_10x10,0,9,sub-pd6_seg000,PD
paper_segment_10x10,0,8,sub-pd6_seg001,PD
paper_segment_10x10,0,0,sub-pd6_seg002,PD
paper_segment_10x10,0,0,sub-pd6_seg003,PD
paper_segment_10x10,0,2,sub-pd6_seg004,PD
paper_segment_10x10,0,4,sub-pd6_seg005,PD
paper_segment_10x10,0,9,sub-pd6_seg006,PD
paper_segment_10x10,0,2,sub-pd6_seg007,PD
paper_segment_10x10,0,8,sub-pd6_seg008,PD
paper_segment_10x10,0,9,sub-pd6_seg009,PD
paper_segment_10x10,0,5,sub-pd6_seg010,PD
paper_segment_10x10,0,0,sub-pd6_seg011,PD
paper_segment_10x10,0,0,sub-pd6_seg012,PD
paper_segment_10x10,0,6,sub-pd6_seg013,PD
paper_segment_10x10,0,6,sub-pd6_seg014,PD
paper_segment_10x10,0,3,sub-pd6_seg015,PD
paper_segment_10x10,0,9,sub-pd6_seg016,PD
paper_segment_10x10,0,5,sub-pd6_seg017,PD
paper_segment_10x10,0,7,sub-pd6_seg018,PD
paper_segment_10x10,0,0,sub-pd9_seg000,PD
paper_segment_10x10,0,4,sub-pd9_seg001,PD
paper_segment_10x10,0,6,sub-pd9_seg002,PD
paper_segment_10x10,0,9,sub-pd9_seg003,PD
paper_segment_10x10,0,4,sub-pd9_seg004,PD
paper_segment_10x10,0,6,sub-pd9_seg005,PD
paper_segment_10x10,0,3,sub-pd9_seg006,PD
paper_segment_10x10,0,2,sub-pd9_seg007,PD
paper_segment_10x10,0,4,sub-pd9_seg008,PD
paper_segment_10x10,0,6,sub-pd9_seg009,PD
paper_segment_10x10,0,2,sub-pd9_seg010,PD
paper_segment_10x10,0,5,sub-pd9_seg011,PD
paper_segment_10x10,0,2,sub-pd9_seg012,PD
paper_segment_10x10,0,1,sub-pd9_seg013,PD
paper_segment_10x10,0,0,sub-pd9_seg014,PD
paper_segment_10x10,0,2,sub-pd9_seg015,PD
paper_segment_10x10,0,6,sub-pd9_seg016,PD
paper_segment_10x10,0,1,sub-pd9_seg017,PD
paper_segment_10x10,0,1,sub-pd9_seg018,PD
paper_segment_10x10,0,1,sub-pd12_seg000,PD
paper_segment_10x10,0,7,sub-pd12_seg001,PD
paper_segment_10x10,0,7,sub-pd12_seg002,PD
paper_segment_10x10,0,6,sub-pd12_seg003,PD
paper_segment_10x10,0,1,sub-pd12_seg004,PD
paper_segment_10x10,0,2,sub-pd12_seg005,PD
paper_segment_10x10,0,4,sub-pd12_seg006,PD
paper_segment_10x10,0,7,sub-pd12_seg007,PD
paper_segment_10x10,0,4,sub-pd12_seg008,PD
paper_segment_10x10,0,6,sub-pd12_seg009,PD
paper_segment_10x10,0,3,sub-pd12_seg010,PD
paper_segment_10x10,0,8,sub-pd12_seg011,PD
paper_segment_10x10,0,1,sub-pd12_seg012,PD
paper_segment_10x10,0,5,sub-pd12_seg013,PD
paper_segment_10x10,0,6,sub-pd12_seg014,PD
paper_segment_10x10,0,0,sub-pd12_seg015,PD
paper_segment_10x10,0,5,sub-pd12_seg016,PD
paper_segment_10x10,0,6,sub-pd12_seg017,PD
paper_segment_10x10,0,5,sub-pd12_seg018,PD
paper_segment_10x10,0,6,sub-pd12_seg019,PD
paper_segment_10x10,0,7,sub-pd11_seg000,PD
paper_segment_10x10,0,8,sub-pd11_seg001,PD
paper_segment_10x10,0,8,sub-pd11_seg002,PD
paper_segment_10x10,0,3,sub-pd11_seg003,PD
paper_segment_10x10,0,7,sub-pd11_seg004,PD
paper_segment_10x10,0,2,sub-pd11_seg005,PD
paper_segment_10x10,0,3,sub-pd11_seg006,PD
paper_segment_10x10,0,3,sub-pd11_seg007,PD
paper_segment_10x10,0,3,sub-pd11_seg008,PD
paper_segment_10x10,0,4,sub-pd11_seg009,PD
paper_segment_10x10,0,2,sub-pd11_seg010,PD
paper_segment_10x10,0,2,sub-pd11_seg011,PD
paper_segment_10x10,0,6,sub-pd11_seg012,PD
paper_segment_10x10,0,2,sub-pd11_seg013,PD
paper_segment_10x10,0,9,sub-pd11_seg014,PD
paper_segment_10x10,0,7,sub-pd11_seg015,PD
paper_segment_10x10,0,5,sub-pd11_seg016,PD
paper_segment_10x10,0,4,sub-pd11_seg017,PD
paper_segment_10x10,0,4,sub-pd13_seg000,PD
paper_segment_10x10,0,7,sub-pd13_seg001,PD
paper_segment_10x10,0,2,sub-pd13_seg002,PD
paper_segment_10x10,0,7,sub-pd13_seg003,PD
paper_segment_10x10,0,3,sub-pd13_seg004,PD
paper_segment_10x10,0,5,sub-pd13_seg005,PD
paper_segment_10x10,0,3,sub-pd13_seg006,PD
paper_segment_10x10,0,8,sub-pd13_seg007,PD
paper_segment_10x10,0,7,sub-pd13_seg008,PD
paper_segment_10x10,0,9,sub-pd13_seg009,PD
paper_segment_10x10,0,1,sub-pd13_seg010,PD
paper_segment_10x10,0,9,sub-pd13_seg011,PD
paper_segment_10x10,0,1,sub-pd13_seg012,PD
paper_segment_10x10,0,7,sub-pd13_seg013,PD
paper_segment_10x10,0,5,sub-pd13_seg014,PD
paper_segment_10x10,0,2,sub-pd13_seg015,PD
paper_segment_10x10,0,3,sub-pd13_seg016,PD
paper_segment_10x10,0,5,sub-pd13_seg017,PD
paper_segment_10x10,0,6,sub-pd14_seg000,PD
paper_segment_10x10,0,1,sub-pd14_seg001,PD
paper_segment_10x10,0,8,sub-pd14_seg002,PD
paper_segment_10x10,0,8,sub-pd14_seg003,PD
paper_segment_10x10,0,4,sub-pd14_seg004,PD
paper_segment_10x10,0,7,sub-pd14_seg005,PD
paper_segment_10x10,0,4,sub-pd14_seg006,PD
paper_segment_10x10,0,8,sub-pd14_seg007,PD
paper_segment_10x10,0,3,sub-pd14_seg008,PD
paper_segment_10x10,0,7,sub-pd14_seg009,PD
paper_segment_10x10,0,2,sub-pd14_seg010,PD
paper_segment_10x10,0,5,sub-pd14_seg011,PD
paper_segment_10x10,0,3,sub-pd14_seg012,PD
paper_segment_10x10,0,6,sub-pd14_seg013,PD
paper_segment_10x10,0,0,sub-pd14_seg014,PD
paper_segment_10x10,0,7,sub-pd14_seg015,PD
paper_segment_10x10,0,9,sub-pd14_seg016,PD
paper_segment_10x10,0,9,sub-pd14_seg017,PD
paper_segment_10x10,0,3,sub-pd14_seg018,PD
paper_segment_10x10,0,3,sub-pd14_seg019,PD
paper_segment_10x10,0,4,sub-pd14_seg020,PD
paper_segment_10x10,0,3,sub-pd14_seg021,PD
paper_segment_10x10,0,2,sub-pd14_seg022,PD
paper_segment_10x10,0,1,sub-pd14_seg023,PD
paper_segment_10x10,0,7,sub-pd14_seg024,PD
paper_segment_10x10,0,2,sub-pd14_seg025,PD
paper_segment_10x10,0,1,sub-pd14_seg026,PD
paper_segment_10x10,0,4,sub-pd14_seg027,PD
paper_segment_10x10,0,0,sub-pd14_seg028,PD
paper_segment_10x10,0,7,sub-pd16_seg000,PD
paper_segment_10x10,0,5,sub-pd16_seg001,PD
paper_segment_10x10,0,9,sub-pd16_seg002,PD
paper_segment_10x10,0,8,sub-pd16_seg003,PD
paper_segment_10x10,0,8,sub-pd16_seg004,PD
paper_segment_10x10,0,4,sub-pd16_seg005,PD
paper_segment_10x10,0,4,sub-pd16_seg006,PD
paper_segment_10x10,0,8,sub-pd16_seg007,PD
paper_segment_10x10,0,0,sub-pd16_seg008,PD
paper_segment_10x10,0,2,sub-pd16_seg009,PD
paper_segment_10x10,0,4,sub-pd16_seg010,PD
paper_segment_10x10,0,8,sub-pd16_seg011,PD
paper_segment_10x10,0,3,sub-pd16_seg012,PD
paper_segment_10x10,0,5,sub-pd16_seg013,PD
paper_segment_10x10,0,0,sub-pd16_seg014,PD
paper_segment_10x10,0,5,sub-pd16_seg015,PD
paper_segment_10x10,0,6,sub-pd16_seg016,PD
paper_segment_10x10,0,3,sub-pd16_seg017,PD
paper_segment_10x10,0,3,sub-pd17_seg000,PD
paper_segment_10x10,0,0,sub-pd17_seg001,PD
paper_segment_10x10,0,5,sub-pd17_seg002,PD
paper_segment_10x10,0,1,sub-pd17_seg003,PD
paper_segment_10x10,0,1,sub-pd17_seg004,PD
paper_segment_10x10,0,7,sub-pd17_seg005,PD
paper_segment_10x10,0,1,sub-pd17_seg006,PD
paper_segment_10x10,0,3,sub-pd17_seg007,PD
paper_segment_10x10,0,8,sub-pd17_seg008,PD
paper_segment_10x10,0,9,sub-pd17_seg009,PD
paper_segment_10x10,0,5,sub-pd17_seg010,PD
paper_segment_10x10,0,3,sub-pd17_seg011,PD
paper_segment_10x10,0,1,sub-pd17_seg012,PD
paper_segment_10x10,0,4,sub-pd17_seg013,PD
paper_segment_10x10,0,2,sub-pd17_seg014,PD
paper_segment_10x10,0,6,sub-pd17_seg015,PD
paper_segment_10x10,0,0,sub-pd17_seg016,PD
paper_segment_10x10,0,0,sub-pd17_seg017,PD
paper_segment_10x10,0,2,sub-pd19_seg000,PD
paper_segment_10x10,0,8,sub-pd19_seg001,PD
paper_segment_10x10,0,8,sub-pd19_seg002,PD
paper_segment_10x10,0,8,sub-pd19_seg003,PD
paper_segment_10x10,0,8,sub-pd19_seg004,PD
paper_segment_10x10,0,8,sub-pd19_seg005,PD
paper_segment_10x10,0,1,sub-pd19_seg006,PD
paper_segment_10x10,0,7,sub-pd19_seg007,PD
paper_segment_10x10,0,4,sub-pd19_seg008,PD
paper_segment_10x10,0,9,sub-pd19_seg009,PD
paper_segment_10x10,0,1,sub-pd19_seg010,PD
paper_segment_10x10,0,9,sub-pd19_seg011,PD
paper_segment_10x10,0,9,sub-pd19_seg012,PD
paper_segment_10x10,0,8,sub-pd19_seg013,PD
paper_segment_10x10,0,7,sub-pd19_seg014,PD
paper_segment_10x10,0,5,sub-pd19_seg015,PD
paper_segment_10x10,0,4,sub-pd19_seg016,PD
paper_segment_10x10,0,5,sub-pd19_seg017,PD
paper_segment_10x10,0,2,sub-pd22_seg000,PD
paper_segment_10x10,0,1,sub-pd22_seg001,PD
paper_segment_10x10,0,9,sub-pd22_seg002,PD
paper_segment_10x10,0,1,sub-pd22_seg003,PD
paper_segment_10x10,0,1,sub-pd22_seg004,PD
paper_segment_10x10,0,2,sub-pd22_seg005,PD
paper_segment_10x10,0,6,sub-pd22_seg006,PD
paper_segment_10x10,0,9,sub-pd22_seg007,PD
paper_segment_10x10,0,8,sub-pd22_seg008,PD
paper_segment_10x10,0,7,sub-pd22_seg009,PD
paper_segment_10x10,0,1,sub-pd22_seg010,PD
paper_segment_10x10,0,5,sub-pd22_seg011,PD
paper_segment_10x10,0,1,sub-pd22_seg012,PD
paper_segment_10x10,0,8,sub-pd22_seg013,PD
paper_segment_10x10,0,5,sub-pd22_seg014,PD
paper_segment_10x10,0,8,sub-pd22_seg015,PD
paper_segment_10x10,0,1,sub-pd22_seg016,PD
paper_segment_10x10,0,3,sub-pd22_seg017,PD
paper_segment_10x10,0,0,sub-pd23_seg000,PD
paper_segment_10x10,0,9,sub-pd23_seg001,PD
paper_segment_10x10,0,8,sub-pd23_seg002,PD
paper_segment_10x10,0,1,sub-pd23_seg003,PD
paper_segment_10x10,0,7,sub-pd23_seg004,PD
paper_segment_10x10,0,6,sub-pd23_seg005,PD
paper_segment_10x10,0,9,sub-pd23_seg006,PD
paper_segment_10x10,0,1,sub-pd23_seg007,PD
paper_segment_10x10,0,2,sub-pd23_seg008,PD
paper_segment_10x10,0,0,sub-pd23_seg009,PD
paper_segment_10x10,0,5,sub-pd23_seg010,PD
paper_segment_10x10,0,3,sub-pd23_seg011,PD
paper_segment_10x10,0,5,sub-pd23_seg012,PD
paper_segment_10x10,0,0,sub-pd23_seg013,PD
paper_segment_10x10,0,4,sub-pd23_seg014,PD
paper_segment_10x10,0,6,sub-pd23_seg015,PD
paper_segment_10x10,0,8,sub-pd23_seg016,PD
paper_segment_10x10,0,7,sub-pd23_seg017,PD
paper_segment_10x10,0,9,sub-pd23_seg018,PD
paper_segment_10x10,0,0,sub-pd23_seg019,PD
paper_segment_10x10,0,0,sub-pd26_seg000,PD
paper_segment_10x10,0,4,sub-pd26_seg001,PD
paper_segment_10x10,0,2,sub-pd26_seg002,PD
paper_segment_10x10,0,4,sub-pd26_seg003,PD
paper_segment_10x10,0,9,sub-pd26_seg004,PD
paper_segment_10x10,0,7,sub-pd26_seg005,PD
paper_segment_10x10,0,0,sub-pd26_seg006,PD
paper_segment_10x10,0,7,sub-pd26_seg007,PD
paper_segment_10x10,0,6,sub-pd26_seg008,PD
paper_segment_10x10,0,4,sub-pd26_seg009,PD
paper_segment_10x10,0,2,sub-pd26_seg010,PD
paper_segment_10x10,0,0,sub-pd26_seg011,PD
paper_segment_10x10,0,9,sub-pd26_seg012,PD
paper_segment_10x10,0,2,sub-pd26_seg013,PD
paper_segment_10x10,0,4,sub-pd26_seg014,PD
paper_segment_10x10,0,5,sub-pd26_seg015,PD
paper_segment_10x10,0,2,sub-pd26_seg016,PD
paper_segment_10x10,0,8,sub-pd26_seg017,PD
paper_segment_10x10,0,9,sub-pd26_seg018,PD
paper_segment_10x10,0,4,sub-pd28_seg000,PD
paper_segment_10x10,0,6,sub-pd28_seg001,PD
paper_segment_10x10,0,6,sub-pd28_seg002,PD
paper_segment_10x10,0,3,sub-pd28_seg003,PD
paper_segment_10x10,0,0,sub-pd28_seg004,PD
paper_segment_10x10,0,3,sub-pd28_seg005,PD
paper_segment_10x10,0,5,sub-pd28_seg006,PD
paper_segment_10x10,0,3,sub-pd28_seg007,PD
paper_segment_10x10,0,0,sub-pd28_seg008,PD
paper_segment_10x10,0,2,sub-pd28_seg009,PD
paper_segment_10x10,0,3,sub-pd28_seg010,PD
paper_segment_10x10,0,7,sub-pd28_seg011,PD
paper_segment_10x10,0,0,sub-pd28_seg012,PD
paper_segment_10x10,0,6,sub-pd28_seg013,PD
paper_segment_10x10,0,5,sub-pd28_seg014,PD
paper_segment_10x10,0,3,sub-pd28_seg015,PD
paper_segment_10x10,0,2,sub-pd28_seg016,PD
paper_segment_10x10,0,1,sub-pd28_seg017,PD
paper_segment_10x10,0,9,sub-pd28_seg018,PD
paper_segment_10x10,0,6,sub-pd28_seg019,PD
paper_segment_10x10,1,3,sub-hc1_seg000,HC
paper_segment_10x10,1,7,sub-hc1_seg001,HC
paper_segment_10x10,1,9,sub-hc1_seg002,HC
paper_segment_10x10,1,6,sub-hc1_seg003,HC
paper_segment_10x10,1,0,sub-hc1_seg004,HC
paper_segment_10x10,1,4,sub-hc1_seg005,HC
paper_segment_10x10,1,1,sub-hc1_seg006,HC
paper_segment_10x10,1,2,sub-hc1_seg007,HC
paper_segment_10x10,1,0,sub-hc1_seg008,HC
paper_segment_10x10,1,4,sub-hc1_seg009,HC
paper_segment_10x10,1,4,sub-hc1_seg010,HC
paper_segment_10x10,1,9,sub-hc1_seg011,HC
paper_segment_10x10,1,1,sub-hc1_seg012,HC
paper_segment_10x10,1,9,sub-hc1_seg013,HC
paper_segment_10x10,1,2,sub-hc1_seg014,HC
paper_segment_10x10,1,7,sub-hc1_seg015,HC
paper_segment_10x10,1,5,sub-hc1_seg016,HC
paper_segment_10x10,1,5,sub-hc1_seg017,HC
paper_segment_10x10,1,4,sub-hc1_seg018,HC
paper_segment_10x10,1,6,sub-hc2_seg000,HC
paper_segment_10x10,1,9,sub-hc2_seg001,HC
paper_segment_10x10,1,5,sub-hc2_seg002,HC
paper_segment_10x10,1,5,sub-hc2_seg003,HC
paper_segment_10x10,1,9,sub-hc2_seg004,HC
paper_segment_10x10,1,9,sub-hc2_seg005,HC
paper_segment_10x10,1,6,sub-hc2_seg006,HC
paper_segment_10x10,1,0,sub-hc2_seg007,HC
paper_segment_10x10,1,8,sub-hc2_seg008,HC
paper_segment_10x10,1,9,sub-hc2_seg009,HC
paper_segment_10x10,1,9,sub-hc2_seg010,HC
paper_segment_10x10,1,3,sub-hc2_seg011,HC
paper_segment_10x10,1,3,sub-hc2_seg012,HC
paper_segment_10x10,1,8,sub-hc2_seg013,HC
paper_segment_10x10,1,6,sub-hc2_seg014,HC
paper_segment_10x10,1,3,sub-hc2_seg015,HC
paper_segment_10x10,1,8,sub-hc2_seg016,HC
paper_segment_10x10,1,2,sub-hc2_seg017,HC
paper_segment_10x10,1,3,sub-hc2_seg018,HC
paper_segment_10x10,1,1,sub-hc4_seg000,HC
paper_segment_10x10,1,8,sub-hc4_seg001,HC
paper_segment_10x10,1,0,sub-hc4_seg002,HC
paper_segment_10x10,1,3,sub-hc4_seg003,HC
paper_segment_10x10,1,7,sub-hc4_seg004,HC
paper_segment_10x10,1,3,sub-hc4_seg005,HC
paper_segment_10x10,1,7,sub-hc4_seg006,HC
paper_segment_10x10,1,2,sub-hc4_seg007,HC
paper_segment_10x10,1,9,sub-hc4_seg008,HC
paper_segment_10x10,1,7,sub-hc4_seg009,HC
paper_segment_10x10,1,0,sub-hc4_seg010,HC
paper_segment_10x10,1,0,sub-hc4_seg011,HC
paper_segment_10x10,1,6,sub-hc4_seg012,HC
paper_segment_10x10,1,3,sub-hc4_seg013,HC
paper_segment_10x10,1,6,sub-hc4_seg014,HC
paper_segment_10x10,1,7,sub-hc4_seg015,HC
paper_segment_10x10,1,4,sub-hc4_seg016,HC
paper_segment_10x10,1,0,sub-hc4_seg017,HC
paper_segment_10x10,1,9,sub-hc7_seg000,HC
paper_segment_10x10,1,3,sub-hc7_seg001,HC
paper_segment_10x10,1,1,sub-hc7_seg002,HC
paper_segment_10x10,1,8,sub-hc7_seg003,HC
paper_segment_10x10,1,1,sub-hc7_seg004,HC
paper_segment_10x10,1,5,sub-hc7_seg005,HC
paper_segment_10x10,1,8,sub-hc7_seg006,HC
paper_segment_10x10,1,3,sub-hc7_seg007,HC
paper_segment_10x10,1,2,sub-hc7_seg008,HC
paper_segment_10x10,1,6,sub-hc7_seg009,HC
paper_segment_10x10,1,1,sub-hc7_seg010,HC
paper_segment_10x10,1,0,sub-hc7_seg011,HC
paper_segment_10x10,1,2,sub-hc7_seg012,HC
paper_segment_10x10,1,2,sub-hc7_seg013,HC
paper_segment_10x10,1,6,sub-hc7_seg014,HC
paper_segment_10x10,1,8,sub-hc7_seg015,HC
paper_segment_10x10,1,2,sub-hc7_seg016,HC
paper_segment_10x10,1,7,sub-hc7_seg017,HC
paper_segment_10x10,1,7,sub-hc7_seg018,HC
paper_segment_10x10,1,8,sub-hc8_seg000,HC
paper_segment_10x10,1,3,sub-hc8_seg001,HC
paper_segment_10x10,1,7,sub-hc8_seg002,HC
paper_segment_10x10,1,5,sub-hc8_seg003,HC
paper_segment_10x10,1,1,sub-hc8_seg004,HC
paper_segment_10x10,1,4,sub-hc8_seg005,HC
paper_segment_10x10,1,0,sub-hc8_seg006,HC
paper_segment_10x10,1,0,sub-hc8_seg007,HC
paper_segment_10x10,1,4,sub-hc8_seg008,HC
paper_segment_10x10,1,7,sub-hc8_seg009,HC
paper_segment_10x10,1,5,sub-hc8_seg010,HC
paper_segment_10x10,1,4,sub-hc8_seg011,HC
paper_segment_10x10,1,7,sub-hc8_seg012,HC
paper_segment_10x10,1,7,sub-hc8_seg013,HC
paper_segment_10x10,1,2,sub-hc8_seg014,HC
paper_segment_10x10,1,1,sub-hc8_seg015,HC
paper_segment_10x10,1,9,sub-hc8_seg016,HC
paper_segment_10x10,1,2,sub-hc8_seg017,HC
paper_segment_10x10,1,4,sub-hc8_seg018,HC
paper_segment_10x10,1,8,sub-hc10_seg000,HC
paper_segment_10x10,1,1,sub-hc10_seg001,HC
paper_segment_10x10,1,0,sub-hc10_seg002,HC
paper_segment_10x10,1,1,sub-hc10_seg003,HC
paper_segment_10x10,1,6,sub-hc10_seg004,HC
paper_segment_10x10,1,4,sub-hc10_seg005,HC
paper_segment_10x10,1,4,sub-hc10_seg006,HC
paper_segment_10x10,1,9,sub-hc10_seg007,HC
paper_segment_10x10,1,3,sub-hc10_seg008,HC
paper_segment_10x10,1,0,sub-hc10_seg009,HC
paper_segment_10x10,1,6,sub-hc10_seg010,HC
paper_segment_10x10,1,5,sub-hc10_seg011,HC
paper_segment_10x10,1,9,sub-hc10_seg012,HC
paper_segment_10x10,1,4,sub-hc10_seg013,HC
paper_segment_10x10,1,8,sub-hc10_seg014,HC
paper_segment_10x10,1,4,sub-hc10_seg015,HC
paper_segment_10x10,1,2,sub-hc10_seg016,HC
paper_segment_10x10,1,2,sub-hc10_seg017,HC
paper_segment_10x10,1,1,sub-hc10_seg018,HC
paper_segment_10x10,1,9,sub-hc10_seg019,HC
paper_segment_10x10,1,7,sub-hc18_seg000,HC
paper_segment_10x10,1,1,sub-hc18_seg001,HC
paper_segment_10x10,1,0,sub-hc18_seg002,HC
paper_segment_10x10,1,5,sub-hc18_seg003,HC
paper_segment_10x10,1,9,sub-hc18_seg004,HC
paper_segment_10x10,1,6,sub-hc18_seg005,HC
paper_segment_10x10,1,6,sub-hc18_seg006,HC
paper_segment_10x10,1,7,sub-hc18_seg007,HC
paper_segment_10x10,1,8,sub-hc18_seg008,HC
paper_segment_10x10,1,1,sub-hc18_seg009,HC
paper_segment_10x10,1,9,sub-hc18_seg010,HC
paper_segment_10x10,1,7,sub-hc18_seg011,HC
paper_segment_10x10,1,2,sub-hc18_seg012,HC
paper_segment_10x10,1,3,sub-hc18_seg013,HC
paper_segment_10x10,1,2,sub-hc18_seg014,HC
paper_segment_10x10,1,5,sub-hc18_seg015,HC
paper_segment_10x10,1,4,sub-hc18_seg016,HC
paper_segment_10x10,1,8,sub-hc18_seg017,HC
paper_segment_10x10,1,0,sub-hc20_seg000,HC
paper_segment_10x10,1,6,sub-hc20_seg001,HC
paper_segment_10x10,1,0,sub-hc20_seg002,HC
paper_segment_10x10,1,1,sub-hc20_seg003,HC
paper_segment_10x10,1,8,sub-hc20_seg004,HC
paper_segment_10x10,1,8,sub-hc20_seg005,HC
paper_segment_10x10,1,4,sub-hc20_seg006,HC
paper_segment_10x10,1,0,sub-hc20_seg007,HC
paper_segment_10x10,1,4,sub-hc20_seg008,HC
paper_segment_10x10,1,5,sub-hc20_seg009,HC
paper_segment_10x10,1,6,sub-hc20_seg010,HC
paper_segment_10x10,1,4,sub-hc20_seg011,HC
paper_segment_10x10,1,7,sub-hc20_seg012,HC
paper_segment_10x10,1,7,sub-hc20_seg013,HC
paper_segment_10x10,1,6,sub-hc20_seg014,HC
paper_segment_10x10,1,5,sub-hc20_seg015,HC
paper_segment_10x10,1,4,sub-hc20_seg016,HC
paper_segment_10x10,1,9,sub-hc20_seg017,HC
paper_segment_10x10,1,4,sub-hc21_seg000,HC
paper_segment_10x10,1,8,sub-hc21_seg001,HC
paper_segment_10x10,1,0,sub-hc21_seg002,HC
paper_segment_10x10,1,1,sub-hc21_seg003,HC
paper_segment_10x10,1,1,sub-hc21_seg004,HC
paper_segment_10x10,1,7,sub-hc21_seg005,HC
paper_segment_10x10,1,5,sub-hc21_seg006,HC
paper_segment_10x10,1,6,sub-hc21_seg007,HC
paper_segment_10x10,1,4,sub-hc21_seg008,HC
paper_segment_10x10,1,1,sub-hc21_seg009,HC
paper_segment_10x10,1,8,sub-hc21_seg010,HC
paper_segment_10x10,1,7,sub-hc21_seg011,HC
paper_segment_10x10,1,0,sub-hc21_seg012,HC
paper_segment_10x10,1,9,sub-hc21_seg013,HC
paper_segment_10x10,1,5,sub-hc21_seg014,HC
paper_segment_10x10,1,6,sub-hc21_seg015,HC
paper_segment_10x10,1,2,sub-hc21_seg016,HC
paper_segment_10x10,1,1,sub-hc21_seg017,HC
paper_segment_10x10,1,3,sub-hc24_seg000,HC
paper_segment_10x10,1,6,sub-hc24_seg001,HC
paper_segment_10x10,1,1,sub-hc24_seg002,HC
paper_segment_10x10,1,4,sub-hc24_seg003,HC
paper_segment_10x10,1,5,sub-hc24_seg004,HC
paper_segment_10x10,1,5,sub-hc24_seg005,HC
paper_segment_10x10,1,9,sub-hc24_seg006,HC
paper_segment_10x10,1,3,sub-hc24_seg007,HC
paper_segment_10x10,1,8,sub-hc24_seg008,HC
paper_segment_10x10,1,0,sub-hc24_seg009,HC
paper_segment_10x10,1,3,sub-hc24_seg010,HC
paper_segment_10x10,1,2,sub-hc24_seg011,HC
paper_segment_10x10,1,6,sub-hc24_seg012,HC
paper_segment_10x10,1,9,sub-hc24_seg013,HC
paper_segment_10x10,1,3,sub-hc24_seg014,HC
paper_segment_10x10,1,7,sub-hc24_seg015,HC
paper_segment_10x10,1,2,sub-hc24_seg016,HC
paper_segment_10x10,1,3,sub-hc24_seg017,HC
paper_segment_10x10,1,7,sub-hc24_seg018,HC
paper_segment_10x10,1,0,sub-hc25_seg000,HC
paper_segment_10x10,1,0,sub-hc25_seg001,HC
paper_segment_10x10,1,9,sub-hc25_seg002,HC
paper_segment_10x10,1,6,sub-hc25_seg003,HC
paper_segment_10x10,1,6,sub-hc25_seg004,HC
paper_segment_10x10,1,7,sub-hc25_seg005,HC
paper_segment_10x10,1,5,sub-hc25_seg006,HC
paper_segment_10x10,1,0,sub-hc25_seg007,HC
paper_segment_10x10,1,1,sub-hc25_seg008,HC
paper_segment_10x10,1,0,sub-hc25_seg009,HC
paper_segment_10x10,1,9,sub-hc25_seg010,HC
paper_segment_10x10,1,2,sub-hc25_seg011,HC
paper_segment_10x10,1,2,sub-hc25_seg012,HC
paper_segment_10x10,1,9,sub-hc25_seg013,HC
paper_segment_10x10,1,0,sub-hc25_seg014,HC
paper_segment_10x10,1,0,sub-hc25_seg015,HC
paper_segment_10x10,1,8,sub-hc25_seg016,HC
paper_segment_10x10,1,3,sub-hc25_seg017,HC
paper_segment_10x10,1,2,sub-hc25_seg018,HC
paper_segment_10x10,1,1,sub-hc25_seg019,HC
paper_segment_10x10,1,5,sub-hc29_seg000,HC
paper_segment_10x10,1,9,sub-hc29_seg001,HC
paper_segment_10x10,1,7,sub-hc29_seg002,HC
paper_segment_10x10,1,3,sub-hc29_seg003,HC
paper_segment_10x10,1,1,sub-hc29_seg004,HC
paper_segment_10x10,1,7,sub-hc29_seg005,HC
paper_segment_10x10,1,1,sub-hc29_seg006,HC
paper_segment_10x10,1,8,sub-hc29_seg007,HC
paper_segment_10x10,1,0,sub-hc29_seg008,HC
paper_segment_10x10,1,0,sub-hc29_seg009,HC
paper_segment_10x10,1,8,sub-hc29_seg010,HC
paper_segment_10x10,1,2,sub-hc29_seg011,HC
paper_segment_10x10,1,7,sub-hc29_seg012,HC
paper_segment_10x10,1,2,sub-hc29_seg013,HC
paper_segment_10x10,1,2,sub-hc29_seg014,HC
paper_segment_10x10,1,3,sub-hc29_seg015,HC
paper_segment_10x10,1,1,sub-hc29_seg016,HC
paper_segment_10x10,1,3,sub-hc29_seg017,HC
paper_segment_10x10,1,5,sub-hc29_seg018,HC
paper_segment_10x10,1,9,sub-hc30_seg000,HC
paper_segment_10x10,1,4,sub-hc30_seg001,HC
paper_segment_10x10,1,2,sub-hc30_seg002,HC
paper_segment_10x10,1,9,sub-hc30_seg003,HC
paper_segment_10x10,1,1,sub-hc30_seg004,HC
paper_segment_10x10,1,1,sub-hc30_seg005,HC
paper_segment_10x10,1,7,sub-hc30_seg006,HC
paper_segment_10x10,1,8,sub-hc30_seg007,PD
paper_segment_10x10,1,3,sub-hc30_seg008,HC
paper_segment_10x10,1,0,sub-hc30_seg009,HC
paper_segment_10x10,1,5,sub-hc30_seg010,HC
paper_segment_10x10,1,9,sub-hc30_seg011,HC
paper_segment_10x10,1,8,sub-hc30_seg012,HC
paper_segment_10x10,1,4,sub-hc30_seg013,HC
paper_segment_10x10,1,1,sub-hc30_seg014,HC
paper_segment_10x10,1,7,sub-hc30_seg015,HC
paper_segment_10x10,1,6,sub-hc30_seg016,HC
paper_segment_10x10,1,4,sub-hc30_seg017,HC
paper_segment_10x10,1,8,sub-hc31_seg000,HC
paper_segment_10x10,1,8,sub-hc31_seg001,HC
paper_segment_10x10,1,3,sub-hc31_seg002,HC
paper_segment_10x10,1,4,sub-hc31_seg003,HC
paper_segment_10x10,1,5,sub-hc31_seg004,HC
paper_segment_10x10,1,8,sub-hc31_seg005,HC
paper_segment_10x10,1,6,sub-hc31_seg006,HC
paper_segment_10x10,1,5,sub-hc31_seg007,HC
paper_segment_10x10,1,1,sub-hc31_seg008,HC
paper_segment_10x10,1,5,sub-hc31_seg009,HC
paper_segment_10x10,1,5,sub-hc31_seg010,HC
paper_segment_10x10,1,2,sub-hc31_seg011,HC
paper_segment_10x10,1,4,sub-hc31_seg012,HC
paper_segment_10x10,1,5,sub-hc31_seg013,HC
paper_segment_10x10,1,8,sub-hc31_seg014,HC
paper_segment_10x10,1,0,sub-hc31_seg015,HC
paper_segment_10x10,1,6,sub-hc31_seg016,HC
paper_segment_10x10,1,9,sub-hc31_seg017,HC
paper_segment_10x10,1,6,sub-hc32_seg000,HC
paper_segment_10x10,1,4,sub-hc32_seg001,HC
paper_segment_10x10,1,8,sub-hc32_seg002,HC
paper_segment_10x10,1,4,sub-hc32_seg003,HC
paper_segment_10x10,1,5,sub-hc32_seg004,HC
paper_segment_10x10,1,6,sub-hc32_seg005,HC
paper_segment_10x10,1,1,sub-hc32_seg006,HC
paper_segment_10x10,1,4,sub-hc32_seg007,HC
paper_segment_10x10,1,6,sub-hc32_seg008,HC
paper_segment_10x10,1,2,sub-hc32_seg009,HC
paper_segment_10x10,1,2,sub-hc32_seg010,HC
paper_segment_10x10,1,2,sub-hc32_seg011,HC
paper_segment_10x10,1,6,sub-hc32_seg012,HC
paper_segment_10x10,1,9,sub-hc32_seg013,HC
paper_segment_10x10,1,3,sub-hc32_seg014,HC
paper_segment_10x10,1,5,sub-hc32_seg015,HC
paper_segment_10x10,1,7,sub-hc32_seg016,HC
paper_segment_10x10,1,0,sub-hc32_seg017,HC
paper_segment_10x10,1,8,sub-hc32_seg018,HC
paper_segment_10x10,1,8,sub-hc33_seg000,HC
paper_segment_10x10,1,8,sub-hc33_seg001,HC
paper_segment_10x10,1,7,sub-hc33_seg002,HC
paper_segment_10x10,1,1,sub-hc33_seg003,HC
paper_segment_10x10,1,2,sub-hc33_seg004,HC
paper_segment_10x10,1,5,sub-hc33_seg005,HC
paper_segment_10x10,1,6,sub-hc33_seg006,HC
paper_segment_10x10,1,3,sub-hc33_seg007,HC
paper_segment_10x10,1,3,sub-hc33_seg008,HC
paper_segment_10x10,1,6,sub-hc33_seg009,HC
paper_segment_10x10,1,3,sub-hc33_seg010,HC
paper_segment_10x10,1,3,sub-hc33_seg011,HC
paper_segment_10x10,1,3,sub-hc33_seg012,HC
paper_segment_10x10,1,9,sub-hc33_seg013,HC
paper_segment_10x10,1,4,sub-hc33_seg014,HC
paper_segment_10x10,1,2,sub-hc33_seg015,HC
paper_segment_10x10,1,7,sub-hc33_seg016,HC
paper_segment_10x10,1,5,sub-hc33_seg017,HC
paper_segment_10x10,1,5,sub-hc33_seg018,HC
paper_segment_10x10,1,5,sub-pd3_seg000,PD
paper_segment_10x10,1,9,sub-pd3_seg001,PD
paper_segment_10x10,1,0,sub-pd3_seg002,PD
paper_segment_10x10,1,9,sub-pd3_seg003,PD
paper_segment_10x10,1,0,sub-pd3_seg004,PD
paper_segment_10x10,1,0,sub-pd3_seg005,PD
paper_segment_10x10,1,4,sub-pd3_seg006,PD
paper_segment_10x10,1,8,sub-pd3_seg007,PD
paper_segment_10x10,1,3,sub-pd3_seg008,PD
paper_segment_10x10,1,4,sub-pd3_seg009,PD
paper_segment_10x10,1,3,sub-pd3_seg010,PD
paper_segment_10x10,1,3,sub-pd3_seg011,PD
paper_segment_10x10,1,2,sub-pd3_seg012,PD
paper_segment_10x10,1,1,sub-pd3_seg013,PD
paper_segment_10x10,1,1,sub-pd3_seg014,PD
paper_segment_10x10,1,4,sub-pd3_seg015,PD
paper_segment_10x10,1,9,sub-pd3_seg016,PD
paper_segment_10x10,1,4,sub-pd3_seg017,PD
paper_segment_10x10,1,9,sub-pd3_seg018,PD
paper_segment_10x10,1,1,sub-pd3_seg019,PD
paper_segment_10x10,1,1,sub-pd5_seg000,PD
paper_segment_10x10,1,7,sub-pd5_seg001,PD
paper_segment_10x10,1,8,sub-pd5_seg002,PD
paper_segment_10x10,1,9,sub-pd5_seg003,PD
paper_segment_10x10,1,2,sub-pd5_seg004,PD
paper_segment_10x10,1,2,sub-pd5_seg005,PD
paper_segment_10x10,1,6,sub-pd5_seg006,PD
paper_segment_10x10,1,0,sub-pd5_seg007,PD
paper_segment_10x10,1,0,sub-pd5_seg008,PD
paper_segment_10x10,1,9,sub-pd5_seg009,PD
paper_segment_10x10,1,5,sub-pd5_seg010,PD
paper_segment_10x10,1,0,sub-pd5_seg011,PD
paper_segment_10x10,1,3,sub-pd5_seg012,PD
paper_segment_10x10,1,8,sub-pd5_seg013,PD
paper_segment_10x10,1,6,sub-pd5_seg014,PD
paper_segment_10x10,1,8,sub-pd5_seg015,PD
paper_segment_10x10,1,9,sub-pd5_seg016,PD
paper_segment_10x10,1,4,sub-pd5_seg017,PD
paper_segment_10x10,1,5,sub-pd5_seg018,PD
paper_segment_10x10,1,8,sub-pd6_seg000,PD
paper_segment_10x10,1,4,sub-pd6_seg001,PD
paper_segment_10x10,1,0,sub-pd6_seg002,PD
paper_segment_10x10,1,1,sub-pd6_seg003,PD
paper_segment_10x10,1,1,sub-pd6_seg004,PD
paper_segment_10x10,1,5,sub-pd6_seg005,PD
paper_segment_10x10,1,2,sub-pd6_seg006,PD
paper_segment_10x10,1,5,sub-pd6_seg007,PD
paper_segment_10x10,1,2,sub-pd6_seg008,PD
paper_segment_10x10,1,7,sub-pd6_seg009,PD
paper_segment_10x10,1,1,sub-pd6_seg010,PD
paper_segment_10x10,1,8,sub-pd6_seg011,PD
paper_segment_10x10,1,1,sub-pd6_seg012,PD
paper_segment_10x10,1,4,sub-pd6_seg013,PD
paper_segment_10x10,1,1,sub-pd6_seg014,PD
paper_segment_10x10,1,1,sub-pd6_seg015,PD
paper_segment_10x10,1,1,sub-pd6_seg016,PD
paper_segment_10x10,1,2,sub-pd6_seg017,PD
paper_segment_10x10,1,6,sub-pd6_seg018,PD
paper_segment_10x10,1,1,sub-pd9_seg000,PD
paper_segment_10x10,1,5,sub-pd9_seg001,PD
paper_segment_10x10,1,8,sub-pd9_seg002,PD
paper_segment_10x10,1,1,sub-pd9_seg003,PD
paper_segment_10x10,1,6,sub-pd9_seg004,PD
paper_segment_10x10,1,3,sub-pd9_seg005,PD
paper_segment_10x10,1,8,sub-pd9_seg006,PD
paper_segment_10x10,1,7,sub-pd9_seg007,PD
paper_segment_10x10,1,3,sub-pd9_seg008,PD
paper_segment_10x10,1,7,sub-pd9_seg009,PD
paper_segment_10x10,1,9,sub-pd9_seg010,PD
paper_segment_10x10,1,0,sub-pd9_seg011,PD
paper_segment_10x10,1,1,sub-pd9_seg012,PD
paper_segment_10x10,1,2,sub-pd9_seg013,PD
paper_segment_10x10,1,1,sub-pd9_seg014,PD
paper_segment_10x10,1,9,sub-pd9_seg015,PD
paper_segment_10x10,1,5,sub-pd9_seg016,PD
paper_segment_10x10,1,1,sub-pd9_seg017,PD
paper_segment_10x10,1,9,sub-pd9_seg018,PD
paper_segment_10x10,1,3,sub-pd12_seg000,PD
paper_segment_10x10,1,0,sub-pd12_seg001,PD
paper_segment_10x10,1,5,sub-pd12_seg002,PD
paper_segment_10x10,1,8,sub-pd12_seg003,PD
paper_segment_10x10,1,2,sub-pd12_seg004,PD
paper_segment_10x10,1,7,sub-pd12_seg005,PD
paper_segment_10x10,1,8,sub-pd12_seg006,PD
paper_segment_10x10,1,1,sub-pd12_seg007,PD
paper_segment_10x10,1,6,sub-pd12_seg008,PD
paper_segment_10x10,1,7,sub-pd12_seg009,PD
paper_segment_10x10,1,0,sub-pd12_seg010,PD
paper_segment_10x10,1,7,sub-pd12_seg011,PD
paper_segment_10x10,1,7,sub-pd12_seg012,PD
paper_segment_10x10,1,0,sub-pd12_seg013,PD
paper_segment_10x10,1,0,sub-pd12_seg014,PD
paper_segment_10x10,1,4,sub-pd12_seg015,PD
paper_segment_10x10,1,6,sub-pd12_seg016,PD
paper_segment_10x10,1,7,sub-pd12_seg017,PD
paper_segment_10x10,1,8,sub-pd12_seg018,PD
paper_segment_10x10,1,6,sub-pd12_seg019,PD
paper_segment_10x10,1,0,sub-pd11_seg000,PD
paper_segment_10x10,1,2,sub-pd11_seg001,PD
paper_segment_10x10,1,5,sub-pd11_seg002,PD
paper_segment_10x10,1,4,sub-pd11_seg003,PD
paper_segment_10x10,1,6,sub-pd11_seg004,PD
paper_segment_10x10,1,0,sub-pd11_seg005,PD
paper_segment_10x10,1,1,sub-pd11_seg006,PD
paper_segment_10x10,1,8,sub-pd11_seg007,PD
paper_segment_10x10,1,5,sub-pd11_seg008,PD
paper_segment_10x10,1,9,sub-pd11_seg009,PD
paper_segment_10x10,1,1,sub-pd11_seg010,PD
paper_segment_10x10,1,4,sub-pd11_seg011,PD
paper_segment_10x10,1,4,sub-pd11_seg012,PD
paper_segment_10x10,1,8,sub-pd11_seg013,PD
paper_segment_10x10,1,2,sub-pd11_seg014,PD
paper_segment_10x10,1,8,sub-pd11_seg015,PD
paper_segment_10x10,1,7,sub-pd11_seg016,PD
paper_segment_10x10,1,2,sub-pd11_seg017,PD
paper_segment_10x10,1,2,sub-pd13_seg000,PD
paper_segment_10x10,1,3,sub-pd13_seg001,PD
paper_segment_10x10,1,3,sub-pd13_seg002,PD
paper_segment_10x10,1,0,sub-pd13_seg003,PD
paper_segment_10x10,1,7,sub-pd13_seg004,PD
paper_segment_10x10,1,0,sub-pd13_seg005,PD
paper_segment_10x10,1,6,sub-pd13_seg006,PD
paper_segment_10x10,1,8,sub-pd13_seg007,PD
paper_segment_10x10,1,5,sub-pd13_seg008,PD
paper_segment_10x10,1,8,sub-pd13_seg009,PD
paper_segment_10x10,1,2,sub-pd13_seg010,PD
paper_segment_10x10,1,1,sub-pd13_seg011,PD
paper_segment_10x10,1,7,sub-pd13_seg012,PD
paper_segment_10x10,1,2,sub-pd13_seg013,PD
paper_segment_10x10,1,6,sub-pd13_seg014,PD
paper_segment_10x10,1,8,sub-pd13_seg015,PD
paper_segment_10x10,1,5,sub-pd13_seg016,PD
paper_segment_10x10,1,2,sub-pd13_seg017,PD
paper_segment_10x10,1,1,sub-pd14_seg000,PD
paper_segment_10x10,1,7,sub-pd14_seg001,PD
paper_segment_10x10,1,1,sub-pd14_seg002,PD
paper_segment_10x10,1,5,sub-pd14_seg003,PD
paper_segment_10x10,1,0,sub-pd14_seg004,PD
paper_segment_10x10,1,5,sub-pd14_seg005,PD
paper_segment_10x10,1,6,sub-pd14_seg006,PD
paper_segment_10x10,1,4,sub-pd14_seg007,PD
paper_segment_10x10,1,5,sub-pd14_seg008,PD
paper_segment_10x10,1,7,sub-pd14_seg009,PD
paper_segment_10x10,1,5,sub-pd14_seg010,PD
paper_segment_10x10,1,2,sub-pd14_seg011,PD
paper_segment_10x10,1,9,sub-pd14_seg012,PD
paper_segment_10x10,1,7,sub-pd14_seg013,PD
paper_segment_10x10,1,5,sub-pd14_seg014,PD
paper_segment_10x10,1,1,sub-pd14_seg015,PD
paper_segment_10x10,1,5,sub-pd14_seg016,PD
paper_segment_10x10,1,3,sub-pd14_seg017,PD
paper_segment_10x10,1,8,sub-pd14_seg018,PD
paper_segment_10x10,1,7,sub-pd14_seg019,PD
paper_segment_10x10,1,9,sub-pd14_seg020,PD
paper_segment_10x10,1,6,sub-pd14_seg021,PD
paper_segment_10x10,1,6,sub-pd14_seg022,PD
paper_segment_10x10,1,4,sub-pd14_seg023,PD
paper_segment_10x10,1,2,sub-pd14_seg024,PD
paper_segment_10x10,1,2,sub-pd14_seg025,PD
paper_segment_10x10,1,0,sub-pd14_seg026,PD
paper_segment_10x10,1,4,sub-pd14_seg027,PD
paper_segment_10x10,1,4,sub-pd14_seg028,PD
paper_segment_10x10,1,6,sub-pd16_seg000,PD
paper_segment_10x10,1,4,sub-pd16_seg001,PD
paper_segment_10x10,1,2,sub-pd16_seg002,PD
paper_segment_10x10,1,7,sub-pd16_seg003,PD
paper_segment_10x10,1,9,sub-pd16_seg004,PD
paper_segment_10x10,1,9,sub-pd16_seg005,PD
paper_segment_10x10,1,6,sub-pd16_seg006,PD
paper_segment_10x10,1,9,sub-pd16_seg007,PD
paper_segment_10x10,1,4,sub-pd16_seg008,PD
paper_segment_10x10,1,9,sub-pd16_seg009,PD
paper_segment_10x10,1,6,sub-pd16_seg010,PD
paper_segment_10x10,1,2,sub-pd16_seg011,PD
paper_segment_10x10,1,7,sub-pd16_seg012,PD
paper_segment_10x10,1,6,sub-pd16_seg013,PD
paper_segment_10x10,1,3,sub-pd16_seg014,PD
paper_segment_10x10,1,3,sub-pd16_seg015,PD
paper_segment_10x10,1,8,sub-pd16_seg016,PD
paper_segment_10x10,1,2,sub-pd16_seg017,PD
paper_segment_10x10,1,7,sub-pd17_seg000,PD
paper_segment_10x10,1,1,sub-pd17_seg001,PD
paper_segment_10x10,1,6,sub-pd17_seg002,PD
paper_segment_10x10,1,4,sub-pd17_seg003,PD
paper_segment_10x10,1,3,sub-pd17_seg004,PD
paper_segment_10x10,1,7,sub-pd17_seg005,PD
paper_segment_10x10,1,9,sub-pd17_seg006,PD
paper_segment_10x10,1,6,sub-pd17_seg007,PD
paper_segment_10x10,1,3,sub-pd17_seg008,PD
paper_segment_10x10,1,6,sub-pd17_seg009,PD
paper_segment_10x10,1,0,sub-pd17_seg010,PD
paper_segment_10x10,1,3,sub-pd17_seg011,PD
paper_segment_10x10,1,3,sub-pd17_seg012,PD
paper_segment_10x10,1,6,sub-pd17_seg013,PD
paper_segment_10x10,1,8,sub-pd17_seg014,PD
paper_segment_10x10,1,2,sub-pd17_seg015,PD
paper_segment_10x10,1,0,sub-pd17_seg016,PD
paper_segment_10x10,1,4,sub-pd17_seg017,PD
paper_segment_10x10,1,4,sub-pd19_seg000,PD
paper_segment_10x10,1,9,sub-pd19_seg001,PD
paper_segment_10x10,1,9,sub-pd19_seg002,PD
paper_segment_10x10,1,7,sub-pd19_seg003,PD
paper_segment_10x10,1,5,sub-pd19_seg004,PD
paper_segment_10x10,1,3,sub-pd19_seg005,PD
paper_segment_10x10,1,0,sub-pd19_seg006,PD
paper_segment_10x10,1,5,sub-pd19_seg007,PD
paper_segment_10x10,1,0,sub-pd19_seg008,PD
paper_segment_10x10,1,1,sub-pd19_seg009,PD
paper_segment_10x10,1,8,sub-pd19_seg010,PD
paper_segment_10x10,1,8,sub-pd19_seg011,PD
paper_segment_10x10,1,2,sub-pd19_seg012,PD
paper_segment_10x10,1,0,sub-pd19_seg013,PD
paper_segment_10x10,1,1,sub-pd19_seg014,PD
paper_segment_10x10,1,3,sub-pd19_seg015,PD
paper_segment_10x10,1,7,sub-pd19_seg016,PD
paper_segment_10x10,1,0,sub-pd19_seg017,PD
paper_segment_10x10,1,7,sub-pd22_seg000,PD
paper_segment_10x10,1,3,sub-pd22_seg001,PD
paper_segment_10x10,1,4,sub-pd22_seg002,PD
paper_segment_10x10,1,3,sub-pd22_seg003,PD
paper_segment_10x10,1,8,sub-pd22_seg004,PD
paper_segment_10x10,1,3,sub-pd22_seg005,PD
paper_segment_10x10,1,6,sub-pd22_seg006,PD
paper_segment_10x10,1,8,sub-pd22_seg007,PD
paper_segment_10x10,1,6,sub-pd22_seg008,PD
paper_segment_10x10,1,7,sub-pd22_seg009,PD
paper_segment_10x10,1,9,sub-pd22_seg010,PD
paper_segment_10x10,1,9,sub-pd22_seg011,PD
paper_segment_10x10,1,4,sub-pd22_seg012,PD
paper_segment_10x10,1,6,sub-pd22_seg013,PD
paper_segment_10x10,1,4,sub-pd22_seg014,PD
paper_segment_10x10,1,5,sub-pd22_seg015,PD
paper_segment_10x10,1,5,sub-pd22_seg016,PD
paper_segment_10x10,1,0,sub-pd22_seg017,PD
paper_segment_10x10,1,3,sub-pd23_seg000,PD
paper_segment_10x10,1,5,sub-pd23_seg001,PD
paper_segment_10x10,1,6,sub-pd23_seg002,PD
paper_segment_10x10,1,5,sub-pd23_seg003,PD
paper_segment_10x10,1,2,sub-pd23_seg004,PD
paper_segment_10x10,1,7,sub-pd23_seg005,PD
paper_segment_10x10,1,4,sub-pd23_seg006,PD
paper_segment_10x10,1,9,sub-pd23_seg007,PD
paper_segment_10x10,1,2,sub-pd23_seg008,PD
paper_segment_10x10,1,4,sub-pd23_seg009,PD
paper_segment_10x10,1,2,sub-pd23_seg010,PD
paper_segment_10x10,1,4,sub-pd23_seg011,PD
paper_segment_10x10,1,9,sub-pd23_seg012,PD
paper_segment_10x10,1,0,sub-pd23_seg013,PD
paper_segment_10x10,1,8,sub-pd23_seg014,PD
paper_segment_10x10,1,4,sub-pd23_seg015,PD
paper_segment_10x10,1,8,sub-pd23_seg016,PD
paper_segment_10x10,1,0,sub-pd23_seg017,PD
paper_segment_10x10,1,3,sub-pd23_seg018,PD
paper_segment_10x10,1,2,sub-pd23_seg019,PD
paper_segment_10x10,1,7,sub-pd26_seg000,PD
paper_segment_10x10,1,6,sub-pd26_seg001,PD
paper_segment_10x10,1,2,sub-pd26_seg002,PD
paper_segment_10x10,1,5,sub-pd26_seg003,PD
paper_segment_10x10,1,1,sub-pd26_seg004,PD
paper_segment_10x10,1,5,sub-pd26_seg005,PD
paper_segment_10x10,1,1,sub-pd26_seg006,PD
paper_segment_10x10,1,3,sub-pd26_seg007,PD
paper_segment_10x10,1,3,sub-pd26_seg008,PD
paper_segment_10x10,1,8,sub-pd26_seg009,PD
paper_segment_10x10,1,0,sub-pd26_seg010,PD
paper_segment_10x10,1,9,sub-pd26_seg011,PD
paper_segment_10x10,1,3,sub-pd26_seg012,PD
paper_segment_10x10,1,6,sub-pd26_seg013,PD
paper_segment_10x10,1,9,sub-pd26_seg014,PD
paper_segment_10x10,1,6,sub-pd26_seg015,PD
paper_segment_10x10,1,1,sub-pd26_seg016,PD
paper_segment_10x10,1,4,sub-pd26_seg017,PD
paper_segment_10x10,1,0,sub-pd26_seg018,PD
paper_segment_10x10,1,8,sub-pd28_seg000,PD
paper_segment_10x10,1,3,sub-pd28_seg001,PD
paper_segment_10x10,1,1,sub-pd28_seg002,PD
paper_segment_10x10,1,3,sub-pd28_seg003,PD
paper_segment_10x10,1,9,sub-pd28_seg004,PD
paper_segment_10x10,1,4,sub-pd28_seg005,PD
paper_segment_10x10,1,7,sub-pd28_seg006,PD
paper_segment_10x10,1,2,sub-pd28_seg007,PD
paper_segment_10x10,1,6,sub-pd28_seg008,PD
paper_segment_10x10,1,9,sub-pd28_seg009,PD
paper_segment_10x10,1,2,sub-pd28_seg010,PD
paper_segment_10x10,1,5,sub-pd28_seg011,PD
paper_segment_10x10,1,5,sub-pd28_seg012,PD
paper_segment_10x10,1,9,sub-pd28_seg013,PD
paper_segment_10x10,1,7,sub-pd28_seg014,PD
paper_segment_10x10,1,5,sub-pd28_seg015,PD
paper_segment_10x10,1,8,sub-pd28_seg016,PD
paper_segment_10x10,1,3,sub-pd28_seg017,PD
paper_segment_10x10,1,7,sub-pd28_seg018,PD
paper_segment_10x10,1,0,sub-pd28_seg019,PD
paper_segment_10x10,2,6,sub-hc1_seg000,HC
paper_segment_10x10,2,0,sub-hc1_seg001,HC
paper_segment_10x10,2,4,sub-hc1_seg002,HC
paper_segment_10x10,2,9,sub-hc1_seg003,HC
paper_segment_10x10,2,9,sub-hc1_seg004,HC
paper_segment_10x10,2,2,sub-hc1_seg005,HC
paper_segment_10x10,2,3,sub-hc1_seg006,HC
paper_segment_10x10,2,4,sub-hc1_seg007,HC
paper_segment_10x10,2,8,sub-hc1_seg008,HC
paper_segment_10x10,2,2,sub-hc1_seg009,HC
paper_segment_10x10,2,7,sub-hc1_seg010,HC
paper_segment_10x10,2,1,sub-hc1_seg011,HC
paper_segment_10x10,2,1,sub-hc1_seg012,HC
paper_segment_10x10,2,1,sub-hc1_seg013,HC
paper_segment_10x10,2,1,sub-hc1_seg014,HC
paper_segment_10x10,2,0,sub-hc1_seg015,HC
paper_segment_10x10,2,2,sub-hc1_seg016,HC
paper_segment_10x10,2,6,sub-hc1_seg017,HC
paper_segment_10x10,2,5,sub-hc1_seg018,HC
paper_segment_10x10,2,1,sub-hc2_seg000,HC
paper_segment_10x10,2,9,sub-hc2_seg001,HC
paper_segment_10x10,2,5,sub-hc2_seg002,HC
paper_segment_10x10,2,6,sub-hc2_seg003,HC
paper_segment_10x10,2,7,sub-hc2_seg004,HC
paper_segment_10x10,2,4,sub-hc2_seg005,HC
paper_segment_10x10,2,5,sub-hc2_seg006,HC
paper_segment_10x10,2,9,sub-hc2_seg007,HC
paper_segment_10x10,2,3,sub-hc2_seg008,HC
paper_segment_10x10,2,3,sub-hc2_seg009,HC
paper_segment_10x10,2,5,sub-hc2_seg010,HC
paper_segment_10x10,2,2,sub-hc2_seg011,HC
paper_segment_10x10,2,5,sub-hc2_seg012,HC
paper_segment_10x10,2,9,sub-hc2_seg013,HC
paper_segment_10x10,2,5,sub-hc2_seg014,HC
paper_segment_10x10,2,9,sub-hc2_seg015,HC
paper_segment_10x10,2,4,sub-hc2_seg016,HC
paper_segment_10x10,2,3,sub-hc2_seg017,HC
paper_segment_10x10,2,1,sub-hc2_seg018,HC
paper_segment_10x10,2,8,sub-hc4_seg000,HC
paper_segment_10x10,2,1,sub-hc4_seg001,HC
paper_segment_10x10,2,9,sub-hc4_seg002,HC
paper_segment_10x10,2,5,sub-hc4_seg003,HC
paper_segment_10x10,2,0,sub-hc4_seg004,HC
paper_segment_10x10,2,7,sub-hc4_seg005,HC
paper_segment_10x10,2,2,sub-hc4_seg006,HC
paper_segment_10x10,2,4,sub-hc4_seg007,HC
paper_segment_10x10,2,5,sub-hc4_seg008,HC
paper_segment_10x10,2,0,sub-hc4_seg009,HC
paper_segment_10x10,2,9,sub-hc4_seg010,HC
paper_segment_10x10,2,7,sub-hc4_seg011,HC
paper_segment_10x10,2,2,sub-hc4_seg012,HC
paper_segment_10x10,2,8,sub-hc4_seg013,HC
paper_segment_10x10,2,5,sub-hc4_seg014,HC
paper_segment_10x10,2,0,sub-hc4_seg015,HC
paper_segment_10x10,2,5,sub-hc4_seg016,HC
paper_segment_10x10,2,2,sub-hc4_seg017,HC
paper_segment_10x10,2,0,sub-hc7_seg000,HC
paper_segment_10x10,2,6,sub-hc7_seg001,HC
paper_segment_10x10,2,4,sub-hc7_seg002,HC
paper_segment_10x10,2,0,sub-hc7_seg003,HC
paper_segment_10x10,2,4,sub-hc7_seg004,HC
paper_segment_10x10,2,5,sub-hc7_seg005,HC
paper_segment_10x10,2,9,sub-hc7_seg006,HC
paper_segment_10x10,2,7,sub-hc7_seg007,HC
paper_segment_10x10,2,1,sub-hc7_seg008,HC
paper_segment_10x10,2,3,sub-hc7_seg009,HC
paper_segment_10x10,2,7,sub-hc7_seg010,HC
paper_segment_10x10,2,2,sub-hc7_seg011,HC
paper_segment_10x10,2,5,sub-hc7_seg012,HC
paper_segment_10x10,2,8,sub-hc7_seg013,HC
paper_segment_10x10,2,6,sub-hc7_seg014,HC
paper_segment_10x10,2,5,sub-hc7_seg015,HC
paper_segment_10x10,2,8,sub-hc7_seg016,HC
paper_segment_10x10,2,9,sub-hc7_seg017,HC
paper_segment_10x10,2,6,sub-hc7_seg018,HC
paper_segment_10x10,2,3,sub-hc8_seg000,HC
paper_segment_10x10,2,9,sub-hc8_seg001,HC
paper_segment_10x10,2,2,sub-hc8_seg002,HC
paper_segment_10x10,2,6,sub-hc8_seg003,HC
paper_segment_10x10,2,7,sub-hc8_seg004,HC
paper_segment_10x10,2,7,sub-hc8_seg005,HC
paper_segment_10x10,2,8,sub-hc8_seg006,HC
paper_segment_10x10,2,3,sub-hc8_seg007,HC
paper_segment_10x10,2,4,sub-hc8_seg008,HC
paper_segment_10x10,2,8,sub-hc8_seg009,HC
paper_segment_10x10,2,9,sub-hc8_seg010,HC
paper_segment_10x10,2,8,sub-hc8_seg011,HC
paper_segment_10x10,2,7,sub-hc8_seg012,HC
paper_segment_10x10,2,5,sub-hc8_seg013,HC
paper_segment_10x10,2,8,sub-hc8_seg014,HC
paper_segment_10x10,2,0,sub-hc8_seg015,HC
paper_segment_10x10,2,5,sub-hc8_seg016,HC
paper_segment_10x10,2,2,sub-hc8_seg017,HC
paper_segment_10x10,2,4,sub-hc8_seg018,HC
paper_segment_10x10,2,6,sub-hc10_seg000,HC
paper_segment_10x10,2,9,sub-hc10_seg001,HC
paper_segment_10x10,2,8,sub-hc10_seg002,HC
paper_segment_10x10,2,3,sub-hc10_seg003,HC
paper_segment_10x10,2,2,sub-hc10_seg004,HC
paper_segment_10x10,2,4,sub-hc10_seg005,HC
paper_segment_10x10,2,4,sub-hc10_seg006,HC
paper_segment_10x10,2,7,sub-hc10_seg007,HC
paper_segment_10x10,2,1,sub-hc10_seg008,HC
paper_segment_10x10,2,3,sub-hc10_seg009,HC
paper_segment_10x10,2,8,sub-hc10_seg010,HC
paper_segment_10x10,2,8,sub-hc10_seg011,HC
paper_segment_10x10,2,6,sub-hc10_seg012,HC
paper_segment_10x10,2,7,sub-hc10_seg013,HC
paper_segment_10x10,2,0,sub-hc10_seg014,HC
paper_segment_10x10,2,3,sub-hc10_seg015,HC
paper_segment_10x10,2,6,sub-hc10_seg016,HC
paper_segment_10x10,2,6,sub-hc10_seg017,HC
paper_segment_10x10,2,2,sub-hc10_seg018,HC
paper_segment_10x10,2,3,sub-hc10_seg019,HC
paper_segment_10x10,2,5,sub-hc18_seg000,HC
paper_segment_10x10,2,2,sub-hc18_seg001,HC
paper_segment_10x10,2,2,sub-hc18_seg002,HC
paper_segment_10x10,2,6,sub-hc18_seg003,HC
paper_segment_10x10,2,1,sub-hc18_seg004,HC
paper_segment_10x10,2,9,sub-hc18_seg005,HC
paper_segment_10x10,2,8,sub-hc18_seg006,HC
paper_segment_10x10,2,8,sub-hc18_seg007,HC
paper_segment_10x10,2,7,sub-hc18_seg008,HC
paper_segment_10x10,2,2,sub-hc18_seg009,HC
paper_segment_10x10,2,2,sub-hc18_seg010,HC
paper_segment_10x10,2,9,sub-hc18_seg011,HC
paper_segment_10x10,2,6,sub-hc18_seg012,HC
paper_segment_10x10,2,6,sub-hc18_seg013,HC
paper_segment_10x10,2,6,sub-hc18_seg014,HC
paper_segment_10x10,2,3,sub-hc18_seg015,HC
paper_segment_10x10,2,4,sub-hc18_seg016,HC
paper_segment_10x10,2,4,sub-hc18_seg017,HC
paper_segment_10x10,2,7,sub-hc20_seg000,HC
paper_segment_10x10,2,5,sub-hc20_seg001,HC
paper_segment_10x10,2,1,sub-hc20_seg002,HC
paper_segment_10x10,2,3,sub-hc20_seg003,HC
paper_segment_10x10,2,1,sub-hc20_seg004,HC
paper_segment_10x10,2,3,sub-hc20_seg005,HC
paper_segment_10x10,2,8,sub-hc20_seg006,HC
paper_segment_10x10,2,8,sub-hc20_seg007,HC
paper_segment_10x10,2,2,sub-hc20_seg008,HC
paper_segment_10x10,2,3,sub-hc20_seg009,HC
paper_segment_10x10,2,1,sub-hc20_seg010,HC
paper_segment_10x10,2,7,sub-hc20_seg011,HC
paper_segment_10x10,2,4,sub-hc20_seg012,HC
paper_segment_10x10,2,8,sub-hc20_seg013,HC
paper_segment_10x10,2,4,sub-hc20_seg014,HC
paper_segment_10x10,2,3,sub-hc20_seg015,HC
paper_segment_10x10,2,3,sub-hc20_seg016,HC
paper_segment_10x10,2,7,sub-hc20_seg017,HC
paper_segment_10x10,2,3,sub-hc21_seg000,HC
paper_segment_10x10,2,7,sub-hc21_seg001,HC
paper_segment_10x10,2,8,sub-hc21_seg002,HC
paper_segment_10x10,2,4,sub-hc21_seg003,HC
paper_segment_10x10,2,7,sub-hc21_seg004,HC
paper_segment_10x10,2,7,sub-hc21_seg005,HC
paper_segment_10x10,2,7,sub-hc21_seg006,HC
paper_segment_10x10,2,4,sub-hc21_seg007,HC
paper_segment_10x10,2,4,sub-hc21_seg008,HC
paper_segment_10x10,2,2,sub-hc21_seg009,HC
paper_segment_10x10,2,9,sub-hc21_seg010,HC
paper_segment_10x10,2,1,sub-hc21_seg011,HC
paper_segment_10x10,2,6,sub-hc21_seg012,HC
paper_segment_10x10,2,5,sub-hc21_seg013,HC
paper_segment_10x10,2,9,sub-hc21_seg014,HC
paper_segment_10x10,2,0,sub-hc21_seg015,HC
paper_segment_10x10,2,9,sub-hc21_seg016,HC
paper_segment_10x10,2,9,sub-hc21_seg017,HC
paper_segment_10x10,2,7,sub-hc24_seg000,HC
paper_segment_10x10,2,1,sub-hc24_seg001,HC
paper_segment_10x10,2,6,sub-hc24_seg002,HC
paper_segment_10x10,2,1,sub-hc24_seg003,HC
paper_segment_10x10,2,8,sub-hc24_seg004,HC
paper_segment_10x10,2,6,sub-hc24_seg005,HC
paper_segment_10x10,2,8,sub-hc24_seg006,HC
paper_segment_10x10,2,0,sub-hc24_seg007,HC
paper_segment_10x10,2,9,sub-hc24_seg008,HC
paper_segment_10x10,2,8,sub-hc24_seg009,HC
paper_segment_10x10,2,6,sub-hc24_seg010,HC
paper_segment_10x10,2,0,sub-hc24_seg011,HC
paper_segment_10x10,2,9,sub-hc24_seg012,HC
paper_segment_10x10,2,0,sub-hc24_seg013,HC
paper_segment_10x10,2,4,sub-hc24_seg014,HC
paper_segment_10x10,2,8,sub-hc24_seg015,HC
paper_segment_10x10,2,4,sub-hc24_seg016,HC
paper_segment_10x10,2,7,sub-hc24_seg017,HC
paper_segment_10x10,2,4,sub-hc24_seg018,HC
paper_segment_10x10,2,1,sub-hc25_seg000,HC
paper_segment_10x10,2,6,sub-hc25_seg001,HC
paper_segment_10x10,2,6,sub-hc25_seg002,HC
paper_segment_10x10,2,7,sub-hc25_seg003,HC
paper_segment_10x10,2,0,sub-hc25_seg004,HC
paper_segment_10x10,2,0,sub-hc25_seg005,HC
paper_segment_10x10,2,4,sub-hc25_seg006,HC
paper_segment_10x10,2,1,sub-hc25_seg007,HC
paper_segment_10x10,2,6,sub-hc25_seg008,HC
paper_segment_10x10,2,9,sub-hc25_seg009,HC
paper_segment_10x10,2,1,sub-hc25_seg010,HC
paper_segment_10x10,2,2,sub-hc25_seg011,HC
paper_segment_10x10,2,2,sub-hc25_seg012,HC
paper_segment_10x10,2,6,sub-hc25_seg013,HC
paper_segment_10x10,2,9,sub-hc25_seg014,HC
paper_segment_10x10,2,0,sub-hc25_seg015,HC
paper_segment_10x10,2,1,sub-hc25_seg016,HC
paper_segment_10x10,2,3,sub-hc25_seg017,HC
paper_segment_10x10,2,0,sub-hc25_seg018,HC
paper_segment_10x10,2,5,sub-hc25_seg019,HC
paper_segment_10x10,2,9,sub-hc29_seg000,HC
paper_segment_10x10,2,8,sub-hc29_seg001,HC
paper_segment_10x10,2,4,sub-hc29_seg002,HC
paper_segment_10x10,2,3,sub-hc29_seg003,HC
paper_segment_10x10,2,0,sub-hc29_seg004,HC
paper_segment_10x10,2,5,sub-hc29_seg005,HC
paper_segment_10x10,2,2,sub-hc29_seg006,HC
paper_segment_10x10,2,7,sub-hc29_seg007,HC
paper_segment_10x10,2,1,sub-hc29_seg008,HC
paper_segment_10x10,2,5,sub-hc29_seg009,HC
paper_segment_10x10,2,6,sub-hc29_seg010,HC
paper_segment_10x10,2,8,sub-hc29_seg011,HC
paper_segment_10x10,2,2,sub-hc29_seg012,HC
paper_segment_10x10,2,0,sub-hc29_seg013,HC
paper_segment_10x10,2,0,sub-hc29_seg014,HC
paper_segment_10x10,2,0,sub-hc29_seg015,HC
paper_segment_10x10,2,4,sub-hc29_seg016,HC
paper_segment_10x10,2,3,sub-hc29_seg017,HC
paper_segment_10x10,2,6,sub-hc29_seg018,HC
paper_segment_10x10,2,0,sub-hc30_seg000,HC
paper_segment_10x10,2,8,sub-hc30_seg001,HC
paper_segment_10x10,2,0,sub-hc30_seg002,HC
paper_segment_10x10,2,1,sub-hc30_seg003,HC
paper_segment_10x10,2,6,sub-hc30_seg004,HC
paper_segment_10x10,2,5,sub-hc30_seg005,HC
paper_segment_10x10,2,8,sub-hc30_seg006,HC
paper_segment_10x10,2,2,sub-hc30_seg007,PD
paper_segment_10x10,2,7,sub-hc30_seg008,HC
paper_segment_10x10,2,5,sub-hc30_seg009,HC
paper_segment_10x10,2,0,sub-hc30_seg010,HC
paper_segment_10x10,2,1,sub-hc30_seg011,HC
paper_segment_10x10,2,7,sub-hc30_seg012,HC
paper_segment_10x10,2,8,sub-hc30_seg013,HC
paper_segment_10x10,2,3,sub-hc30_seg014,HC
paper_segment_10x10,2,8,sub-hc30_seg015,HC
paper_segment_10x10,2,1,sub-hc30_seg016,HC
paper_segment_10x10,2,4,sub-hc30_seg017,HC
paper_segment_10x10,2,5,sub-hc31_seg000,HC
paper_segment_10x10,2,8,sub-hc31_seg001,HC
paper_segment_10x10,2,2,sub-hc31_seg002,HC
paper_segment_10x10,2,2,sub-hc31_seg003,HC
paper_segment_10x10,2,2,sub-hc31_seg004,HC
paper_segment_10x10,2,5,sub-hc31_seg005,HC
paper_segment_10x10,2,0,sub-hc31_seg006,HC
paper_segment_10x10,2,0,sub-hc31_seg007,HC
paper_segment_10x10,2,1,sub-hc31_seg008,HC
paper_segment_10x10,2,5,sub-hc31_seg009,HC
paper_segment_10x10,2,5,sub-hc31_seg010,HC
paper_segment_10x10,2,4,sub-hc31_seg011,HC
paper_segment_10x10,2,3,sub-hc31_seg012,HC
paper_segment_10x10,2,9,sub-hc31_seg013,HC
paper_segment_10x10,2,3,sub-hc31_seg014,HC
paper_segment_10x10,2,4,sub-hc31_seg015,HC
paper_segment_10x10,2,6,sub-hc31_seg016,HC
paper_segment_10x10,2,0,sub-hc31_seg017,HC
paper_segment_10x10,2,5,sub-hc32_seg000,HC
paper_segment_10x10,2,7,sub-hc32_seg001,HC
paper_segment_10x10,2,1,sub-hc32_seg002,HC
paper_segment_10x10,2,9,sub-hc32_seg003,HC
paper_segment_10x10,2,1,sub-hc32_seg004,HC
paper_segment_10x10,2,4,sub-hc32_seg005,HC
paper_segment_10x10,2,7,sub-hc32_seg006,HC
paper_segment_10x10,2,9,sub-hc32_seg007,HC
paper_segment_10x10,2,1,sub-hc32_seg008,HC
paper_segment_10x10,2,3,sub-hc32_seg009,HC
paper_segment_10x10,2,4,sub-hc32_seg010,HC
paper_segment_10x10,2,6,sub-hc32_seg011,HC
paper_segment_10x10,2,2,sub-hc32_seg012,HC
paper_segment_10x10,2,3,sub-hc32_seg013,HC
paper_segment_10x10,2,2,sub-hc32_seg014,HC
paper_segment_10x10,2,5,sub-hc32_seg015,HC
paper_segment_10x10,2,6,sub-hc32_seg016,HC
paper_segment_10x10,2,3,sub-hc32_seg017,HC
paper_segment_10x10,2,3,sub-hc32_seg018,HC
paper_segment_10x10,2,9,sub-hc33_seg000,HC
paper_segment_10x10,2,0,sub-hc33_seg001,HC
paper_segment_10x10,2,1,sub-hc33_seg002,HC
paper_segment_10x10,2,7,sub-hc33_seg003,HC
paper_segment_10x10,2,2,sub-hc33_seg004,HC
paper_segment_10x10,2,7,sub-hc33_seg005,HC
paper_segment_10x10,2,7,sub-hc33_seg006,HC
paper_segment_10x10,2,9,sub-hc33_seg007,HC
paper_segment_10x10,2,0,sub-hc33_seg008,HC
paper_segment_10x10,2,8,sub-hc33_seg009,HC
paper_segment_10x10,2,1,sub-hc33_seg010,HC
paper_segment_10x10,2,4,sub-hc33_seg011,HC
paper_segment_10x10,2,3,sub-hc33_seg012,HC
paper_segment_10x10,2,6,sub-hc33_seg013,HC
paper_segment_10x10,2,5,sub-hc33_seg014,HC
paper_segment_10x10,2,9,sub-hc33_seg015,HC
paper_segment_10x10,2,0,sub-hc33_seg016,HC
paper_segment_10x10,2,3,sub-hc33_seg017,HC
paper_segment_10x10,2,2,sub-hc33_seg018,HC
paper_segment_10x10,2,3,sub-pd3_seg000,PD
paper_segment_10x10,2,2,sub-pd3_seg001,PD
paper_segment_10x10,2,0,sub-pd3_seg002,PD
paper_segment_10x10,2,0,sub-pd3_seg003,PD
paper_segment_10x10,2,5,sub-pd3_seg004,PD
paper_segment_10x10,2,6,sub-pd3_seg005,PD
paper_segment_10x10,2,9,sub-pd3_seg006,PD
paper_segment_10x10,2,5,sub-pd3_seg007,PD
paper_segment_10x10,2,3,sub-pd3_seg008,PD
paper_segment_10x10,2,2,sub-pd3_seg009,PD
paper_segment_10x10,2,1,sub-pd3_seg010,PD
paper_segment_10x10,2,9,sub-pd3_seg011,PD
paper_segment_10x10,2,8,sub-pd3_seg012,PD
paper_segment_10x10,2,7,sub-pd3_seg013,PD
paper_segment_10x10,2,8,sub-pd3_seg014,PD
paper_segment_10x10,2,0,sub-pd3_seg015,PD
paper_segment_10x10,2,1,sub-pd3_seg016,PD
paper_segment_10x10,2,3,sub-pd3_seg017,PD
paper_segment_10x10,2,6,sub-pd3_seg018,PD
paper_segment_10x10,2,5,sub-pd3_seg019,PD
paper_segment_10x10,2,9,sub-pd5_seg000,PD
paper_segment_10x10,2,3,sub-pd5_seg001,PD
paper_segment_10x10,2,7,sub-pd5_seg002,PD
paper_segment_10x10,2,7,sub-pd5_seg003,PD
paper_segment_10x10,2,9,sub-pd5_seg004,PD
paper_segment_10x10,2,1,sub-pd5_seg005,PD
paper_segment_10x10,2,6,sub-pd5_seg006,PD
paper_segment_10x10,2,7,sub-pd5_seg007,PD
paper_segment_10x10,2,8,sub-pd5_seg008,PD
paper_segment_10x10,2,2,sub-pd5_seg009,PD
paper_segment_10x10,2,5,sub-pd5_seg010,PD
paper_segment_10x10,2,0,sub-pd5_seg011,PD
paper_segment_10x10,2,1,sub-pd5_seg012,PD
paper_segment_10x10,2,7,sub-pd5_seg013,PD
paper_segment_10x10,2,3,sub-pd5_seg014,PD
paper_segment_10x10,2,5,sub-pd5_seg015,PD
paper_segment_10x10,2,1,sub-pd5_seg016,PD
paper_segment_10x10,2,3,sub-pd5_seg017,PD
paper_segment_10x10,2,8,sub-pd5_seg018,PD
paper_segment_10x10,2,9,sub-pd6_seg000,PD
paper_segment_10x10,2,7,sub-pd6_seg001,PD
paper_segment_10x10,2,9,sub-pd6_seg002,PD
paper_segment_10x10,2,1,sub-pd6_seg003,PD
paper_segment_10x10,2,4,sub-pd6_seg004,PD
paper_segment_10x10,2,3,sub-pd6_seg005,PD
paper_segment_10x10,2,9,sub-pd6_seg006,PD
paper_segment_10x10,2,9,sub-pd6_seg007,PD
paper_segment_10x10,2,2,sub-pd6_seg008,PD
paper_segment_10x10,2,0,sub-pd6_seg009,PD
paper_segment_10x10,2,8,sub-pd6_seg010,PD
paper_segment_10x10,2,5,sub-pd6_seg011,PD
paper_segment_10x10,2,4,sub-pd6_seg012,PD
paper_segment_10x10,2,1,sub-pd6_seg013,PD
paper_segment_10x10,2,0,sub-pd6_seg014,PD
paper_segment_10x10,2,7,sub-pd6_seg015,PD
paper_segment_10x10,2,0,sub-pd6_seg016,PD
paper_segment_10x10,2,8,sub-pd6_seg017,PD
paper_segment_10x10,2,2,sub-pd6_seg018,PD
paper_segment_10x10,2,5,sub-pd9_seg000,PD
paper_segment_10x10,2,1,sub-pd9_seg001,PD
paper_segment_10x10,2,3,sub-pd9_seg002,PD
paper_segment_10x10,2,9,sub-pd9_seg003,PD
paper_segment_10x10,2,0,sub-pd9_seg004,PD
paper_segment_10x10,2,1,sub-pd9_seg005,PD
paper_segment_10x10,2,2,sub-pd9_seg006,PD
paper_segment_10x10,2,8,sub-pd9_seg007,PD
paper_segment_10x10,2,9,sub-pd9_seg008,PD
paper_segment_10x10,2,2,sub-pd9_seg009,PD
paper_segment_10x10,2,6,sub-pd9_seg010,PD
paper_segment_10x10,2,7,sub-pd9_seg011,PD
paper_segment_10x10,2,2,sub-pd9_seg012,PD
paper_segment_10x10,2,0,sub-pd9_seg013,PD
paper_segment_10x10,2,0,sub-pd9_seg014,PD
paper_segment_10x10,2,6,sub-pd9_seg015,PD
paper_segment_10x10,2,2,sub-pd9_seg016,PD
paper_segment_10x10,2,1,sub-pd9_seg017,PD
paper_segment_10x10,2,2,sub-pd9_seg018,PD
paper_segment_10x10,2,4,sub-pd12_seg000,PD
paper_segment_10x10,2,6,sub-pd12_seg001,PD
paper_segment_10x10,2,0,sub-pd12_seg002,PD
paper_segment_10x10,2,3,sub-pd12_seg003,PD
paper_segment_10x10,2,6,sub-pd12_seg004,PD
paper_segment_10x10,2,3,sub-pd12_seg005,PD
paper_segment_10x10,2,0,sub-pd12_seg006,PD
paper_segment_10x10,2,7,sub-pd12_seg007,PD
paper_segment_10x10,2,0,sub-pd12_seg008,PD
paper_segment_10x10,2,4,sub-pd12_seg009,PD
paper_segment_10x10,2,0,sub-pd12_seg010,PD
paper_segment_10x10,2,1,sub-pd12_seg011,PD
paper_segment_10x10,2,6,sub-pd12_seg012,PD
paper_segment_10x10,2,5,sub-pd12_seg013,PD
paper_segment_10x10,2,9,sub-pd12_seg014,PD
paper_segment_10x10,2,5,sub-pd12_seg015,PD
paper_segment_10x10,2,9,sub-pd12_seg016,PD
paper_segment_10x10,2,0,sub-pd12_seg017,PD
paper_segment_10x10,2,9,sub-pd12_seg018,PD
paper_segment_10x10,2,7,sub-pd12_seg019,PD
paper_segment_10x10,2,4,sub-pd11_seg000,PD
paper_segment_10x10,2,4,sub-pd11_seg001,PD
paper_segment_10x10,2,3,sub-pd11_seg002,PD
paper_segment_10x10,2,4,sub-pd11_seg003,PD
paper_segment_10x10,2,3,sub-pd11_seg004,PD
paper_segment_10x10,2,6,sub-pd11_seg005,PD
paper_segment_10x10,2,1,sub-pd11_seg006,PD
paper_segment_10x10,2,3,sub-pd11_seg007,PD
paper_segment_10x10,2,5,sub-pd11_seg008,PD
paper_segment_10x10,2,8,sub-pd11_seg009,PD
paper_segment_10x10,2,4,sub-pd11_seg010,PD
paper_segment_10x10,2,2,sub-pd11_seg011,PD
paper_segment_10x10,2,8,sub-pd11_seg012,PD
paper_segment_10x10,2,5,sub-pd11_seg013,PD
paper_segment_10x10,2,6,sub-pd11_seg014,PD
paper_segment_10x10,2,6,sub-pd11_seg015,PD
paper_segment_10x10,2,7,sub-pd11_seg016,PD
paper_segment_10x10,2,8,sub-pd11_seg017,PD
paper_segment_10x10,2,9,sub-pd13_seg000,PD
paper_segment_10x10,2,7,sub-pd13_seg001,PD
paper_segment_10x10,2,6,sub-pd13_seg002,PD
paper_segment_10x10,2,9,sub-pd13_seg003,PD
paper_segment_10x10,2,6,sub-pd13_seg004,PD
paper_segment_10x10,2,8,sub-pd13_seg005,PD
paper_segment_10x10,2,8,sub-pd13_seg006,PD
paper_segment_10x10,2,2,sub-pd13_seg007,PD
paper_segment_10x10,2,0,sub-pd13_seg008,PD
paper_segment_10x10,2,1,sub-pd13_seg009,PD
paper_segment_10x10,2,6,sub-pd13_seg010,PD
paper_segment_10x10,2,4,sub-pd13_seg011,PD
paper_segment_10x10,2,1,sub-pd13_seg012,PD
paper_segment_10x10,2,8,sub-pd13_seg013,PD
paper_segment_10x10,2,8,sub-pd13_seg014,PD
paper_segment_10x10,2,3,sub-pd13_seg015,PD
paper_segment_10x10,2,9,sub-pd13_seg016,PD
paper_segment_10x10,2,7,sub-pd13_seg017,PD
paper_segment_10x10,2,6,sub-pd14_seg000,PD
paper_segment_10x10,2,5,sub-pd14_seg001,PD
paper_segment_10x10,2,2,sub-pd14_seg002,PD
paper_segment_10x10,2,9,sub-pd14_seg003,PD
paper_segment_10x10,2,9,sub-pd14_seg004,PD
paper_segment_10x10,2,4,sub-pd14_seg005,PD
paper_segment_10x10,2,4,sub-pd14_seg006,PD
paper_segment_10x10,2,5,sub-pd14_seg007,PD
paper_segment_10x10,2,8,sub-pd14_seg008,PD
paper_segment_10x10,2,4,sub-pd14_seg009,PD
paper_segment_10x10,2,7,sub-pd14_seg010,PD
paper_segment_10x10,2,0,sub-pd14_seg011,PD
paper_segment_10x10,2,4,sub-pd14_seg012,PD
paper_segment_10x10,2,1,sub-pd14_seg013,PD
paper_segment_10x10,2,1,sub-pd14_seg014,PD
paper_segment_10x10,2,2,sub-pd14_seg015,PD
paper_segment_10x10,2,2,sub-pd14_seg016,PD
paper_segment_10x10,2,4,sub-pd14_seg017,PD
paper_segment_10x10,2,2,sub-pd14_seg018,PD
paper_segment_10x10,2,3,sub-pd14_seg019,PD
paper_segment_10x10,2,0,sub-pd14_seg020,PD
paper_segment_10x10,2,0,sub-pd14_seg021,PD
paper_segment_10x10,2,5,sub-pd14_seg022,PD
paper_segment_10x10,2,8,sub-pd14_seg023,PD
paper_segment_10x10,2,3,sub-pd14_seg024,PD
paper_segment_10x10,2,2,sub-pd14_seg025,PD
paper_segment_10x10,2,6,sub-pd14_seg026,PD
paper_segment_10x10,2,8,sub-pd14_seg027,PD
paper_segment_10x10,2,2,sub-pd14_seg028,PD
paper_segment_10x10,2,5,sub-pd16_seg000,PD
paper_segment_10x10,2,5,sub-pd16_seg001,PD
paper_segment_10x10,2,5,sub-pd16_seg002,PD
paper_segment_10x10,2,7,sub-pd16_seg003,PD
paper_segment_10x10,2,2,sub-pd16_seg004,PD
paper_segment_10x10,2,1,sub-pd16_seg005,PD
paper_segment_10x10,2,2,sub-pd16_seg006,PD
paper_segment_10x10,2,2,sub-pd16_seg007,PD
paper_segment_10x10,2,9,sub-pd16_seg008,PD
paper_segment_10x10,2,3,sub-pd16_seg009,PD
paper_segment_10x10,2,7,sub-pd16_seg010,PD
paper_segment_10x10,2,4,sub-pd16_seg011,PD
paper_segment_10x10,2,8,sub-pd16_seg012,PD
paper_segment_10x10,2,1,sub-pd16_seg013,PD
paper_segment_10x10,2,1,sub-pd16_seg014,PD
paper_segment_10x10,2,5,sub-pd16_seg015,PD
paper_segment_10x10,2,8,sub-pd16_seg016,PD
paper_segment_10x10,2,0,sub-pd16_seg017,PD
paper_segment_10x10,2,7,sub-pd17_seg000,PD
paper_segment_10x10,2,1,sub-pd17_seg001,PD
paper_segment_10x10,2,1,sub-pd17_seg002,PD
paper_segment_10x10,2,0,sub-pd17_seg003,PD
paper_segment_10x10,2,7,sub-pd17_seg004,PD
paper_segment_10x10,2,6,sub-pd17_seg005,PD
paper_segment_10x10,2,8,sub-pd17_seg006,PD
paper_segment_10x10,2,3,sub-pd17_seg007,PD
paper_segment_10x10,2,7,sub-pd17_seg008,PD
paper_segment_10x10,2,8,sub-pd17_seg009,PD
paper_segment_10x10,2,1,sub-pd17_seg010,PD
paper_segment_10x10,2,5,sub-pd17_seg011,PD
paper_segment_10x10,2,4,sub-pd17_seg012,PD
paper_segment_10x10,2,5,sub-pd17_seg013,PD
paper_segment_10x10,2,1,sub-pd17_seg014,PD
paper_segment_10x10,2,2,sub-pd17_seg015,PD
paper_segment_10x10,2,4,sub-pd17_seg016,PD
paper_segment_10x10,2,9,sub-pd17_seg017,PD
paper_segment_10x10,2,1,sub-pd19_seg000,PD
paper_segment_10x10,2,6,sub-pd19_seg001,PD
paper_segment_10x10,2,2,sub-pd19_seg002,PD
paper_segment_10x10,2,6,sub-pd19_seg003,PD
paper_segment_10x10,2,7,sub-pd19_seg004,PD
paper_segment_10x10,2,6,sub-pd19_seg005,PD
paper_segment_10x10,2,3,sub-pd19_seg006,PD
paper_segment_10x10,2,4,sub-pd19_seg007,PD
paper_segment_10x10,2,9,sub-pd19_seg008,PD
paper_segment_10x10,2,4,sub-pd19_seg009,PD
paper_segment_10x10,2,7,sub-pd19_seg010,PD
paper_segment_10x10,2,4,sub-pd19_seg011,PD
paper_segment_10x10,2,6,sub-pd19_seg012,PD
paper_segment_10x10,2,1,sub-pd19_seg013,PD
paper_segment_10x10,2,3,sub-pd19_seg014,PD
paper_segment_10x10,2,0,sub-pd19_seg015,PD
paper_segment_10x10,2,6,sub-pd19_seg016,PD
paper_segment_10x10,2,5,sub-pd19_seg017,PD
paper_segment_10x10,2,5,sub-pd22_seg000,PD
paper_segment_10x10,2,7,sub-pd22_seg001,PD
paper_segment_10x10,2,0,sub-pd22_seg002,PD
paper_segment_10x10,2,0,sub-pd22_seg003,PD
paper_segment_10x10,2,7,sub-pd22_seg004,PD
paper_segment_10x10,2,9,sub-pd22_seg005,PD
paper_segment_10x10,2,4,sub-pd22_seg006,PD
paper_segment_10x10,2,3,sub-pd22_seg007,PD
paper_segment_10x10,2,8,sub-pd22_seg008,PD
paper_segment_10x10,2,5,sub-pd22_seg009,PD
paper_segment_10x10,2,4,sub-pd22_seg010,PD
paper_segment_10x10,2,4,sub-pd22_seg011,PD
paper_segment_10x10,2,1,sub-pd22_seg012,PD
paper_segment_10x10,2,5,sub-pd22_seg013,PD
paper_segment_10x10,2,6,sub-pd22_seg014,PD
paper_segment_10x10,2,0,sub-pd22_seg015,PD
paper_segment_10x10,2,6,sub-pd22_seg016,PD
paper_segment_10x10,2,9,sub-pd22_seg017,PD
paper_segment_10x10,2,5,sub-pd23_seg000,PD
paper_segment_10x10,2,9,sub-pd23_seg001,PD
paper_segment_10x10,2,5,sub-pd23_seg002,PD
paper_segment_10x10,2,8,sub-pd23_seg003,PD
paper_segment_10x10,2,4,sub-pd23_seg004,PD
paper_segment_10x10,2,8,sub-pd23_seg005,PD
paper_segment_10x10,2,0,sub-pd23_seg006,PD
paper_segment_10x10,2,2,sub-pd23_seg007,PD
paper_segment_10x10,2,2,sub-pd23_seg008,PD
paper_segment_10x10,2,7,sub-pd23_seg009,PD
paper_segment_10x10,2,1,sub-pd23_seg010,PD
paper_segment_10x10,2,3,sub-pd23_seg011,PD
paper_segment_10x10,2,2,sub-pd23_seg012,PD
paper_segment_10x10,2,3,sub-pd23_seg013,PD
paper_segment_10x10,2,7,sub-pd23_seg014,PD
paper_segment_10x10,2,7,sub-pd23_seg015,PD
paper_segment_10x10,2,9,sub-pd23_seg016,PD
paper_segment_10x10,2,0,sub-pd23_seg017,PD
paper_segment_10x10,2,8,sub-pd23_seg018,PD
paper_segment_10x10,2,7,sub-pd23_seg019,HC
paper_segment_10x10,2,1,sub-pd26_seg000,PD
paper_segment_10x10,2,1,sub-pd26_seg001,PD
paper_segment_10x10,2,1,sub-pd26_seg002,PD
paper_segment_10x10,2,6,sub-pd26_seg003,PD
paper_segment_10x10,2,8,sub-pd26_seg004,PD
paper_segment_10x10,2,3,sub-pd26_seg005,PD
paper_segment_10x10,2,4,sub-pd26_seg006,PD
paper_segment_10x10,2,4,sub-pd26_seg007,PD
paper_segment_10x10,2,2,sub-pd26_seg008,PD
paper_segment_10x10,2,2,sub-pd26_seg009,PD
paper_segment_10x10,2,3,sub-pd26_seg010,PD
paper_segment_10x10,2,8,sub-pd26_seg011,PD
paper_segment_10x10,2,6,sub-pd26_seg012,PD
paper_segment_10x10,2,9,sub-pd26_seg013,PD
paper_segment_10x10,2,2,sub-pd26_seg014,PD
paper_segment_10x10,2,3,sub-pd26_seg015,PD
paper_segment_10x10,2,4,sub-pd26_seg016,PD
paper_segment_10x10,2,8,sub-pd26_seg017,PD
paper_segment_10x10,2,0,sub-pd26_seg018,PD
paper_segment_10x10,2,6,sub-pd28_seg000,PD
paper_segment_10x10,2,0,sub-pd28_seg001,PD
paper_segment_10x10,2,7,sub-pd28_seg002,PD
paper_segment_10x10,2,5,sub-pd28_seg003,PD
paper_segment_10x10,2,9,sub-pd28_seg004,PD
paper_segment_10x10,2,3,sub-pd28_seg005,PD
paper_segment_10x10,2,8,sub-pd28_seg006,PD
paper_segment_10x10,2,6,sub-pd28_seg007,PD
paper_segment_10x10,2,4,sub-pd28_seg008,PD
paper_segment_10x10,2,9,sub-pd28_seg009,PD
paper_segment_10x10,2,0,sub-pd28_seg010,PD
paper_segment_10x10,2,4,sub-pd28_seg011,PD
paper_segment_10x10,2,3,sub-pd28_seg012,PD
paper_segment_10x10,2,6,sub-pd28_seg013,PD
paper_segment_10x10,2,3,sub-pd28_seg014,PD
paper_segment_10x10,2,5,sub-pd28_seg015,PD
paper_segment_10x10,2,2,sub-pd28_seg016,PD
paper_segment_10x10,2,9,sub-pd28_seg017,PD
paper_segment_10x10,2,7,sub-pd28_seg018,PD
paper_segment_10x10,2,5,sub-pd28_seg019,PD
paper_segment_10x10,3,0,sub-hc1_seg000,HC
paper_segment_10x10,3,2,sub-hc1_seg001,HC
paper_segment_10x10,3,5,sub-hc1_seg002,HC
paper_segment_10x10,3,7,sub-hc1_seg003,HC
paper_segment_10x10,3,6,sub-hc1_seg004,HC
paper_segment_10x10,3,3,sub-hc1_seg005,HC
paper_segment_10x10,3,8,sub-hc1_seg006,HC
paper_segment_10x10,3,1,sub-hc1_seg007,HC
paper_segment_10x10,3,9,sub-hc1_seg008,HC
paper_segment_10x10,3,6,sub-hc1_seg009,HC
paper_segment_10x10,3,3,sub-hc1_seg010,HC
paper_segment_10x10,3,9,sub-hc1_seg011,HC
paper_segment_10x10,3,8,sub-hc1_seg012,HC
paper_segment_10x10,3,5,sub-hc1_seg013,HC
paper_segment_10x10,3,7,sub-hc1_seg014,HC
paper_segment_10x10,3,9,sub-hc1_seg015,HC
paper_segment_10x10,3,5,sub-hc1_seg016,HC
paper_segment_10x10,3,7,sub-hc1_seg017,HC
paper_segment_10x10,3,4,sub-hc1_seg018,HC
paper_segment_10x10,3,7,sub-hc2_seg000,HC
paper_segment_10x10,3,0,sub-hc2_seg001,HC
paper_segment_10x10,3,3,sub-hc2_seg002,HC
paper_segment_10x10,3,9,sub-hc2_seg003,HC
paper_segment_10x10,3,8,sub-hc2_seg004,HC
paper_segment_10x10,3,4,sub-hc2_seg005,HC
paper_segment_10x10,3,0,sub-hc2_seg006,HC
paper_segment_10x10,3,9,sub-hc2_seg007,HC
paper_segment_10x10,3,7,sub-hc2_seg008,HC
paper_segment_10x10,3,8,sub-hc2_seg009,HC
paper_segment_10x10,3,9,sub-hc2_seg010,HC
paper_segment_10x10,3,8,sub-hc2_seg011,HC
paper_segment_10x10,3,2,sub-hc2_seg012,HC
paper_segment_10x10,3,1,sub-hc2_seg013,HC
paper_segment_10x10,3,7,sub-hc2_seg014,HC
paper_segment_10x10,3,4,sub-hc2_seg015,HC
paper_segment_10x10,3,4,sub-hc2_seg016,HC
paper_segment_10x10,3,5,sub-hc2_seg017,HC
paper_segment_10x10,3,1,sub-hc2_seg018,HC
paper_segment_10x10,3,1,sub-hc4_seg000,HC
paper_segment_10x10,3,5,sub-hc4_seg001,HC
paper_segment_10x10,3,6,sub-hc4_seg002,HC
paper_segment_10x10,3,5,sub-hc4_seg003,HC
paper_segment_10x10,3,9,sub-hc4_seg004,HC
paper_segment_10x10,3,4,sub-hc4_seg005,HC
paper_segment_10x10,3,7,sub-hc4_seg006,HC
paper_segment_10x10,3,2,sub-hc4_seg007,HC
paper_segment_10x10,3,6,sub-hc4_seg008,HC
paper_segment_10x10,3,5,sub-hc4_seg009,HC
paper_segment_10x10,3,8,sub-hc4_seg010,HC
paper_segment_10x10,3,1,sub-hc4_seg011,HC
paper_segment_10x10,3,2,sub-hc4_seg012,HC
paper_segment_10x10,3,4,sub-hc4_seg013,HC
paper_segment_10x10,3,6,sub-hc4_seg014,HC
paper_segment_10x10,3,8,sub-hc4_seg015,HC
paper_segment_10x10,3,4,sub-hc4_seg016,HC
paper_segment_10x10,3,6,sub-hc4_seg017,HC
paper_segment_10x10,3,1,sub-hc7_seg000,HC
paper_segment_10x10,3,3,sub-hc7_seg001,HC
paper_segment_10x10,3,9,sub-hc7_seg002,HC
paper_segment_10x10,3,6,sub-hc7_seg003,HC
paper_segment_10x10,3,1,sub-hc7_seg004,HC
paper_segment_10x10,3,5,sub-hc7_seg005,HC
paper_segment_10x10,3,3,sub-hc7_seg006,HC
paper_segment_10x10,3,6,sub-hc7_seg007,HC
paper_segment_10x10,3,5,sub-hc7_seg008,HC
paper_segment_10x10,3,7,sub-hc7_seg009,HC
paper_segment_10x10,3,5,sub-hc7_seg010,HC
paper_segment_10x10,3,0,sub-hc7_seg011,HC
paper_segment_10x10,3,2,sub-hc7_seg012,HC
paper_segment_10x10,3,2,sub-hc7_seg013,HC
paper_segment_10x10,3,4,sub-hc7_seg014,HC
paper_segment_10x10,3,3,sub-hc7_seg015,HC
paper_segment_10x10,3,4,sub-hc7_seg016,HC
paper_segment_10x10,3,6,sub-hc7_seg017,HC
paper_segment_10x10,3,3,sub-hc7_seg018,HC
paper_segment_10x10,3,6,sub-hc8_seg000,HC
paper_segment_10x10,3,1,sub-hc8_seg001,HC
paper_segment_10x10,3,5,sub-hc8_seg002,HC
paper_segment_10x10,3,8,sub-hc8_seg003,HC
paper_segment_10x10,3,4,sub-hc8_seg004,HC
paper_segment_10x10,3,7,sub-hc8_seg005,HC
paper_segment_10x10,3,4,sub-hc8_seg006,HC
paper_segment_10x10,3,2,sub-hc8_seg007,HC
paper_segment_10x10,3,9,sub-hc8_seg008,HC
paper_segment_10x10,3,6,sub-hc8_seg009,HC
paper_segment_10x10,3,4,sub-hc8_seg010,HC
paper_segment_10x10,3,5,sub-hc8_seg011,HC
paper_segment_10x10,3,5,sub-hc8_seg012,HC
paper_segment_10x10,3,7,sub-hc8_seg013,HC
paper_segment_10x10,3,3,sub-hc8_seg014,HC
paper_segment_10x10,3,3,sub-hc8_seg015,HC
paper_segment_10x10,3,0,sub-hc8_seg016,HC
paper_segment_10x10,3,2,sub-hc8_seg017,HC
paper_segment_10x10,3,5,sub-hc8_seg018,HC
paper_segment_10x10,3,1,sub-hc10_seg000,HC
paper_segment_10x10,3,1,sub-hc10_seg001,HC
paper_segment_10x10,3,3,sub-hc10_seg002,HC
paper_segment_10x10,3,2,sub-hc10_seg003,HC
paper_segment_10x10,3,6,sub-hc10_seg004,HC
paper_segment_10x10,3,6,sub-hc10_seg005,HC
paper_segment_10x10,3,6,sub-hc10_seg006,HC
paper_segment_10x10,3,9,sub-hc10_seg007,HC
paper_segment_10x10,3,1,sub-hc10_seg008,HC
paper_segment_10x10,3,0,sub-hc10_seg009,HC
paper_segment_10x10,3,3,sub-hc10_seg010,HC
paper_segment_10x10,3,8,sub-hc10_seg011,HC
paper_segment_10x10,3,5,sub-hc10_seg012,HC
paper_segment_10x10,3,5,sub-hc10_seg013,HC
paper_segment_10x10,3,1,sub-hc10_seg014,HC
paper_segment_10x10,3,2,sub-hc10_seg015,HC
paper_segment_10x10,3,1,sub-hc10_seg016,HC
paper_segment_10x10,3,4,sub-hc10_seg017,HC
paper_segment_10x10,3,9,sub-hc10_seg018,HC
paper_segment_10x10,3,8,sub-hc10_seg019,HC
paper_segment_10x10,3,0,sub-hc18_seg000,HC
paper_segment_10x10,3,6,sub-hc18_seg001,HC
paper_segment_10x10,3,4,sub-hc18_seg002,HC
paper_segment_10x10,3,3,sub-hc18_seg003,HC
paper_segment_10x10,3,0,sub-hc18_seg004,HC
paper_segment_10x10,3,0,sub-hc18_seg005,HC
paper_segment_10x10,3,3,sub-hc18_seg006,HC
paper_segment_10x10,3,8,sub-hc18_seg007,HC
paper_segment_10x10,3,0,sub-hc18_seg008,HC
paper_segment_10x10,3,2,sub-hc18_seg009,HC
paper_segment_10x10,3,0,sub-hc18_seg010,HC
paper_segment_10x10,3,1,sub-hc18_seg011,HC
paper_segment_10x10,3,3,sub-hc18_seg012,HC
paper_segment_10x10,3,1,sub-hc18_seg013,HC
paper_segment_10x10,3,7,sub-hc18_seg014,HC
paper_segment_10x10,3,8,sub-hc18_seg015,HC
paper_segment_10x10,3,8,sub-hc18_seg016,HC
paper_segment_10x10,3,2,sub-hc18_seg017,HC
paper_segment_10x10,3,1,sub-hc20_seg000,HC
paper_segment_10x10,3,7,sub-hc20_seg001,HC
paper_segment_10x10,3,6,sub-hc20_seg002,HC
paper_segment_10x10,3,3,sub-hc20_seg003,HC
paper_segment_10x10,3,9,sub-hc20_seg004,HC
paper_segment_10x10,3,8,sub-hc20_seg005,HC
paper_segment_10x10,3,7,sub-hc20_seg006,HC
paper_segment_10x10,3,4,sub-hc20_seg007,HC
paper_segment_10x10,3,0,sub-hc20_seg008,HC
paper_segment_10x10,3,3,sub-hc20_seg009,HC
paper_segment_10x10,3,0,sub-hc20_seg010,HC
paper_segment_10x10,3,9,sub-hc20_seg011,HC
paper_segment_10x10,3,8,sub-hc20_seg012,HC
paper_segment_10x10,3,8,sub-hc20_seg013,HC
paper_segment_10x10,3,1,sub-hc20_seg014,HC
paper_segment_10x10,3,8,sub-hc20_seg015,HC
paper_segment_10x10,3,0,sub-hc20_seg016,HC
paper_segment_10x10,3,9,sub-hc20_seg017,HC
paper_segment_10x10,3,6,sub-hc21_seg000,HC
paper_segment_10x10,3,0,sub-hc21_seg001,HC
paper_segment_10x10,3,0,sub-hc21_seg002,HC
paper_segment_10x10,3,6,sub-hc21_seg003,HC
paper_segment_10x10,3,2,sub-hc21_seg004,HC
paper_segment_10x10,3,4,sub-hc21_seg005,HC
paper_segment_10x10,3,8,sub-hc21_seg006,HC
paper_segment_10x10,3,6,sub-hc21_seg007,HC
paper_segment_10x10,3,8,sub-hc21_seg008,HC
paper_segment_10x10,3,7,sub-hc21_seg009,HC
paper_segment_10x10,3,4,sub-hc21_seg010,HC
paper_segment_10x10,3,1,sub-hc21_seg011,HC
paper_segment_10x10,3,9,sub-hc21_seg012,HC
paper_segment_10x10,3,5,sub-hc21_seg013,HC
paper_segment_10x10,3,9,sub-hc21_seg014,HC
paper_segment_10x10,3,7,sub-hc21_seg015,HC
paper_segment_10x10,3,0,sub-hc21_seg016,HC
paper_segment_10x10,3,9,sub-hc21_seg017,HC
paper_segment_10x10,3,5,sub-hc24_seg000,HC
paper_segment_10x10,3,5,sub-hc24_seg001,HC
paper_segment_10x10,3,3,sub-hc24_seg002,HC
paper_segment_10x10,3,3,sub-hc24_seg003,HC
paper_segment_10x10,3,3,sub-hc24_seg004,HC
paper_segment_10x10,3,1,sub-hc24_seg005,HC
paper_segment_10x10,3,2,sub-hc24_seg006,HC
paper_segment_10x10,3,0,sub-hc24_seg007,HC
paper_segment_10x10,3,1,sub-hc24_seg008,HC
paper_segment_10x10,3,9,sub-hc24_seg009,HC
paper_segment_10x10,3,4,sub-hc24_seg010,HC
paper_segment_10x10,3,9,sub-hc24_seg011,HC
paper_segment_10x10,3,7,sub-hc24_seg012,HC
paper_segment_10x10,3,5,sub-hc24_seg013,HC
paper_segment_10x10,3,8,sub-hc24_seg014,HC
paper_segment_10x10,3,2,sub-hc24_seg015,HC
paper_segment_10x10,3,8,sub-hc24_seg016,HC
paper_segment_10x10,3,2,sub-hc24_seg017,HC
paper_segment_10x10,3,7,sub-hc24_seg018,HC
paper_segment_10x10,3,7,sub-hc25_seg000,HC
paper_segment_10x10,3,8,sub-hc25_seg001,HC
paper_segment_10x10,3,4,sub-hc25_seg002,HC
paper_segment_10x10,3,7,sub-hc25_seg003,HC
paper_segment_10x10,3,1,sub-hc25_seg004,HC
paper_segment_10x10,3,8,sub-hc25_seg005,HC
paper_segment_10x10,3,3,sub-hc25_seg006,HC
paper_segment_10x10,3,3,sub-hc25_seg007,HC
paper_segment_10x10,3,0,sub-hc25_seg008,HC
paper_segment_10x10,3,1,sub-hc25_seg009,HC
paper_segment_10x10,3,1,sub-hc25_seg010,HC
paper_segment_10x10,3,7,sub-hc25_seg011,HC
paper_segment_10x10,3,8,sub-hc25_seg012,HC
paper_segment_10x10,3,1,sub-hc25_seg013,HC
paper_segment_10x10,3,9,sub-hc25_seg014,HC
paper_segment_10x10,3,2,sub-hc25_seg015,HC
paper_segment_10x10,3,7,sub-hc25_seg016,HC
paper_segment_10x10,3,9,sub-hc25_seg017,HC
paper_segment_10x10,3,2,sub-hc25_seg018,HC
paper_segment_10x10,3,6,sub-hc25_seg019,HC
paper_segment_10x10,3,9,sub-hc29_seg000,HC
paper_segment_10x10,3,0,sub-hc29_seg001,HC
paper_segment_10x10,3,4,sub-hc29_seg002,HC
paper_segment_10x10,3,9,sub-hc29_seg003,HC
paper_segment_10x10,3,8,sub-hc29_seg004,HC
paper_segment_10x10,3,2,sub-hc29_seg005,HC
paper_segment_10x10,3,7,sub-hc29_seg006,HC
paper_segment_10x10,3,5,sub-hc29_seg007,HC
paper_segment_10x10,3,3,sub-hc29_seg008,HC
paper_segment_10x10,3,0,sub-hc29_seg009,HC
paper_segment_10x10,3,2,sub-hc29_seg010,HC
paper_segment_10x10,3,7,sub-hc29_seg011,HC
paper_segment_10x10,3,9,sub-hc29_seg012,HC
paper_segment_10x10,3,6,sub-hc29_seg013,HC
paper_segment_10x10,3,2,sub-hc29_seg014,HC
paper_segment_10x10,3,0,sub-hc29_seg015,HC
paper_segment_10x10,3,4,sub-hc29_seg016,HC
paper_segment_10x10,3,5,sub-hc29_seg017,HC
paper_segment_10x10,3,0,sub-hc29_seg018,HC
paper_segment_10x10,3,6,sub-hc30_seg000,HC
paper_segment_10x10,3,3,sub-hc30_seg001,HC
paper_segment_10x10,3,6,sub-hc30_seg002,HC
paper_segment_10x10,3,5,sub-hc30_seg003,HC
paper_segment_10x10,3,9,sub-hc30_seg004,HC
paper_segment_10x10,3,1,sub-hc30_seg005,HC
paper_segment_10x10,3,2,sub-hc30_seg006,HC
paper_segment_10x10,3,4,sub-hc30_seg007,PD
paper_segment_10x10,3,2,sub-hc30_seg008,HC
paper_segment_10x10,3,1,sub-hc30_seg009,HC
paper_segment_10x10,3,7,sub-hc30_seg010,HC
paper_segment_10x10,3,1,sub-hc30_seg011,HC
paper_segment_10x10,3,3,sub-hc30_seg012,HC
paper_segment_10x10,3,1,sub-hc30_seg013,HC
paper_segment_10x10,3,0,sub-hc30_seg014,HC
paper_segment_10x10,3,5,sub-hc30_seg015,HC
paper_segment_10x10,3,4,sub-hc30_seg016,HC
paper_segment_10x10,3,6,sub-hc30_seg017,HC
paper_segment_10x10,3,1,sub-hc31_seg000,HC
paper_segment_10x10,3,9,sub-hc31_seg001,HC
paper_segment_10x10,3,0,sub-hc31_seg002,HC
paper_segment_10x10,3,6,sub-hc31_seg003,HC
paper_segment_10x10,3,9,sub-hc31_seg004,HC
paper_segment_10x10,3,0,sub-hc31_seg005,HC
paper_segment_10x10,3,7,sub-hc31_seg006,HC
paper_segment_10x10,3,3,sub-hc31_seg007,HC
paper_segment_10x10,3,7,sub-hc31_seg008,HC
paper_segment_10x10,3,3,sub-hc31_seg009,HC
paper_segment_10x10,3,5,sub-hc31_seg010,HC
paper_segment_10x10,3,2,sub-hc31_seg011,HC
paper_segment_10x10,3,6,sub-hc31_seg012,HC
paper_segment_10x10,3,0,sub-hc31_seg013,HC
paper_segment_10x10,3,5,sub-hc31_seg014,HC
paper_segment_10x10,3,3,sub-hc31_seg015,HC
paper_segment_10x10,3,0,sub-hc31_seg016,HC
paper_segment_10x10,3,6,sub-hc31_seg017,HC
paper_segment_10x10,3,3,sub-hc32_seg000,HC
paper_segment_10x10,3,4,sub-hc32_seg001,HC
paper_segment_10x10,3,4,sub-hc32_seg002,HC
paper_segment_10x10,3,3,sub-hc32_seg003,HC
paper_segment_10x10,3,4,sub-hc32_seg004,HC
paper_segment_10x10,3,5,sub-hc32_seg005,HC
paper_segment_10x10,3,2,sub-hc32_seg006,HC
paper_segment_10x10,3,6,sub-hc32_seg007,HC
paper_segment_10x10,3,2,sub-hc32_seg008,HC
paper_segment_10x10,3,2,sub-hc32_seg009,HC
paper_segment_10x10,3,7,sub-hc32_seg010,HC
paper_segment_10x10,3,6,sub-hc32_seg011,HC
paper_segment_10x10,3,4,sub-hc32_seg012,HC
paper_segment_10x10,3,9,sub-hc32_seg013,HC
paper_segment_10x10,3,8,sub-hc32_seg014,HC
paper_segment_10x10,3,5,sub-hc32_seg015,HC
paper_segment_10x10,3,6,sub-hc32_seg016,HC
paper_segment_10x10,3,8,sub-hc32_seg017,HC
paper_segment_10x10,3,0,sub-hc32_seg018,HC
paper_segment_10x10,3,7,sub-hc33_seg000,HC
paper_segment_10x10,3,1,sub-hc33_seg001,HC
paper_segment_10x10,3,7,sub-hc33_seg002,HC
paper_segment_10x10,3,2,sub-hc33_seg003,HC
paper_segment_10x10,3,4,sub-hc33_seg004,HC
paper_segment_10x10,3,7,sub-hc33_seg005,HC
paper_segment_10x10,3,2,sub-hc33_seg006,HC
paper_segment_10x10,3,5,sub-hc33_seg007,HC
paper_segment_10x10,3,8,sub-hc33_seg008,HC
paper_segment_10x10,3,5,sub-hc33_seg009,HC
paper_segment_10x10,3,4,sub-hc33_seg010,HC
paper_segment_10x10,3,2,sub-hc33_seg011,HC
paper_segment_10x10,3,0,sub-hc33_seg012,HC
paper_segment_10x10,3,8,sub-hc33_seg013,HC
paper_segment_10x10,3,9,sub-hc33_seg014,HC
paper_segment_10x10,3,8,sub-hc33_seg015,HC
paper_segment_10x10,3,9,sub-hc33_seg016,HC
paper_segment_10x10,3,4,sub-hc33_seg017,HC
paper_segment_10x10,3,3,sub-hc33_seg018,HC
paper_segment_10x10,3,3,sub-pd3_seg000,PD
paper_segment_10x10,3,2,sub-pd3_seg001,PD
paper_segment_10x10,3,3,sub-pd3_seg002,PD
paper_segment_10x10,3,9,sub-pd3_seg003,PD
paper_segment_10x10,3,1,sub-pd3_seg004,PD
paper_segment_10x10,3,0,sub-pd3_seg005,PD
paper_segment_10x10,3,5,sub-pd3_seg006,PD
paper_segment_10x10,3,3,sub-pd3_seg007,PD
paper_segment_10x10,3,2,sub-pd3_seg008,PD
paper_segment_10x10,3,5,sub-pd3_seg009,PD
paper_segment_10x10,3,6,sub-pd3_seg010,PD
paper_segment_10x10,3,0,sub-pd3_seg011,PD
paper_segment_10x10,3,8,sub-pd3_seg012,PD
paper_segment_10x10,3,4,sub-pd3_seg013,PD
paper_segment_10x10,3,6,sub-pd3_seg014,PD
paper_segment_10x10,3,8,sub-pd3_seg015,PD
paper_segment_10x10,3,8,sub-pd3_seg016,PD
paper_segment_10x10,3,6,sub-pd3_seg017,PD
paper_segment_10x10,3,5,sub-pd3_seg018,PD
paper_segment_10x10,3,4,sub-pd3_seg019,PD
paper_segment_10x10,3,5,sub-pd5_seg000,PD
paper_segment_10x10,3,7,sub-pd5_seg001,PD
paper_segment_10x10,3,3,sub-pd5_seg002,PD
paper_segment_10x10,3,9,sub-pd5_seg003,PD
paper_segment_10x10,3,2,sub-pd5_seg004,PD
paper_segment_10x10,3,1,sub-pd5_seg005,PD
paper_segment_10x10,3,6,sub-pd5_seg006,PD
paper_segment_10x10,3,4,sub-pd5_seg007,PD
paper_segment_10x10,3,4,sub-pd5_seg008,PD
paper_segment_10x10,3,1,sub-pd5_seg009,PD
paper_segment_10x10,3,0,sub-pd5_seg010,PD
paper_segment_10x10,3,5,sub-pd5_seg011,PD
paper_segment_10x10,3,8,sub-pd5_seg012,PD
paper_segment_10x10,3,3,sub-pd5_seg013,PD
paper_segment_10x10,3,8,sub-pd5_seg014,PD
paper_segment_10x10,3,9,sub-pd5_seg015,PD
paper_segment_10x10,3,5,sub-pd5_seg016,PD
paper_segment_10x10,3,8,sub-pd5_seg017,PD
paper_segment_10x10,3,3,sub-pd5_seg018,PD
paper_segment_10x10,3,2,sub-pd6_seg000,PD
paper_segment_10x10,3,7,sub-pd6_seg001,PD
paper_segment_10x10,3,7,sub-pd6_seg002,PD
paper_segment_10x10,3,2,sub-pd6_seg003,PD
paper_segment_10x10,3,5,sub-pd6_seg004,PD
paper_segment_10x10,3,8,sub-pd6_seg005,PD
paper_segment_10x10,3,6,sub-pd6_seg006,PD
paper_segment_10x10,3,1,sub-pd6_seg007,PD
paper_segment_10x10,3,1,sub-pd6_seg008,PD
paper_segment_10x10,3,4,sub-pd6_seg009,PD
paper_segment_10x10,3,7,sub-pd6_seg010,PD
paper_segment_10x10,3,2,sub-pd6_seg011,PD
paper_segment_10x10,3,7,sub-pd6_seg012,PD
paper_segment_10x10,3,0,sub-pd6_seg013,PD
paper_segment_10x10,3,1,sub-pd6_seg014,PD
paper_segment_10x10,3,2,sub-pd6_seg015,PD
paper_segment_10x10,3,6,sub-pd6_seg016,PD
paper_segment_10x10,3,9,sub-pd6_seg017,PD
paper_segment_10x10,3,7,sub-pd6_seg018,PD
paper_segment_10x10,3,0,sub-pd9_seg000,PD
paper_segment_10x10,3,5,sub-pd9_seg001,PD
paper_segment_10x10,3,4,sub-pd9_seg002,PD
paper_segment_10x10,3,2,sub-pd9_seg003,PD
paper_segment_10x10,3,8,sub-pd9_seg004,PD
paper_segment_10x10,3,6,sub-pd9_seg005,PD
paper_segment_10x10,3,3,sub-pd9_seg006,PD
paper_segment_10x10,3,0,sub-pd9_seg007,PD
paper_segment_10x10,3,4,sub-pd9_seg008,PD
paper_segment_10x10,3,5,sub-pd9_seg009,PD
paper_segment_10x10,3,0,sub-pd9_seg010,PD
paper_segment_10x10,3,5,sub-pd9_seg011,PD
paper_segment_10x10,3,6,sub-pd9_seg012,PD
paper_segment_10x10,3,6,sub-pd9_seg013,PD
paper_segment_10x10,3,3,sub-pd9_seg014,PD
paper_segment_10x10,3,0,sub-pd9_seg015,PD
paper_segment_10x10,3,6,sub-pd9_seg016,PD
paper_segment_10x10,3,7,sub-pd9_seg017,PD
paper_segment_10x10,3,4,sub-pd9_seg018,PD
paper_segment_10x10,3,0,sub-pd12_seg000,PD
paper_segment_10x10,3,4,sub-pd12_seg001,PD
paper_segment_10x10,3,1,sub-pd12_seg002,PD
paper_segment_10x10,3,6,sub-pd12_seg003,PD
paper_segment_10x10,3,2,sub-pd12_seg004,PD
paper_segment_10x10,3,2,sub-pd12_seg005,PD
paper_segment_10x10,3,5,sub-pd12_seg006,PD
paper_segment_10x10,3,1,sub-pd12_seg007,PD
paper_segment_10x10,3,3,sub-pd12_seg008,PD
paper_segment_10x10,3,6,sub-pd12_seg009,PD
paper_segment_10x10,3,7,sub-pd12_seg010,PD
paper_segment_10x10,3,8,sub-pd12_seg011,PD
paper_segment_10x10,3,9,sub-pd12_seg012,PD
paper_segment_10x10,3,5,sub-pd12_seg013,PD
paper_segment_10x10,3,9,sub-pd12_seg014,PD
paper_segment_10x10,3,3,sub-pd12_seg015,PD
paper_segment_10x10,3,2,sub-pd12_seg016,PD
paper_segment_10x10,3,7,sub-pd12_seg017,PD
paper_segment_10x10,3,1,sub-pd12_seg018,PD
paper_segment_10x10,3,3,sub-pd12_seg019,PD
paper_segment_10x10,3,2,sub-pd11_seg000,PD
paper_segment_10x10,3,3,sub-pd11_seg001,PD
paper_segment_10x10,3,7,sub-pd11_seg002,PD
paper_segment_10x10,3,4,sub-pd11_seg003,PD
paper_segment_10x10,3,5,sub-pd11_seg004,PD
paper_segment_10x10,3,8,sub-pd11_seg005,PD
paper_segment_10x10,3,2,sub-pd11_seg006,PD
paper_segment_10x10,3,1,sub-pd11_seg007,PD
paper_segment_10x10,3,8,sub-pd11_seg008,PD
paper_segment_10x10,3,5,sub-pd11_seg009,PD
paper_segment_10x10,3,2,sub-pd11_seg010,PD
paper_segment_10x10,3,1,sub-pd11_seg011,PD
paper_segment_10x10,3,5,sub-pd11_seg012,PD
paper_segment_10x10,3,5,sub-pd11_seg013,PD
paper_segment_10x10,3,4,sub-pd11_seg014,PD
paper_segment_10x10,3,9,sub-pd11_seg015,PD
paper_segment_10x10,3,8,sub-pd11_seg016,PD
paper_segment_10x10,3,8,sub-pd11_seg017,PD
paper_segment_10x10,3,7,sub-pd13_seg000,PD
paper_segment_10x10,3,1,sub-pd13_seg001,PD
paper_segment_10x10,3,2,sub-pd13_seg002,PD
paper_segment_10x10,3,0,sub-pd13_seg003,PD
paper_segment_10x10,3,3,sub-pd13_seg004,PD
paper_segment_10x10,3,0,sub-pd13_seg005,PD
paper_segment_10x10,3,0,sub-pd13_seg006,PD
paper_segment_10x10,3,1,sub-pd13_seg007,PD
paper_segment_10x10,3,0,sub-pd13_seg008,PD
paper_segment_10x10,3,4,sub-pd13_seg009,PD
paper_segment_10x10,3,9,sub-pd13_seg010,PD
paper_segment_10x10,3,8,sub-pd13_seg011,PD
paper_segment_10x10,3,5,sub-pd13_seg012,PD
paper_segment_10x10,3,4,sub-pd13_seg013,PD
paper_segment_10x10,3,9,sub-pd13_seg014,PD
paper_segment_10x10,3,3,sub-pd13_seg015,PD
paper_segment_10x10,3,8,sub-pd13_seg016,PD
paper_segment_10x10,3,7,sub-pd13_seg017,PD
paper_segment_10x10,3,9,sub-pd14_seg000,PD
paper_segment_10x10,3,7,sub-pd14_seg001,PD
paper_segment_10x10,3,4,sub-pd14_seg002,PD
paper_segment_10x10,3,5,sub-pd14_seg003,PD
paper_segment_10x10,3,0,sub-pd14_seg004,PD
paper_segment_10x10,3,8,sub-pd14_seg005,PD
paper_segment_10x10,3,3,sub-pd14_seg006,PD
paper_segment_10x10,3,9,sub-pd14_seg007,PD
paper_segment_10x10,3,1,sub-pd14_seg008,PD
paper_segment_10x10,3,4,sub-pd14_seg009,PD
paper_segment_10x10,3,7,sub-pd14_seg010,PD
paper_segment_10x10,3,4,sub-pd14_seg011,PD
paper_segment_10x10,3,3,sub-pd14_seg012,PD
paper_segment_10x10,3,9,sub-pd14_seg013,PD
paper_segment_10x10,3,1,sub-pd14_seg014,PD
paper_segment_10x10,3,7,sub-pd14_seg015,PD
paper_segment_10x10,3,8,sub-pd14_seg016,PD
paper_segment_10x10,3,5,sub-pd14_seg017,PD
paper_segment_10x10,3,9,sub-pd14_seg018,PD
paper_segment_10x10,3,6,sub-pd14_seg019,PD
paper_segment_10x10,3,9,sub-pd14_seg020,PD
paper_segment_10x10,3,3,sub-pd14_seg021,PD
paper_segment_10x10,3,7,sub-pd14_seg022,PD
paper_segment_10x10,3,0,sub-pd14_seg023,PD
paper_segment_10x10,3,2,sub-pd14_seg024,PD
paper_segment_10x10,3,5,sub-pd14_seg025,PD
paper_segment_10x10,3,3,sub-pd14_seg026,PD
paper_segment_10x10,3,9,sub-pd14_seg027,PD
paper_segment_10x10,3,7,sub-pd14_seg028,PD
paper_segment_10x10,3,0,sub-pd16_seg000,PD
paper_segment_10x10,3,4,sub-pd16_seg001,PD
paper_segment_10x10,3,9,sub-pd16_seg002,PD
paper_segment_10x10,3,2,sub-pd16_seg003,PD
paper_segment_10x10,3,5,sub-pd16_seg004,PD
paper_segment_10x10,3,6,sub-pd16_seg005,PD
paper_segment_10x10,3,5,sub-pd16_seg006,PD
paper_segment_10x10,3,4,sub-pd16_seg007,PD
paper_segment_10x10,3,1,sub-pd16_seg008,PD
paper_segment_10x10,3,8,sub-pd16_seg009,PD
paper_segment_10x10,3,2,sub-pd16_seg010,PD
paper_segment_10x10,3,8,sub-pd16_seg011,PD
paper_segment_10x10,3,2,sub-pd16_seg012,PD
paper_segment_10x10,3,9,sub-pd16_seg013,PD
paper_segment_10x10,3,0,sub-pd16_seg014,PD
paper_segment_10x10,3,7,sub-pd16_seg015,PD
paper_segment_10x10,3,5,sub-pd16_seg016,PD
paper_segment_10x10,3,8,sub-pd16_seg017,PD
paper_segment_10x10,3,1,sub-pd17_seg000,PD
paper_segment_10x10,3,3,sub-pd17_seg001,PD
paper_segment_10x10,3,6,sub-pd17_seg002,PD
paper_segment_10x10,3,9,sub-pd17_seg003,PD
paper_segment_10x10,3,7,sub-pd17_seg004,PD
paper_segment_10x10,3,1,sub-pd17_seg005,PD
paper_segment_10x10,3,4,sub-pd17_seg006,PD
paper_segment_10x10,3,0,sub-pd17_seg007,PD
paper_segment_10x10,3,9,sub-pd17_seg008,PD
paper_segment_10x10,3,0,sub-pd17_seg009,PD
paper_segment_10x10,3,4,sub-pd17_seg010,PD
paper_segment_10x10,3,5,sub-pd17_seg011,PD
paper_segment_10x10,3,8,sub-pd17_seg012,PD
paper_segment_10x10,3,6,sub-pd17_seg013,PD
paper_segment_10x10,3,0,sub-pd17_seg014,PD
paper_segment_10x10,3,7,sub-pd17_seg015,PD
paper_segment_10x10,3,2,sub-pd17_seg016,PD
paper_segment_10x10,3,6,sub-pd17_seg017,PD
paper_segment_10x10,3,4,sub-pd19_seg000,PD
paper_segment_10x10,3,0,sub-pd19_seg001,PD
paper_segment_10x10,3,1,sub-pd19_seg002,PD
paper_segment_10x10,3,8,sub-pd19_seg003,PD
paper_segment_10x10,3,5,sub-pd19_seg004,PD
paper_segment_10x10,3,1,sub-pd19_seg005,PD
paper_segment_10x10,3,8,sub-pd19_seg006,PD
paper_segment_10x10,3,0,sub-pd19_seg007,PD
paper_segment_10x10,3,1,sub-pd19_seg008,PD
paper_segment_10x10,3,6,sub-pd19_seg009,PD
paper_segment_10x10,3,2,sub-pd19_seg010,PD
paper_segment_10x10,3,7,sub-pd19_seg011,PD
paper_segment_10x10,3,8,sub-pd19_seg012,PD
paper_segment_10x10,3,9,sub-pd19_seg013,PD
paper_segment_10x10,3,3,sub-pd19_seg014,PD
paper_segment_10x10,3,7,sub-pd19_seg015,PD
paper_segment_10x10,3,4,sub-pd19_seg016,PD
paper_segment_10x10,3,1,sub-pd19_seg017,PD
paper_segment_10x10,3,1,sub-pd22_seg000,PD
paper_segment_10x10,3,6,sub-pd22_seg001,PD
paper_segment_10x10,3,8,sub-pd22_seg002,PD
paper_segment_10x10,3,9,sub-pd22_seg003,PD
paper_segment_10x10,3,6,sub-pd22_seg004,PD
paper_segment_10x10,3,0,sub-pd22_seg005,PD
paper_segment_10x10,3,3,sub-pd22_seg006,PD
paper_segment_10x10,3,8,sub-pd22_seg007,PD
paper_segment_10x10,3,2,sub-pd22_seg008,PD
paper_segment_10x10,3,0,sub-pd22_seg009,PD
paper_segment_10x10,3,9,sub-pd22_seg010,PD
paper_segment_10x10,3,3,sub-pd22_seg011,PD
paper_segment_10x10,3,7,sub-pd22_seg012,PD
paper_segment_10x10,3,3,sub-pd22_seg013,PD
paper_segment_10x10,3,3,sub-pd22_seg014,PD
paper_segment_10x10,3,2,sub-pd22_seg015,PD
paper_segment_10x10,3,6,sub-pd22_seg016,PD
paper_segment_10x10,3,9,sub-pd22_seg017,PD
paper_segment_10x10,3,3,sub-pd23_seg000,PD
paper_segment_10x10,3,6,sub-pd23_seg001,PD
paper_segment_10x10,3,0,sub-pd23_seg002,PD
paper_segment_10x10,3,2,sub-pd23_seg003,PD
paper_segment_10x10,3,6,sub-pd23_seg004,PD
paper_segment_10x10,3,7,sub-pd23_seg005,PD
paper_segment_10x10,3,1,sub-pd23_seg006,PD
paper_segment_10x10,3,8,sub-pd23_seg007,PD
paper_segment_10x10,3,4,sub-pd23_seg008,PD
paper_segment_10x10,3,5,sub-pd23_seg009,PD
paper_segment_10x10,3,1,sub-pd23_seg010,PD
paper_segment_10x10,3,6,sub-pd23_seg011,PD
paper_segment_10x10,3,1,sub-pd23_seg012,PD
paper_segment_10x10,3,6,sub-pd23_seg013,PD
paper_segment_10x10,3,9,sub-pd23_seg014,PD
paper_segment_10x10,3,2,sub-pd23_seg015,PD
paper_segment_10x10,3,8,sub-pd23_seg016,PD
paper_segment_10x10,3,6,sub-pd23_seg017,PD
paper_segment_10x10,3,9,sub-pd23_seg018,PD
paper_segment_10x10,3,1,sub-pd23_seg019,PD
paper_segment_10x10,3,7,sub-pd26_seg000,PD
paper_segment_10x10,3,3,sub-pd26_seg001,PD
paper_segment_10x10,3,2,sub-pd26_seg002,PD
paper_segment_10x10,3,2,sub-pd26_seg003,PD
paper_segment_10x10,3,4,sub-pd26_seg004,PD
paper_segment_10x10,3,0,sub-pd26_seg005,PD
paper_segment_10x10,3,7,sub-pd26_seg006,PD
paper_segment_10x10,3,9,sub-pd26_seg007,PD
paper_segment_10x10,3,8,sub-pd26_seg008,PD
paper_segment_10x10,3,1,sub-pd26_seg009,PD
paper_segment_10x10,3,4,sub-pd26_seg010,PD
paper_segment_10x10,3,5,sub-pd26_seg011,PD
paper_segment_10x10,3,1,sub-pd26_seg012,PD
paper_segment_10x10,3,2,sub-pd26_seg013,PD
paper_segment_10x10,3,6,sub-pd26_seg014,PD
paper_segment_10x10,3,4,sub-pd26_seg015,PD
paper_segment_10x10,3,9,sub-pd26_seg016,PD
paper_segment_10x10,3,7,sub-pd26_seg017,PD
paper_segment_10x10,3,9,sub-pd26_seg018,PD
paper_segment_10x10,3,3,sub-pd28_seg000,PD
paper_segment_10x10,3,2,sub-pd28_seg001,PD
paper_segment_10x10,3,6,sub-pd28_seg002,PD
paper_segment_10x10,3,1,sub-pd28_seg003,PD
paper_segment_10x10,3,2,sub-pd28_seg004,PD
paper_segment_10x10,3,9,sub-pd28_seg005,PD
paper_segment_10x10,3,4,sub-pd28_seg006,PD
paper_segment_10x10,3,4,sub-pd28_seg007,PD
paper_segment_10x10,3,0,sub-pd28_seg008,PD
paper_segment_10x10,3,3,sub-pd28_seg009,PD
paper_segment_10x10,3,0,sub-pd28_seg010,PD
paper_segment_10x10,3,4,sub-pd28_seg011,PD
paper_segment_10x10,3,5,sub-pd28_seg012,PD
paper_segment_10x10,3,5,sub-pd28_seg013,PD
paper_segment_10x10,3,3,sub-pd28_seg014,PD
paper_segment_10x10,3,7,sub-pd28_seg015,PD
paper_segment_10x10,3,7,sub-pd28_seg016,PD
paper_segment_10x10,3,6,sub-pd28_seg017,PD
paper_segment_10x10,3,0,sub-pd28_seg018,PD
paper_segment_10x10,3,0,sub-pd28_seg019,PD
paper_segment_10x10,4,7,sub-hc1_seg000,HC
paper_segment_10x10,4,0,sub-hc1_seg001,HC
paper_segment_10x10,4,0,sub-hc1_seg002,HC
paper_segment_10x10,4,6,sub-hc1_seg003,HC
paper_segment_10x10,4,4,sub-hc1_seg004,HC
paper_segment_10x10,4,9,sub-hc1_seg005,HC
paper_segment_10x10,4,0,sub-hc1_seg006,HC
paper_segment_10x10,4,4,sub-hc1_seg007,HC
paper_segment_10x10,4,6,sub-hc1_seg008,HC
paper_segment_10x10,4,2,sub-hc1_seg009,HC
paper_segment_10x10,4,3,sub-hc1_seg010,HC
paper_segment_10x10,4,9,sub-hc1_seg011,HC
paper_segment_10x10,4,6,sub-hc1_seg012,HC
paper_segment_10x10,4,7,sub-hc1_seg013,HC
paper_segment_10x10,4,9,sub-hc1_seg014,HC
paper_segment_10x10,4,1,sub-hc1_seg015,HC
paper_segment_10x10,4,9,sub-hc1_seg016,HC
paper_segment_10x10,4,0,sub-hc1_seg017,HC
paper_segment_10x10,4,1,sub-hc1_seg018,HC
paper_segment_10x10,4,9,sub-hc2_seg000,HC
paper_segment_10x10,4,3,sub-hc2_seg001,HC
paper_segment_10x10,4,1,sub-hc2_seg002,HC
paper_segment_10x10,4,1,sub-hc2_seg003,HC
paper_segment_10x10,4,4,sub-hc2_seg004,HC
paper_segment_10x10,4,6,sub-hc2_seg005,HC
paper_segment_10x10,4,1,sub-hc2_seg006,HC
paper_segment_10x10,4,2,sub-hc2_seg007,HC
paper_segment_10x10,4,9,sub-hc2_seg008,HC
paper_segment_10x10,4,5,sub-hc2_seg009,HC
paper_segment_10x10,4,3,sub-hc2_seg010,HC
paper_segment_10x10,4,8,sub-hc2_seg011,HC
paper_segment_10x10,4,6,sub-hc2_seg012,HC
paper_segment_10x10,4,1,sub-hc2_seg013,HC
paper_segment_10x10,4,0,sub-hc2_seg014,HC
paper_segment_10x10,4,9,sub-hc2_seg015,HC
paper_segment_10x10,4,6,sub-hc2_seg016,HC
paper_segment_10x10,4,2,sub-hc2_seg017,HC
paper_segment_10x10,4,7,sub-hc2_seg018,HC
paper_segment_10x10,4,6,sub-hc4_seg000,HC
paper_segment_10x10,4,0,sub-hc4_seg001,HC
paper_segment_10x10,4,8,sub-hc4_seg002,HC
paper_segment_10x10,4,9,sub-hc4_seg003,HC
paper_segment_10x10,4,4,sub-hc4_seg004,HC
paper_segment_10x10,4,5,sub-hc4_seg005,HC
paper_segment_10x10,4,7,sub-hc4_seg006,HC
paper_segment_10x10,4,1,sub-hc4_seg007,HC
paper_segment_10x10,4,0,sub-hc4_seg008,HC
paper_segment_10x10,4,7,sub-hc4_seg009,HC
paper_segment_10x10,4,5,sub-hc4_seg010,HC
paper_segment_10x10,4,1,sub-hc4_seg011,HC
paper_segment_10x10,4,2,sub-hc4_seg012,HC
paper_segment_10x10,4,3,sub-hc4_seg013,HC
paper_segment_10x10,4,2,sub-hc4_seg014,HC
paper_segment_10x10,4,7,sub-hc4_seg015,HC
paper_segment_10x10,4,6,sub-hc4_seg016,HC
paper_segment_10x10,4,3,sub-hc4_seg017,HC
paper_segment_10x10,4,9,sub-hc7_seg000,HC
paper_segment_10x10,4,7,sub-hc7_seg001,HC
paper_segment_10x10,4,7,sub-hc7_seg002,HC
paper_segment_10x10,4,3,sub-hc7_seg003,HC
paper_segment_10x10,4,9,sub-hc7_seg004,HC
paper_segment_10x10,4,4,sub-hc7_seg005,HC
paper_segment_10x10,4,4,sub-hc7_seg006,HC
paper_segment_10x10,4,8,sub-hc7_seg007,HC
paper_segment_10x10,4,9,sub-hc7_seg008,HC
paper_segment_10x10,4,6,sub-hc7_seg009,HC
paper_segment_10x10,4,3,sub-hc7_seg010,HC
paper_segment_10x10,4,5,sub-hc7_seg011,HC
paper_segment_10x10,4,9,sub-hc7_seg012,HC
paper_segment_10x10,4,7,sub-hc7_seg013,HC
paper_segment_10x10,4,2,sub-hc7_seg014,HC
paper_segment_10x10,4,3,sub-hc7_seg015,HC
paper_segment_10x10,4,7,sub-hc7_seg016,HC
paper_segment_10x10,4,2,sub-hc7_seg017,HC
paper_segment_10x10,4,7,sub-hc7_seg018,HC
paper_segment_10x10,4,8,sub-hc8_seg000,HC
paper_segment_10x10,4,2,sub-hc8_seg001,HC
paper_segment_10x10,4,1,sub-hc8_seg002,HC
paper_segment_10x10,4,1,sub-hc8_seg003,HC
paper_segment_10x10,4,0,sub-hc8_seg004,HC
paper_segment_10x10,4,7,sub-hc8_seg005,HC
paper_segment_10x10,4,4,sub-hc8_seg006,HC
paper_segment_10x10,4,6,sub-hc8_seg007,HC
paper_segment_10x10,4,4,sub-hc8_seg008,HC
paper_segment_10x10,4,2,sub-hc8_seg009,HC
paper_segment_10x10,4,8,sub-hc8_seg010,HC
paper_segment_10x10,4,6,sub-hc8_seg011,HC
paper_segment_10x10,4,8,sub-hc8_seg012,HC
paper_segment_10x10,4,2,sub-hc8_seg013,HC
paper_segment_10x10,4,4,sub-hc8_seg014,HC
paper_segment_10x10,4,0,sub-hc8_seg015,HC
paper_segment_10x10,4,5,sub-hc8_seg016,HC
paper_segment_10x10,4,2,sub-hc8_seg017,HC
paper_segment_10x10,4,0,sub-hc8_seg018,HC
paper_segment_10x10,4,1,sub-hc10_seg000,HC
paper_segment_10x10,4,9,sub-hc10_seg001,HC
paper_segment_10x10,4,5,sub-hc10_seg002,HC
paper_segment_10x10,4,7,sub-hc10_seg003,HC
paper_segment_10x10,4,6,sub-hc10_seg004,HC
paper_segment_10x10,4,1,sub-hc10_seg005,HC
paper_segment_10x10,4,1,sub-hc10_seg006,HC
paper_segment_10x10,4,5,sub-hc10_seg007,HC
paper_segment_10x10,4,3,sub-hc10_seg008,HC
paper_segment_10x10,4,5,sub-hc10_seg009,HC
paper_segment_10x10,4,4,sub-hc10_seg010,HC
paper_segment_10x10,4,3,sub-hc10_seg011,HC
paper_segment_10x10,4,7,sub-hc10_seg012,HC
paper_segment_10x10,4,2,sub-hc10_seg013,HC
paper_segment_10x10,4,6,sub-hc10_seg014,HC
paper_segment_10x10,4,8,sub-hc10_seg015,HC
paper_segment_10x10,4,8,sub-hc10_seg016,HC
paper_segment_10x10,4,8,sub-hc10_seg017,HC
paper_segment_10x10,4,6,sub-hc10_seg018,HC
paper_segment_10x10,4,4,sub-hc10_seg019,HC
paper_segment_10x10,4,3,sub-hc18_seg000,HC
paper_segment_10x10,4,9,sub-hc18_seg001,HC
paper_segment_10x10,4,8,sub-hc18_seg002,HC
paper_segment_10x10,4,4,sub-hc18_seg003,HC
paper_segment_10x10,4,1,sub-hc18_seg004,HC
paper_segment_10x10,4,1,sub-hc18_seg005,HC
paper_segment_10x10,4,0,sub-hc18_seg006,HC
paper_segment_10x10,4,6,sub-hc18_seg007,HC
paper_segment_10x10,4,1,sub-hc18_seg008,HC
paper_segment_10x10,4,0,sub-hc18_seg009,HC
paper_segment_10x10,4,3,sub-hc18_seg010,HC
paper_segment_10x10,4,3,sub-hc18_seg011,HC
paper_segment_10x10,4,9,sub-hc18_seg012,HC
paper_segment_10x10,4,6,sub-hc18_seg013,HC
paper_segment_10x10,4,3,sub-hc18_seg014,HC
paper_segment_10x10,4,8,sub-hc18_seg015,HC
paper_segment_10x10,4,2,sub-hc18_seg016,HC
paper_segment_10x10,4,3,sub-hc18_seg017,HC
paper_segment_10x10,4,6,sub-hc20_seg000,HC
paper_segment_10x10,4,9,sub-hc20_seg001,HC
paper_segment_10x10,4,6,sub-hc20_seg002,HC
paper_segment_10x10,4,7,sub-hc20_seg003,HC
paper_segment_10x10,4,6,sub-hc20_seg004,HC
paper_segment_10x10,4,4,sub-hc20_seg005,HC
paper_segment_10x10,4,4,sub-hc20_seg006,HC
paper_segment_10x10,4,5,sub-hc20_seg007,HC
paper_segment_10x10,4,3,sub-hc20_seg008,HC
paper_segment_10x10,4,0,sub-hc20_seg009,HC
paper_segment_10x10,4,9,sub-hc20_seg010,HC
paper_segment_10x10,4,4,sub-hc20_seg011,HC
paper_segment_10x10,4,8,sub-hc20_seg012,HC
paper_segment_10x10,4,9,sub-hc20_seg013,HC
paper_segment_10x10,4,2,sub-hc20_seg014,HC
paper_segment_10x10,4,5,sub-hc20_seg015,HC
paper_segment_10x10,4,4,sub-hc20_seg016,HC
paper_segment_10x10,4,5,sub-hc20_seg017,HC
paper_segment_10x10,4,8,sub-hc21_seg000,HC
paper_segment_10x10,4,0,sub-hc21_seg001,HC
paper_segment_10x10,4,7,sub-hc21_seg002,HC
paper_segment_10x10,4,5,sub-hc21_seg003,HC
paper_segment_10x10,4,6,sub-hc21_seg004,HC
paper_segment_10x10,4,6,sub-hc21_seg005,HC
paper_segment_10x10,4,7,sub-hc21_seg006,HC
paper_segment_10x10,4,3,sub-hc21_seg007,HC
paper_segment_10x10,4,0,sub-hc21_seg008,HC
paper_segment_10x10,4,5,sub-hc21_seg009,HC
paper_segment_10x10,4,5,sub-hc21_seg010,HC
paper_segment_10x10,4,0,sub-hc21_seg011,HC
paper_segment_10x10,4,3,sub-hc21_seg012,HC
paper_segment_10x10,4,3,sub-hc21_seg013,HC
paper_segment_10x10,4,9,sub-hc21_seg014,HC
paper_segment_10x10,4,0,sub-hc21_seg015,HC
paper_segment_10x10,4,2,sub-hc21_seg016,HC
paper_segment_10x10,4,1,sub-hc21_seg017,HC
paper_segment_10x10,4,7,sub-hc24_seg000,HC
paper_segment_10x10,4,4,sub-hc24_seg001,HC
paper_segment_10x10,4,5,sub-hc24_seg002,HC
paper_segment_10x10,4,3,sub-hc24_seg003,HC
paper_segment_10x10,4,7,sub-hc24_seg004,HC
paper_segment_10x10,4,5,sub-hc24_seg005,HC
paper_segment_10x10,4,4,sub-hc24_seg006,HC
paper_segment_10x10,4,8,sub-hc24_seg007,HC
paper_segment_10x10,4,5,sub-hc24_seg008,HC
paper_segment_10x10,4,9,sub-hc24_seg009,HC
paper_segment_10x10,4,8,sub-hc24_seg010,HC
paper_segment_10x10,4,0,sub-hc24_seg011,HC
paper_segment_10x10,4,2,sub-hc24_seg012,HC
paper_segment_10x10,4,5,sub-hc24_seg013,HC
paper_segment_10x10,4,0,sub-hc24_seg014,HC
paper_segment_10x10,4,2,sub-hc24_seg015,HC
paper_segment_10x10,4,0,sub-hc24_seg016,HC
paper_segment_10x10,4,2,sub-hc24_seg017,HC
paper_segment_10x10,4,1,sub-hc24_seg018,HC
paper_segment_10x10,4,7,sub-hc25_seg000,HC
paper_segment_10x10,4,8,sub-hc25_seg001,HC
paper_segment_10x10,4,5,sub-hc25_seg002,HC
paper_segment_10x10,4,8,sub-hc25_seg003,HC
paper_segment_10x10,4,7,sub-hc25_seg004,HC
paper_segment_10x10,4,8,sub-hc25_seg005,HC
paper_segment_10x10,4,6,sub-hc25_seg006,HC
paper_segment_10x10,4,0,sub-hc25_seg007,HC
paper_segment_10x10,4,7,sub-hc25_seg008,HC
paper_segment_10x10,4,4,sub-hc25_seg009,HC
paper_segment_10x10,4,5,sub-hc25_seg010,HC
paper_segment_10x10,4,1,sub-hc25_seg011,HC
paper_segment_10x10,4,6,sub-hc25_seg012,HC
paper_segment_10x10,4,1,sub-hc25_seg013,HC
paper_segment_10x10,4,8,sub-hc25_seg014,HC
paper_segment_10x10,4,5,sub-hc25_seg015,HC
paper_segment_10x10,4,7,sub-hc25_seg016,HC
paper_segment_10x10,4,8,sub-hc25_seg017,HC
paper_segment_10x10,4,9,sub-hc25_seg018,HC
paper_segment_10x10,4,8,sub-hc25_seg019,HC
paper_segment_10x10,4,5,sub-hc29_seg000,HC
paper_segment_10x10,4,8,sub-hc29_seg001,HC
paper_segment_10x10,4,9,sub-hc29_seg002,HC
paper_segment_10x10,4,3,sub-hc29_seg003,HC
paper_segment_10x10,4,1,sub-hc29_seg004,HC
paper_segment_10x10,4,2,sub-hc29_seg005,HC
paper_segment_10x10,4,4,sub-hc29_seg006,HC
paper_segment_10x10,4,8,sub-hc29_seg007,HC
paper_segment_10x10,4,9,sub-hc29_seg008,HC
paper_segment_10x10,4,7,sub-hc29_seg009,HC
paper_segment_10x10,4,0,sub-hc29_seg010,HC
paper_segment_10x10,4,1,sub-hc29_seg011,HC
paper_segment_10x10,4,0,sub-hc29_seg012,HC
paper_segment_10x10,4,4,sub-hc29_seg013,HC
paper_segment_10x10,4,6,sub-hc29_seg014,HC
paper_segment_10x10,4,8,sub-hc29_seg015,HC
paper_segment_10x10,4,3,sub-hc29_seg016,HC
paper_segment_10x10,4,0,sub-hc29_seg017,HC
paper_segment_10x10,4,3,sub-hc29_seg018,HC
paper_segment_10x10,4,6,sub-hc30_seg000,HC
paper_segment_10x10,4,0,sub-hc30_seg001,HC
paper_segment_10x10,4,6,sub-hc30_seg002,HC
paper_segment_10x10,4,5,sub-hc30_seg003,HC
paper_segment_10x10,4,1,sub-hc30_seg004,HC
paper_segment_10x10,4,7,sub-hc30_seg005,HC
paper_segment_10x10,4,9,sub-hc30_seg006,HC
paper_segment_10x10,4,3,sub-hc30_seg007,PD
paper_segment_10x10,4,4,sub-hc30_seg008,HC
paper_segment_10x10,4,7,sub-hc30_seg009,HC
paper_segment_10x10,4,2,sub-hc30_seg010,HC
paper_segment_10x10,4,4,sub-hc30_seg011,HC
paper_segment_10x10,4,2,sub-hc30_seg012,HC
paper_segment_10x10,4,5,sub-hc30_seg013,HC
paper_segment_10x10,4,2,sub-hc30_seg014,HC
paper_segment_10x10,4,1,sub-hc30_seg015,HC
paper_segment_10x10,4,0,sub-hc30_seg016,HC
paper_segment_10x10,4,8,sub-hc30_seg017,HC
paper_segment_10x10,4,1,sub-hc31_seg000,HC
paper_segment_10x10,4,9,sub-hc31_seg001,HC
paper_segment_10x10,4,3,sub-hc31_seg002,HC
paper_segment_10x10,4,4,sub-hc31_seg003,HC
paper_segment_10x10,4,5,sub-hc31_seg004,HC
paper_segment_10x10,4,1,sub-hc31_seg005,HC
paper_segment_10x10,4,1,sub-hc31_seg006,HC
paper_segment_10x10,4,2,sub-hc31_seg007,HC
paper_segment_10x10,4,7,sub-hc31_seg008,HC
paper_segment_10x10,4,6,sub-hc31_seg009,HC
paper_segment_10x10,4,0,sub-hc31_seg010,HC
paper_segment_10x10,4,0,sub-hc31_seg011,HC
paper_segment_10x10,4,7,sub-hc31_seg012,HC
paper_segment_10x10,4,5,sub-hc31_seg013,HC
paper_segment_10x10,4,4,sub-hc31_seg014,HC
paper_segment_10x10,4,4,sub-hc31_seg015,HC
paper_segment_10x10,4,8,sub-hc31_seg016,HC
paper_segment_10x10,4,3,sub-hc31_seg017,HC
paper_segment_10x10,4,6,sub-hc32_seg000,HC
paper_segment_10x10,4,2,sub-hc32_seg001,HC
paper_segment_10x10,4,5,sub-hc32_seg002,HC
paper_segment_10x10,4,4,sub-hc32_seg003,HC
paper_segment_10x10,4,2,sub-hc32_seg004,HC
paper_segment_10x10,4,6,sub-hc32_seg005,HC
paper_segment_10x10,4,6,sub-hc32_seg006,HC
paper_segment_10x10,4,4,sub-hc32_seg007,HC
paper_segment_10x10,4,7,sub-hc32_seg008,HC
paper_segment_10x10,4,7,sub-hc32_seg009,HC
paper_segment_10x10,4,8,sub-hc32_seg010,HC
paper_segment_10x10,4,3,sub-hc32_seg011,HC
paper_segment_10x10,4,2,sub-hc32_seg012,HC
paper_segment_10x10,4,9,sub-hc32_seg013,HC
paper_segment_10x10,4,5,sub-hc32_seg014,HC
paper_segment_10x10,4,4,sub-hc32_seg015,HC
paper_segment_10x10,4,2,sub-hc32_seg016,HC
paper_segment_10x10,4,2,sub-hc32_seg017,HC
paper_segment_10x10,4,1,sub-hc32_seg018,HC
paper_segment_10x10,4,3,sub-hc33_seg000,HC
paper_segment_10x10,4,1,sub-hc33_seg001,HC
paper_segment_10x10,4,9,sub-hc33_seg002,HC
paper_segment_10x10,4,1,sub-hc33_seg003,HC
paper_segment_10x10,4,3,sub-hc33_seg004,HC
paper_segment_10x10,4,9,sub-hc33_seg005,HC
paper_segment_10x10,4,5,sub-hc33_seg006,HC
paper_segment_10x10,4,2,sub-hc33_seg007,HC
paper_segment_10x10,4,0,sub-hc33_seg008,HC
paper_segment_10x10,4,8,sub-hc33_seg009,HC
paper_segment_10x10,4,9,sub-hc33_seg010,HC
paper_segment_10x10,4,9,sub-hc33_seg011,HC
paper_segment_10x10,4,2,sub-hc33_seg012,HC
paper_segment_10x10,4,8,sub-hc33_seg013,HC
paper_segment_10x10,4,4,sub-hc33_seg014,HC
paper_segment_10x10,4,3,sub-hc33_seg015,HC
paper_segment_10x10,4,5,sub-hc33_seg016,HC
paper_segment_10x10,4,0,sub-hc33_seg017,HC
paper_segment_10x10,4,8,sub-hc33_seg018,HC
paper_segment_10x10,4,4,sub-pd3_seg000,HC
paper_segment_10x10,4,2,sub-pd3_seg001,PD
paper_segment_10x10,4,8,sub-pd3_seg002,PD
paper_segment_10x10,4,2,sub-pd3_seg003,PD
paper_segment_10x10,4,9,sub-pd3_seg004,PD
paper_segment_10x10,4,4,sub-pd3_seg005,PD
paper_segment_10x10,4,1,sub-pd3_seg006,PD
paper_segment_10x10,4,4,sub-pd3_seg007,PD
paper_segment_10x10,4,4,sub-pd3_seg008,PD
paper_segment_10x10,4,8,sub-pd3_seg009,PD
paper_segment_10x10,4,3,sub-pd3_seg010,PD
paper_segment_10x10,4,8,sub-pd3_seg011,PD
paper_segment_10x10,4,8,sub-pd3_seg012,PD
paper_segment_10x10,4,3,sub-pd3_seg013,PD
paper_segment_10x10,4,8,sub-pd3_seg014,PD
paper_segment_10x10,4,1,sub-pd3_seg015,PD
paper_segment_10x10,4,2,sub-pd3_seg016,PD
paper_segment_10x10,4,9,sub-pd3_seg017,PD
paper_segment_10x10,4,4,sub-pd3_seg018,PD
paper_segment_10x10,4,8,sub-pd3_seg019,PD
paper_segment_10x10,4,0,sub-pd5_seg000,PD
paper_segment_10x10,4,9,sub-pd5_seg001,PD
paper_segment_10x10,4,4,sub-pd5_seg002,PD
paper_segment_10x10,4,9,sub-pd5_seg003,PD
paper_segment_10x10,4,0,sub-pd5_seg004,PD
paper_segment_10x10,4,0,sub-pd5_seg005,PD
paper_segment_10x10,4,0,sub-pd5_seg006,PD
paper_segment_10x10,4,2,sub-pd5_seg007,PD
paper_segment_10x10,4,3,sub-pd5_seg008,PD
paper_segment_10x10,4,3,sub-pd5_seg009,PD
paper_segment_10x10,4,3,sub-pd5_seg010,PD
paper_segment_10x10,4,7,sub-pd5_seg011,PD
paper_segment_10x10,4,8,sub-pd5_seg012,PD
paper_segment_10x10,4,2,sub-pd5_seg013,PD
paper_segment_10x10,4,6,sub-pd5_seg014,PD
paper_segment_10x10,4,3,sub-pd5_seg015,PD
paper_segment_10x10,4,8,sub-pd5_seg016,PD
paper_segment_10x10,4,0,sub-pd5_seg017,PD
paper_segment_10x10,4,7,sub-pd5_seg018,PD
paper_segment_10x10,4,2,sub-pd6_seg000,PD
paper_segment_10x10,4,5,sub-pd6_seg001,PD
paper_segment_10x10,4,0,sub-pd6_seg002,PD
paper_segment_10x10,4,7,sub-pd6_seg003,PD
paper_segment_10x10,4,2,sub-pd6_seg004,PD
paper_segment_10x10,4,0,sub-pd6_seg005,PD
paper_segment_10x10,4,7,sub-pd6_seg006,PD
paper_segment_10x10,4,4,sub-pd6_seg007,PD
paper_segment_10x10,4,3,sub-pd6_seg008,PD
paper_segment_10x10,4,0,sub-pd6_seg009,PD
paper_segment_10x10,4,0,sub-pd6_seg010,PD
paper_segment_10x10,4,4,sub-pd6_seg011,PD
paper_segment_10x10,4,1,sub-pd6_seg012,PD
paper_segment_10x10,4,6,sub-pd6_seg013,PD
paper_segment_10x10,4,9,sub-pd6_seg014,PD
paper_segment_10x10,4,7,sub-pd6_seg015,PD
paper_segment_10x10,4,3,sub-pd6_seg016,PD
paper_segment_10x10,4,1,sub-pd6_seg017,PD
paper_segment_10x10,4,4,sub-pd6_seg018,PD
paper_segment_10x10,4,6,sub-pd9_seg000,PD
paper_segment_10x10,4,6,sub-pd9_seg001,PD
paper_segment_10x10,4,2,sub-pd9_seg002,PD
paper_segment_10x10,4,7,sub-pd9_seg003,PD
paper_segment_10x10,4,2,sub-pd9_seg004,PD
paper_segment_10x10,4,7,sub-pd9_seg005,PD
paper_segment_10x10,4,2,sub-pd9_seg006,PD
paper_segment_10x10,4,6,sub-pd9_seg007,PD
paper_segment_10x10,4,0,sub-pd9_seg008,PD
paper_segment_10x10,4,5,sub-pd9_seg009,PD
paper_segment_10x10,4,1,sub-pd9_seg010,PD
paper_segment_10x10,4,6,sub-pd9_seg011,PD
paper_segment_10x10,4,9,sub-pd9_seg012,PD
paper_segment_10x10,4,6,sub-pd9_seg013,PD
paper_segment_10x10,4,7,sub-pd9_seg014,PD
paper_segment_10x10,4,8,sub-pd9_seg015,PD
paper_segment_10x10,4,4,sub-pd9_seg016,PD
paper_segment_10x10,4,7,sub-pd9_seg017,PD
paper_segment_10x10,4,6,sub-pd9_seg018,PD
paper_segment_10x10,4,0,sub-pd12_seg000,PD
paper_segment_10x10,4,5,sub-pd12_seg001,PD
paper_segment_10x10,4,8,sub-pd12_seg002,PD
paper_segment_10x10,4,9,sub-pd12_seg003,PD
paper_segment_10x10,4,9,sub-pd12_seg004,PD
paper_segment_10x10,4,2,sub-pd12_seg005,PD
paper_segment_10x10,4,9,sub-pd12_seg006,PD
paper_segment_10x10,4,7,sub-pd12_seg007,PD
paper_segment_10x10,4,5,sub-pd12_seg008,PD
paper_segment_10x10,4,6,sub-pd12_seg009,PD
paper_segment_10x10,4,6,sub-pd12_seg010,PD
paper_segment_10x10,4,9,sub-pd12_seg011,PD
paper_segment_10x10,4,0,sub-pd12_seg012,PD
paper_segment_10x10,4,0,sub-pd12_seg013,PD
paper_segment_10x10,4,0,sub-pd12_seg014,PD
paper_segment_10x10,4,9,sub-pd12_seg015,PD
paper_segment_10x10,4,6,sub-pd12_seg016,PD
paper_segment_10x10,4,6,sub-pd12_seg017,PD
paper_segment_10x10,4,4,sub-pd12_seg018,PD
paper_segment_10x10,4,2,sub-pd12_seg019,PD
paper_segment_10x10,4,5,sub-pd11_seg000,PD
paper_segment_10x10,4,9,sub-pd11_seg001,PD
paper_segment_10x10,4,5,sub-pd11_seg002,PD
paper_segment_10x10,4,0,sub-pd11_seg003,PD
paper_segment_10x10,4,3,sub-pd11_seg004,PD
paper_segment_10x10,4,1,sub-pd11_seg005,PD
paper_segment_10x10,4,0,sub-pd11_seg006,PD
paper_segment_10x10,4,4,sub-pd11_seg007,PD
paper_segment_10x10,4,3,sub-pd11_seg008,PD
paper_segment_10x10,4,0,sub-pd11_seg009,PD
paper_segment_10x10,4,2,sub-pd11_seg010,PD
paper_segment_10x10,4,8,sub-pd11_seg011,PD
paper_segment_10x10,4,1,sub-pd11_seg012,PD
paper_segment_10x10,4,8,sub-pd11_seg013,PD
paper_segment_10x10,4,1,sub-pd11_seg014,PD
paper_segment_10x10,4,4,sub-pd11_seg015,PD
paper_segment_10x10,4,8,sub-pd11_seg016,PD
paper_segment_10x10,4,7,sub-pd11_seg017,PD
paper_segment_10x10,4,3,sub-pd13_seg000,PD
paper_segment_10x10,4,8,sub-pd13_seg001,PD
paper_segment_10x10,4,9,sub-pd13_seg002,PD
paper_segment_10x10,4,7,sub-pd13_seg003,PD
paper_segment_10x10,4,1,sub-pd13_seg004,PD
paper_segment_10x10,4,7,sub-pd13_seg005,PD
paper_segment_10x10,4,3,sub-pd13_seg006,PD
paper_segment_10x10,4,0,sub-pd13_seg007,PD
paper_segment_10x10,4,3,sub-pd13_seg008,PD
paper_segment_10x10,4,7,sub-pd13_seg009,PD
paper_segment_10x10,4,3,sub-pd13_seg010,PD
paper_segment_10x10,4,7,sub-pd13_seg011,PD
paper_segment_10x10,4,1,sub-pd13_seg012,PD
paper_segment_10x10,4,9,sub-pd13_seg013,PD
paper_segment_10x10,4,1,sub-pd13_seg014,PD
paper_segment_10x10,4,2,sub-pd13_seg015,PD
paper_segment_10x10,4,7,sub-pd13_seg016,PD
paper_segment_10x10,4,3,sub-pd13_seg017,PD
paper_segment_10x10,4,9,sub-pd14_seg000,PD
paper_segment_10x10,4,1,sub-pd14_seg001,PD
paper_segment_10x10,4,1,sub-pd14_seg002,PD
paper_segment_10x10,4,7,sub-pd14_seg003,PD
paper_segment_10x10,4,6,sub-pd14_seg004,PD
paper_segment_10x10,4,8,sub-pd14_seg005,PD
paper_segment_10x10,4,2,sub-pd14_seg006,PD
paper_segment_10x10,4,4,sub-pd14_seg007,PD
paper_segment_10x10,4,6,sub-pd14_seg008,PD
paper_segment_10x10,4,9,sub-pd14_seg009,PD
paper_segment_10x10,4,0,sub-pd14_seg010,PD
paper_segment_10x10,4,1,sub-pd14_seg011,PD
paper_segment_10x10,4,2,sub-pd14_seg012,PD
paper_segment_10x10,4,9,sub-pd14_seg013,PD
paper_segment_10x10,4,7,sub-pd14_seg014,PD
paper_segment_10x10,4,0,sub-pd14_seg015,PD
paper_segment_10x10,4,9,sub-pd14_seg016,PD
paper_segment_10x10,4,5,sub-pd14_seg017,PD
paper_segment_10x10,4,6,sub-pd14_seg018,PD
paper_segment_10x10,4,6,sub-pd14_seg019,PD
paper_segment_10x10,4,8,sub-pd14_seg020,PD
paper_segment_10x10,4,9,sub-pd14_seg021,PD
paper_segment_10x10,4,9,sub-pd14_seg022,PD
paper_segment_10x10,4,0,sub-pd14_seg023,PD
paper_segment_10x10,4,8,sub-pd14_seg024,PD
paper_segment_10x10,4,5,sub-pd14_seg025,PD
paper_segment_10x10,4,1,sub-pd14_seg026,PD
paper_segment_10x10,4,5,sub-pd14_seg027,PD
paper_segment_10x10,4,8,sub-pd14_seg028,PD
paper_segment_10x10,4,7,sub-pd16_seg000,PD
paper_segment_10x10,4,5,sub-pd16_seg001,PD
paper_segment_10x10,4,7,sub-pd16_seg002,PD
paper_segment_10x10,4,5,sub-pd16_seg003,PD
paper_segment_10x10,4,8,sub-pd16_seg004,PD
paper_segment_10x10,4,9,sub-pd16_seg005,PD
paper_segment_10x10,4,4,sub-pd16_seg006,PD
paper_segment_10x10,4,5,sub-pd16_seg007,PD
paper_segment_10x10,4,0,sub-pd16_seg008,PD
paper_segment_10x10,4,2,sub-pd16_seg009,PD
paper_segment_10x10,4,1,sub-pd16_seg010,PD
paper_segment_10x10,4,4,sub-pd16_seg011,PD
paper_segment_10x10,4,4,sub-pd16_seg012,PD
paper_segment_10x10,4,0,sub-pd16_seg013,PD
paper_segment_10x10,4,8,sub-pd16_seg014,PD
paper_segment_10x10,4,6,sub-pd16_seg015,PD
paper_segment_10x10,4,5,sub-pd16_seg016,PD
paper_segment_10x10,4,3,sub-pd16_seg017,PD
paper_segment_10x10,4,5,sub-pd17_seg000,PD
paper_segment_10x10,4,6,sub-pd17_seg001,PD
paper_segment_10x10,4,4,sub-pd17_seg002,PD
paper_segment_10x10,4,6,sub-pd17_seg003,PD
paper_segment_10x10,4,3,sub-pd17_seg004,PD
paper_segment_10x10,4,5,sub-pd17_seg005,PD
paper_segment_10x10,4,1,sub-pd17_seg006,PD
paper_segment_10x10,4,5,sub-pd17_seg007,PD
paper_segment_10x10,4,3,sub-pd17_seg008,PD
paper_segment_10x10,4,4,sub-pd17_seg009,PD
paper_segment_10x10,4,8,sub-pd17_seg010,PD
paper_segment_10x10,4,7,sub-pd17_seg011,PD
paper_segment_10x10,4,0,sub-pd17_seg012,PD
paper_segment_10x10,4,5,sub-pd17_seg013,PD
paper_segment_10x10,4,1,sub-pd17_seg014,PD
paper_segment_10x10,4,2,sub-pd17_seg015,PD
paper_segment_10x10,4,4,sub-pd17_seg016,PD
paper_segment_10x10,4,4,sub-pd17_seg017,PD
paper_segment_10x10,4,1,sub-pd19_seg000,PD
paper_segment_10x10,4,1,sub-pd19_seg001,PD
paper_segment_10x10,4,6,sub-pd19_seg002,PD
paper_segment_10x10,4,4,sub-pd19_seg003,PD
paper_segment_10x10,4,8,sub-pd19_seg004,PD
paper_segment_10x10,4,7,sub-pd19_seg005,PD
paper_segment_10x10,4,2,sub-pd19_seg006,PD
paper_segment_10x10,4,1,sub-pd19_seg007,PD
paper_segment_10x10,4,3,sub-pd19_seg008,PD
paper_segment_10x10,4,5,sub-pd19_seg009,PD
paper_segment_10x10,4,3,sub-pd19_seg010,PD
paper_segment_10x10,4,7,sub-pd19_seg011,PD
paper_segment_10x10,4,7,sub-pd19_seg012,PD
paper_segment_10x10,4,1,sub-pd19_seg013,PD
paper_segment_10x10,4,9,sub-pd19_seg014,PD
paper_segment_10x10,4,6,sub-pd19_seg015,PD
paper_segment_10x10,4,9,sub-pd19_seg016,PD
paper_segment_10x10,4,5,sub-pd19_seg017,PD
paper_segment_10x10,4,5,sub-pd22_seg000,PD
paper_segment_10x10,4,7,sub-pd22_seg001,PD
paper_segment_10x10,4,7,sub-pd22_seg002,PD
paper_segment_10x10,4,9,sub-pd22_seg003,PD
paper_segment_10x10,4,8,sub-pd22_seg004,PD
paper_segment_10x10,4,2,sub-pd22_seg005,PD
paper_segment_10x10,4,3,sub-pd22_seg006,PD
paper_segment_10x10,4,1,sub-pd22_seg007,PD
paper_segment_10x10,4,5,sub-pd22_seg008,PD
paper_segment_10x10,4,9,sub-pd22_seg009,PD
paper_segment_10x10,4,8,sub-pd22_seg010,PD
paper_segment_10x10,4,4,sub-pd22_seg011,PD
paper_segment_10x10,4,6,sub-pd22_seg012,PD
paper_segment_10x10,4,4,sub-pd22_seg013,PD
paper_segment_10x10,4,2,sub-pd22_seg014,PD
paper_segment_10x10,4,3,sub-pd22_seg015,PD
paper_segment_10x10,4,6,sub-pd22_seg016,PD
paper_segment_10x10,4,3,sub-pd22_seg017,PD
paper_segment_10x10,4,7,sub-pd23_seg000,PD
paper_segment_10x10,4,8,sub-pd23_seg001,PD
paper_segment_10x10,4,6,sub-pd23_seg002,PD
paper_segment_10x10,4,0,sub-pd23_seg003,PD
paper_segment_10x10,4,8,sub-pd23_seg004,PD
paper_segment_10x10,4,5,sub-pd23_seg005,PD
paper_segment_10x10,4,2,sub-pd23_seg006,PD
paper_segment_10x10,4,8,sub-pd23_seg007,PD
paper_segment_10x10,4,2,sub-pd23_seg008,PD
paper_segment_10x10,4,0,sub-pd23_seg009,PD
paper_segment_10x10,4,6,sub-pd23_seg010,PD
paper_segment_10x10,4,1,sub-pd23_seg011,PD
paper_segment_10x10,4,1,sub-pd23_seg012,PD
paper_segment_10x10,4,2,sub-pd23_seg013,PD
paper_segment_10x10,4,6,sub-pd23_seg014,PD
paper_segment_10x10,4,5,sub-pd23_seg015,PD
paper_segment_10x10,4,3,sub-pd23_seg016,PD
paper_segment_10x10,4,4,sub-pd23_seg017,PD
paper_segment_10x10,4,2,sub-pd23_seg018,PD
paper_segment_10x10,4,4,sub-pd23_seg019,PD
paper_segment_10x10,4,5,sub-pd26_seg000,PD
paper_segment_10x10,4,0,sub-pd26_seg001,PD
paper_segment_10x10,4,5,sub-pd26_seg002,PD
paper_segment_10x10,4,2,sub-pd26_seg003,PD
paper_segment_10x10,4,2,sub-pd26_seg004,PD
paper_segment_10x10,4,1,sub-pd26_seg005,PD
paper_segment_10x10,4,0,sub-pd26_seg006,PD
paper_segment_10x10,4,0,sub-pd26_seg007,PD
paper_segment_10x10,4,5,sub-pd26_seg008,PD
paper_segment_10x10,4,0,sub-pd26_seg009,PD
paper_segment_10x10,4,1,sub-pd26_seg010,PD
paper_segment_10x10,4,4,sub-pd26_seg011,PD
paper_segment_10x10,4,7,sub-pd26_seg012,PD
paper_segment_10x10,4,5,sub-pd26_seg013,PD
paper_segment_10x10,4,3,sub-pd26_seg014,PD
paper_segment_10x10,4,9,sub-pd26_seg015,PD
paper_segment_10x10,4,3,sub-pd26_seg016,PD
paper_segment_10x10,4,3,sub-pd26_seg017,PD
paper_segment_10x10,4,8,sub-pd26_seg018,PD
paper_segment_10x10,4,6,sub-pd28_seg000,PD
paper_segment_10x10,4,2,sub-pd28_seg001,PD
paper_segment_10x10,4,4,sub-pd28_seg002,PD
paper_segment_10x10,4,2,sub-pd28_seg003,PD
paper_segment_10x10,4,5,sub-pd28_seg004,PD
paper_segment_10x10,4,6,sub-pd28_seg005,PD
paper_segment_10x10,4,1,sub-pd28_seg006,PD
paper_segment_10x10,4,1,sub-pd28_seg007,PD
paper_segment_10x10,4,6,sub-pd28_seg008,PD
paper_segment_10x10,4,3,sub-pd28_seg009,PD
paper_segment_10x10,4,7,sub-pd28_seg010,PD
paper_segment_10x10,4,8,sub-pd28_seg011,PD
paper_segment_10x10,4,4,sub-pd28_seg012,PD
paper_segment_10x10,4,9,sub-pd28_seg013,PD
paper_segment_10x10,4,1,sub-pd28_seg014,PD
paper_segment_10x10,4,5,sub-pd28_seg015,PD
paper_segment_10x10,4,3,sub-pd28_seg016,PD
paper_segment_10x10,4,9,sub-pd28_seg017,PD
paper_segment_10x10,4,9,sub-pd28_seg018,PD
paper_segment_10x10,4,2,sub-pd28_seg019,PD
paper_segment_10x10,5,7,sub-hc1_seg000,HC
paper_segment_10x10,5,7,sub-hc1_seg001,HC
paper_segment_10x10,5,5,sub-hc1_seg002,HC
paper_segment_10x10,5,2,sub-hc1_seg003,HC
paper_segment_10x10,5,9,sub-hc1_seg004,HC
paper_segment_10x10,5,1,sub-hc1_seg005,HC
paper_segment_10x10,5,7,sub-hc1_seg006,HC
paper_segment_10x10,5,2,sub-hc1_seg007,HC
paper_segment_10x10,5,5,sub-hc1_seg008,HC
paper_segment_10x10,5,8,sub-hc1_seg009,HC
paper_segment_10x10,5,1,sub-hc1_seg010,HC
paper_segment_10x10,5,3,sub-hc1_seg011,HC
paper_segment_10x10,5,6,sub-hc1_seg012,HC
paper_segment_10x10,5,4,sub-hc1_seg013,HC
paper_segment_10x10,5,9,sub-hc1_seg014,HC
paper_segment_10x10,5,7,sub-hc1_seg015,HC
paper_segment_10x10,5,8,sub-hc1_seg016,HC
paper_segment_10x10,5,1,sub-hc1_seg017,HC
paper_segment_10x10,5,8,sub-hc1_seg018,HC
paper_segment_10x10,5,5,sub-hc2_seg000,HC
paper_segment_10x10,5,3,sub-hc2_seg001,HC
paper_segment_10x10,5,2,sub-hc2_seg002,HC
paper_segment_10x10,5,3,sub-hc2_seg003,HC
paper_segment_10x10,5,9,sub-hc2_seg004,HC
paper_segment_10x10,5,3,sub-hc2_seg005,HC
paper_segment_10x10,5,3,sub-hc2_seg006,HC
paper_segment_10x10,5,3,sub-hc2_seg007,HC
paper_segment_10x10,5,5,sub-hc2_seg008,HC
paper_segment_10x10,5,0,sub-hc2_seg009,HC
paper_segment_10x10,5,0,sub-hc2_seg010,HC
paper_segment_10x10,5,4,sub-hc2_seg011,HC
paper_segment_10x10,5,0,sub-hc2_seg012,HC
paper_segment_10x10,5,0,sub-hc2_seg013,HC
paper_segment_10x10,5,4,sub-hc2_seg014,HC
paper_segment_10x10,5,1,sub-hc2_seg015,HC
paper_segment_10x10,5,2,sub-hc2_seg016,HC
paper_segment_10x10,5,8,sub-hc2_seg017,HC
paper_segment_10x10,5,7,sub-hc2_seg018,HC
paper_segment_10x10,5,8,sub-hc4_seg000,HC
paper_segment_10x10,5,1,sub-hc4_seg001,HC
paper_segment_10x10,5,5,sub-hc4_seg002,HC
paper_segment_10x10,5,3,sub-hc4_seg003,HC
paper_segment_10x10,5,2,sub-hc4_seg004,HC
paper_segment_10x10,5,9,sub-hc4_seg005,HC
paper_segment_10x10,5,2,sub-hc4_seg006,HC
paper_segment_10x10,5,8,sub-hc4_seg007,HC
paper_segment_10x10,5,4,sub-hc4_seg008,HC
paper_segment_10x10,5,2,sub-hc4_seg009,HC
paper_segment_10x10,5,2,sub-hc4_seg010,HC
paper_segment_10x10,5,2,sub-hc4_seg011,HC
paper_segment_10x10,5,5,sub-hc4_seg012,HC
paper_segment_10x10,5,3,sub-hc4_seg013,HC
paper_segment_10x10,5,5,sub-hc4_seg014,HC
paper_segment_10x10,5,6,sub-hc4_seg015,HC
paper_segment_10x10,5,6,sub-hc4_seg016,HC
paper_segment_10x10,5,4,sub-hc4_seg017,HC
paper_segment_10x10,5,9,sub-hc7_seg000,HC
paper_segment_10x10,5,1,sub-hc7_seg001,HC
paper_segment_10x10,5,8,sub-hc7_seg002,HC
paper_segment_10x10,5,8,sub-hc7_seg003,HC
paper_segment_10x10,5,9,sub-hc7_seg004,HC
paper_segment_10x10,5,4,sub-hc7_seg005,HC
paper_segment_10x10,5,0,sub-hc7_seg006,HC
paper_segment_10x10,5,6,sub-hc7_seg007,HC
paper_segment_10x10,5,9,sub-hc7_seg008,HC
paper_segment_10x10,5,4,sub-hc7_seg009,HC
paper_segment_10x10,5,6,sub-hc7_seg010,HC
paper_segment_10x10,5,6,sub-hc7_seg011,HC
paper_segment_10x10,5,7,sub-hc7_seg012,HC
paper_segment_10x10,5,3,sub-hc7_seg013,HC
paper_segment_10x10,5,2,sub-hc7_seg014,HC
paper_segment_10x10,5,0,sub-hc7_seg015,HC
paper_segment_10x10,5,8,sub-hc7_seg016,HC
paper_segment_10x10,5,8,sub-hc7_seg017,HC
paper_segment_10x10,5,3,sub-hc7_seg018,HC
paper_segment_10x10,5,8,sub-hc8_seg000,HC
paper_segment_10x10,5,3,sub-hc8_seg001,HC
paper_segment_10x10,5,0,sub-hc8_seg002,HC
paper_segment_10x10,5,4,sub-hc8_seg003,HC
paper_segment_10x10,5,2,sub-hc8_seg004,HC
paper_segment_10x10,5,2,sub-hc8_seg005,HC
paper_segment_10x10,5,6,sub-hc8_seg006,HC
paper_segment_10x10,5,0,sub-hc8_seg007,HC
paper_segment_10x10,5,3,sub-hc8_seg008,HC
paper_segment_10x10,5,0,sub-hc8_seg009,HC
paper_segment_10x10,5,5,sub-hc8_seg010,HC
paper_segment_10x10,5,1,sub-hc8_seg011,HC
paper_segment_10x10,5,1,sub-hc8_seg012,HC
paper_segment_10x10,5,4,sub-hc8_seg013,HC
paper_segment_10x10,5,4,sub-hc8_seg014,HC
paper_segment_10x10,5,5,sub-hc8_seg015,HC
paper_segment_10x10,5,4,sub-hc8_seg016,HC
paper_segment_10x10,5,1,sub-hc8_seg017,HC
paper_segment_10x10,5,8,sub-hc8_seg018,HC
paper_segment_10x10,5,8,sub-hc10_seg000,HC
paper_segment_10x10,5,7,sub-hc10_seg001,HC
paper_segment_10x10,5,9,sub-hc10_seg002,HC
paper_segment_10x10,5,4,sub-hc10_seg003,HC
paper_segment_10x10,5,4,sub-hc10_seg004,HC
paper_segment_10x10,5,6,sub-hc10_seg005,HC
paper_segment_10x10,5,6,sub-hc10_seg006,HC
paper_segment_10x10,5,1,sub-hc10_seg007,HC
paper_segment_10x10,5,6,sub-hc10_seg008,HC
paper_segment_10x10,5,9,sub-hc10_seg009,HC
paper_segment_10x10,5,6,sub-hc10_seg010,HC
paper_segment_10x10,5,9,sub-hc10_seg011,HC
paper_segment_10x10,5,3,sub-hc10_seg012,HC
paper_segment_10x10,5,2,sub-hc10_seg013,HC
paper_segment_10x10,5,0,sub-hc10_seg014,HC
paper_segment_10x10,5,9,sub-hc10_seg015,HC
paper_segment_10x10,5,1,sub-hc10_seg016,HC
paper_segment_10x10,5,0,sub-hc10_seg017,HC
paper_segment_10x10,5,8,sub-hc10_seg018,HC
paper_segment_10x10,5,7,sub-hc10_seg019,HC
paper_segment_10x10,5,3,sub-hc18_seg000,HC
paper_segment_10x10,5,1,sub-hc18_seg001,HC
paper_segment_10x10,5,5,sub-hc18_seg002,HC
paper_segment_10x10,5,7,sub-hc18_seg003,HC
paper_segment_10x10,5,5,sub-hc18_seg004,HC
paper_segment_10x10,5,0,sub-hc18_seg005,HC
paper_segment_10x10,5,4,sub-hc18_seg006,HC
paper_segment_10x10,5,3,sub-hc18_seg007,HC
paper_segment_10x10,5,0,sub-hc18_seg008,HC
paper_segment_10x10,5,1,sub-hc18_seg009,HC
paper_segment_10x10,5,6,sub-hc18_seg010,HC
paper_segment_10x10,5,5,sub-hc18_seg011,HC
paper_segment_10x10,5,3,sub-hc18_seg012,HC
paper_segment_10x10,5,0,sub-hc18_seg013,HC
paper_segment_10x10,5,8,sub-hc18_seg014,HC
paper_segment_10x10,5,2,sub-hc18_seg015,HC
paper_segment_10x10,5,3,sub-hc18_seg016,HC
paper_segment_10x10,5,3,sub-hc18_seg017,HC
paper_segment_10x10,5,3,sub-hc20_seg000,HC
paper_segment_10x10,5,1,sub-hc20_seg001,HC
paper_segment_10x10,5,8,sub-hc20_seg002,HC
paper_segment_10x10,5,7,sub-hc20_seg003,HC
paper_segment_10x10,5,2,sub-hc20_seg004,HC
paper_segment_10x10,5,3,sub-hc20_seg005,HC
paper_segment_10x10,5,4,sub-hc20_seg006,HC
paper_segment_10x10,5,4,sub-hc20_seg007,HC
paper_segment_10x10,5,8,sub-hc20_seg008,HC
paper_segment_10x10,5,7,sub-hc20_seg009,HC
paper_segment_10x10,5,1,sub-hc20_seg010,HC
paper_segment_10x10,5,5,sub-hc20_seg011,HC
paper_segment_10x10,5,1,sub-hc20_seg012,HC
paper_segment_10x10,5,1,sub-hc20_seg013,HC
paper_segment_10x10,5,9,sub-hc20_seg014,HC
paper_segment_10x10,5,2,sub-hc20_seg015,HC
paper_segment_10x10,5,0,sub-hc20_seg016,HC
paper_segment_10x10,5,5,sub-hc20_seg017,HC
paper_segment_10x10,5,6,sub-hc21_seg000,HC
paper_segment_10x10,5,4,sub-hc21_seg001,HC
paper_segment_10x10,5,0,sub-hc21_seg002,HC
paper_segment_10x10,5,6,sub-hc21_seg003,HC
paper_segment_10x10,5,2,sub-hc21_seg004,HC
paper_segment_10x10,5,3,sub-hc21_seg005,HC
paper_segment_10x10,5,7,sub-hc21_seg006,HC
paper_segment_10x10,5,5,sub-hc21_seg007,HC
paper_segment_10x10,5,2,sub-hc21_seg008,HC
paper_segment_10x10,5,6,sub-hc21_seg009,HC
paper_segment_10x10,5,8,sub-hc21_seg010,HC
paper_segment_10x10,5,1,sub-hc21_seg011,HC
paper_segment_10x10,5,6,sub-hc21_seg012,HC
paper_segment_10x10,5,9,sub-hc21_seg013,HC
paper_segment_10x10,5,1,sub-hc21_seg014,HC
paper_segment_10x10,5,5,sub-hc21_seg015,HC
paper_segment_10x10,5,8,sub-hc21_seg016,HC
paper_segment_10x10,5,6,sub-hc21_seg017,HC
paper_segment_10x10,5,7,sub-hc24_seg000,HC
paper_segment_10x10,5,7,sub-hc24_seg001,HC
paper_segment_10x10,5,7,sub-hc24_seg002,HC
paper_segment_10x10,5,6,sub-hc24_seg003,HC
paper_segment_10x10,5,4,sub-hc24_seg004,HC
paper_segment_10x10,5,9,sub-hc24_seg005,HC
paper_segment_10x10,5,4,sub-hc24_seg006,HC
paper_segment_10x10,5,3,sub-hc24_seg007,HC
paper_segment_10x10,5,8,sub-hc24_seg008,HC
paper_segment_10x10,5,0,sub-hc24_seg009,HC
paper_segment_10x10,5,6,sub-hc24_seg010,HC
paper_segment_10x10,5,1,sub-hc24_seg011,HC
paper_segment_10x10,5,0,sub-hc24_seg012,HC
paper_segment_10x10,5,1,sub-hc24_seg013,HC
paper_segment_10x10,5,5,sub-hc24_seg014,HC
paper_segment_10x10,5,9,sub-hc24_seg015,HC
paper_segment_10x10,5,9,sub-hc24_seg016,HC
paper_segment_10x10,5,9,sub-hc24_seg017,HC
paper_segment_10x10,5,2,sub-hc24_seg018,HC
paper_segment_10x10,5,9,sub-hc25_seg000,HC
paper_segment_10x10,5,9,sub-hc25_seg001,HC
paper_segment_10x10,5,0,sub-hc25_seg002,HC
paper_segment_10x10,5,2,sub-hc25_seg003,HC
paper_segment_10x10,5,7,sub-hc25_seg004,HC
paper_segment_10x10,5,5,sub-hc25_seg005,HC
paper_segment_10x10,5,3,sub-hc25_seg006,HC
paper_segment_10x10,5,9,sub-hc25_seg007,HC
paper_segment_10x10,5,7,sub-hc25_seg008,HC
paper_segment_10x10,5,1,sub-hc25_seg009,HC
paper_segment_10x10,5,3,sub-hc25_seg010,HC
paper_segment_10x10,5,7,sub-hc25_seg011,HC
paper_segment_10x10,5,2,sub-hc25_seg012,HC
paper_segment_10x10,5,9,sub-hc25_seg013,HC
paper_segment_10x10,5,9,sub-hc25_seg014,HC
paper_segment_10x10,5,4,sub-hc25_seg015,HC
paper_segment_10x10,5,6,sub-hc25_seg016,HC
paper_segment_10x10,5,3,sub-hc25_seg017,HC
paper_segment_10x10,5,0,sub-hc25_seg018,HC
paper_segment_10x10,5,2,sub-hc25_seg019,HC
paper_segment_10x10,5,2,sub-hc29_seg000,HC
paper_segment_10x10,5,2,sub-hc29_seg001,HC
paper_segment_10x10,5,1,sub-hc29_seg002,HC
paper_segment_10x10,5,8,sub-hc29_seg003,HC
paper_segment_10x10,5,1,sub-hc29_seg004,HC
paper_segment_10x10,5,2,sub-hc29_seg005,HC
paper_segment_10x10,5,2,sub-hc29_seg006,HC
paper_segment_10x10,5,9,sub-hc29_seg007,HC
paper_segment_10x10,5,7,sub-hc29_seg008,HC
paper_segment_10x10,5,6,sub-hc29_seg009,HC
paper_segment_10x10,5,5,sub-hc29_seg010,HC
paper_segment_10x10,5,7,sub-hc29_seg011,HC
paper_segment_10x10,5,7,sub-hc29_seg012,HC
paper_segment_10x10,5,1,sub-hc29_seg013,HC
paper_segment_10x10,5,4,sub-hc29_seg014,HC
paper_segment_10x10,5,4,sub-hc29_seg015,HC
paper_segment_10x10,5,6,sub-hc29_seg016,HC
paper_segment_10x10,5,4,sub-hc29_seg017,HC
paper_segment_10x10,5,7,sub-hc29_seg018,HC
paper_segment_10x10,5,7,sub-hc30_seg000,HC
paper_segment_10x10,5,4,sub-hc30_seg001,HC
paper_segment_10x10,5,0,sub-hc30_seg002,HC
paper_segment_10x10,5,2,sub-hc30_seg003,HC
paper_segment_10x10,5,4,sub-hc30_seg004,HC
paper_segment_10x10,5,2,sub-hc30_seg005,HC
paper_segment_10x10,5,0,sub-hc30_seg006,HC
paper_segment_10x10,5,5,sub-hc30_seg007,PD
paper_segment_10x10,5,9,sub-hc30_seg008,HC
paper_segment_10x10,5,1,sub-hc30_seg009,HC
paper_segment_10x10,5,0,sub-hc30_seg010,HC
paper_segment_10x10,5,8,sub-hc30_seg011,HC
paper_segment_10x10,5,8,sub-hc30_seg012,HC
paper_segment_10x10,5,6,sub-hc30_seg013,HC
paper_segment_10x10,5,0,sub-hc30_seg014,HC
paper_segment_10x10,5,3,sub-hc30_seg015,HC
paper_segment_10x10,5,5,sub-hc30_seg016,HC
paper_segment_10x10,5,1,sub-hc30_seg017,HC
paper_segment_10x10,5,9,sub-hc31_seg000,HC
paper_segment_10x10,5,6,sub-hc31_seg001,HC
paper_segment_10x10,5,0,sub-hc31_seg002,HC
paper_segment_10x10,5,1,sub-hc31_seg003,HC
paper_segment_10x10,5,8,sub-hc31_seg004,HC
paper_segment_10x10,5,4,sub-hc31_seg005,HC
paper_segment_10x10,5,7,sub-hc31_seg006,HC
paper_segment_10x10,5,6,sub-hc31_seg007,HC
paper_segment_10x10,5,5,sub-hc31_seg008,HC
paper_segment_10x10,5,8,sub-hc31_seg009,HC
paper_segment_10x10,5,6,sub-hc31_seg010,HC
paper_segment_10x10,5,3,sub-hc31_seg011,HC
paper_segment_10x10,5,6,sub-hc31_seg012,HC
paper_segment_10x10,5,8,sub-hc31_seg013,HC
paper_segment_10x10,5,0,sub-hc31_seg014,HC
paper_segment_10x10,5,4,sub-hc31_seg015,HC
paper_segment_10x10,5,7,sub-hc31_seg016,HC
paper_segment_10x10,5,5,sub-hc31_seg017,HC
paper_segment_10x10,5,1,sub-hc32_seg000,HC
paper_segment_10x10,5,5,sub-hc32_seg001,HC
paper_segment_10x10,5,9,sub-hc32_seg002,HC
paper_segment_10x10,5,7,sub-hc32_seg003,HC
paper_segment_10x10,5,6,sub-hc32_seg004,HC
paper_segment_10x10,5,2,sub-hc32_seg005,HC
paper_segment_10x10,5,7,sub-hc32_seg006,HC
paper_segment_10x10,5,4,sub-hc32_seg007,HC
paper_segment_10x10,5,7,sub-hc32_seg008,HC
paper_segment_10x10,5,0,sub-hc32_seg009,HC
paper_segment_10x10,5,5,sub-hc32_seg010,HC
paper_segment_10x10,5,3,sub-hc32_seg011,HC
paper_segment_10x10,5,9,sub-hc32_seg012,HC
paper_segment_10x10,5,8,sub-hc32_seg013,HC
paper_segment_10x10,5,4,sub-hc32_seg014,HC
paper_segment_10x10,5,5,sub-hc32_seg015,HC
paper_segment_10x10,5,5,sub-hc32_seg016,HC
paper_segment_10x10,5,6,sub-hc32_seg017,HC
paper_segment_10x10,5,0,sub-hc32_seg018,HC
paper_segment_10x10,5,5,sub-hc33_seg000,HC
paper_segment_10x10,5,0,sub-hc33_seg001,HC
paper_segment_10x10,5,1,sub-hc33_seg002,HC
paper_segment_10x10,5,8,sub-hc33_seg003,HC
paper_segment_10x10,5,9,sub-hc33_seg004,HC
paper_segment_10x10,5,7,sub-hc33_seg005,HC
paper_segment_10x10,5,3,sub-hc33_seg006,HC
paper_segment_10x10,5,5,sub-hc33_seg007,HC
paper_segment_10x10,5,6,sub-hc33_seg008,HC
paper_segment_10x10,5,0,sub-hc33_seg009,HC
paper_segment_10x10,5,9,sub-hc33_seg010,HC
paper_segment_10x10,5,8,sub-hc33_seg011,HC
paper_segment_10x10,5,3,sub-hc33_seg012,HC
paper_segment_10x10,5,9,sub-hc33_seg013,HC
paper_segment_10x10,5,4,sub-hc33_seg014,HC
paper_segment_10x10,5,8,sub-hc33_seg015,HC
paper_segment_10x10,5,2,sub-hc33_seg016,HC
paper_segment_10x10,5,7,sub-hc33_seg017,HC
paper_segment_10x10,5,5,sub-hc33_seg018,HC
paper_segment_10x10,5,7,sub-pd3_seg000,PD
paper_segment_10x10,5,7,sub-pd3_seg001,PD
paper_segment_10x10,5,8,sub-pd3_seg002,PD
paper_segment_10x10,5,4,sub-pd3_seg003,PD
paper_segment_10x10,5,3,sub-pd3_seg004,PD
paper_segment_10x10,5,6,sub-pd3_seg005,PD
paper_segment_10x10,5,6,sub-pd3_seg006,PD
paper_segment_10x10,5,7,sub-pd3_seg007,PD
paper_segment_10x10,5,3,sub-pd3_seg008,PD
paper_segment_10x10,5,7,sub-pd3_seg009,PD
paper_segment_10x10,5,9,sub-pd3_seg010,PD
paper_segment_10x10,5,3,sub-pd3_seg011,PD
paper_segment_10x10,5,5,sub-pd3_seg012,PD
paper_segment_10x10,5,0,sub-pd3_seg013,PD
paper_segment_10x10,5,0,sub-pd3_seg014,PD
paper_segment_10x10,5,9,sub-pd3_seg015,PD
paper_segment_10x10,5,4,sub-pd3_seg016,PD
paper_segment_10x10,5,1,sub-pd3_seg017,PD
paper_segment_10x10,5,4,sub-pd3_seg018,PD
paper_segment_10x10,5,3,sub-pd3_seg019,PD
paper_segment_10x10,5,7,sub-pd5_seg000,PD
paper_segment_10x10,5,0,sub-pd5_seg001,PD
paper_segment_10x10,5,4,sub-pd5_seg002,PD
paper_segment_10x10,5,8,sub-pd5_seg003,PD
paper_segment_10x10,5,2,sub-pd5_seg004,PD
paper_segment_10x10,5,6,sub-pd5_seg005,PD
paper_segment_10x10,5,8,sub-pd5_seg006,PD
paper_segment_10x10,5,9,sub-pd5_seg007,PD
paper_segment_10x10,5,0,sub-pd5_seg008,PD
paper_segment_10x10,5,8,sub-pd5_seg009,PD
paper_segment_10x10,5,8,sub-pd5_seg010,PD
paper_segment_10x10,5,6,sub-pd5_seg011,PD
paper_segment_10x10,5,0,sub-pd5_seg012,PD
paper_segment_10x10,5,8,sub-pd5_seg013,PD
paper_segment_10x10,5,8,sub-pd5_seg014,PD
paper_segment_10x10,5,5,sub-pd5_seg015,PD
paper_segment_10x10,5,2,sub-pd5_seg016,PD
paper_segment_10x10,5,6,sub-pd5_seg017,PD
paper_segment_10x10,5,4,sub-pd5_seg018,PD
paper_segment_10x10,5,9,sub-pd6_seg000,PD
paper_segment_10x10,5,2,sub-pd6_seg001,PD
paper_segment_10x10,5,2,sub-pd6_seg002,PD
paper_segment_10x10,5,5,sub-pd6_seg003,PD
paper_segment_10x10,5,6,sub-pd6_seg004,PD
paper_segment_10x10,5,5,sub-pd6_seg005,PD
paper_segment_10x10,5,1,sub-pd6_seg006,PD
paper_segment_10x10,5,4,sub-pd6_seg007,PD
paper_segment_10x10,5,1,sub-pd6_seg008,PD
paper_segment_10x10,5,3,sub-pd6_seg009,PD
paper_segment_10x10,5,4,sub-pd6_seg010,PD
paper_segment_10x10,5,6,sub-pd6_seg011,PD
paper_segment_10x10,5,2,sub-pd6_seg012,PD
paper_segment_10x10,5,5,sub-pd6_seg013,PD
paper_segment_10x10,5,1,sub-pd6_seg014,PD
paper_segment_10x10,5,2,sub-pd6_seg015,PD
paper_segment_10x10,5,3,sub-pd6_seg016,PD
paper_segment_10x10,5,5,sub-pd6_seg017,PD
paper_segment_10x10,5,4,sub-pd6_seg018,PD
paper_segment_10x10,5,4,sub-pd9_seg000,PD
paper_segment_10x10,5,3,sub-pd9_seg001,PD
paper_segment_10x10,5,2,sub-pd9_seg002,PD
paper_segment_10x10,5,8,sub-pd9_seg003,PD
paper_segment_10x10,5,2,sub-pd9_seg004,PD
paper_segment_10x10,5,3,sub-pd9_seg005,PD
paper_segment_10x10,5,2,sub-pd9_seg006,PD
paper_segment_10x10,5,0,sub-pd9_seg007,PD
paper_segment_10x10,5,4,sub-pd9_seg008,PD
paper_segment_10x10,5,0,sub-pd9_seg009,PD
paper_segment_10x10,5,5,sub-pd9_seg010,PD
paper_segment_10x10,5,2,sub-pd9_seg011,PD
paper_segment_10x10,5,1,sub-pd9_seg012,PD
paper_segment_10x10,5,6,sub-pd9_seg013,PD
paper_segment_10x10,5,3,sub-pd9_seg014,PD
paper_segment_10x10,5,9,sub-pd9_seg015,PD
paper_segment_10x10,5,3,sub-pd9_seg016,PD
paper_segment_10x10,5,7,sub-pd9_seg017,PD
paper_segment_10x10,5,8,sub-pd9_seg018,PD
paper_segment_10x10,5,5,sub-pd12_seg000,PD
paper_segment_10x10,5,6,sub-pd12_seg001,PD
paper_segment_10x10,5,2,sub-pd12_seg002,PD
paper_segment_10x10,5,9,sub-pd12_seg003,PD
paper_segment_10x10,5,8,sub-pd12_seg004,PD
paper_segment_10x10,5,4,sub-pd12_seg005,PD
paper_segment_10x10,5,1,sub-pd12_seg006,PD
paper_segment_10x10,5,1,sub-pd12_seg007,PD
paper_segment_10x10,5,6,sub-pd12_seg008,PD
paper_segment_10x10,5,4,sub-pd12_seg009,PD
paper_segment_10x10,5,0,sub-pd12_seg010,PD
paper_segment_10x10,5,3,sub-pd12_seg011,PD
paper_segment_10x10,5,7,sub-pd12_seg012,PD
paper_segment_10x10,5,5,sub-pd12_seg013,PD
paper_segment_10x10,5,2,sub-pd12_seg014,PD
paper_segment_10x10,5,1,sub-pd12_seg015,PD
paper_segment_10x10,5,1,sub-pd12_seg016,PD
paper_segment_10x10,5,0,sub-pd12_seg017,PD
paper_segment_10x10,5,0,sub-pd12_seg018,PD
paper_segment_10x10,5,7,sub-pd12_seg019,PD
paper_segment_10x10,5,3,sub-pd11_seg000,PD
paper_segment_10x10,5,3,sub-pd11_seg001,PD
paper_segment_10x10,5,6,sub-pd11_seg002,PD
paper_segment_10x10,5,1,sub-pd11_seg003,PD
paper_segment_10x10,5,4,sub-pd11_seg004,PD
paper_segment_10x10,5,2,sub-pd11_seg005,PD
paper_segment_10x10,5,5,sub-pd11_seg006,PD
paper_segment_10x10,5,6,sub-pd11_seg007,PD
paper_segment_10x10,5,9,sub-pd11_seg008,PD
paper_segment_10x10,5,2,sub-pd11_seg009,PD
paper_segment_10x10,5,3,sub-pd11_seg010,PD
paper_segment_10x10,5,9,sub-pd11_seg011,PD
paper_segment_10x10,5,2,sub-pd11_seg012,PD
paper_segment_10x10,5,9,sub-pd11_seg013,PD
paper_segment_10x10,5,1,sub-pd11_seg014,PD
paper_segment_10x10,5,8,sub-pd11_seg015,PD
paper_segment_10x10,5,8,sub-pd11_seg016,PD
paper_segment_10x10,5,5,sub-pd11_seg017,PD
paper_segment_10x10,5,5,sub-pd13_seg000,PD
paper_segment_10x10,5,0,sub-pd13_seg001,PD
paper_segment_10x10,5,0,sub-pd13_seg002,PD
paper_segment_10x10,5,9,sub-pd13_seg003,PD
paper_segment_10x10,5,2,sub-pd13_seg004,PD
paper_segment_10x10,5,5,sub-pd13_seg005,PD
paper_segment_10x10,5,3,sub-pd13_seg006,PD
paper_segment_10x10,5,3,sub-pd13_seg007,PD
paper_segment_10x10,5,6,sub-pd13_seg008,PD
paper_segment_10x10,5,4,sub-pd13_seg009,PD
paper_segment_10x10,5,5,sub-pd13_seg010,PD
paper_segment_10x10,5,6,sub-pd13_seg011,PD
paper_segment_10x10,5,0,sub-pd13_seg012,PD
paper_segment_10x10,5,9,sub-pd13_seg013,PD
paper_segment_10x10,5,7,sub-pd13_seg014,PD
paper_segment_10x10,5,6,sub-pd13_seg015,PD
paper_segment_10x10,5,6,sub-pd13_seg016,PD
paper_segment_10x10,5,4,sub-pd13_seg017,PD
paper_segment_10x10,5,9,sub-pd14_seg000,PD
paper_segment_10x10,5,7,sub-pd14_seg001,PD
paper_segment_10x10,5,7,sub-pd14_seg002,PD
paper_segment_10x10,5,5,sub-pd14_seg003,PD
paper_segment_10x10,5,4,sub-pd14_seg004,PD
paper_segment_10x10,5,7,sub-pd14_seg005,PD
paper_segment_10x10,5,3,sub-pd14_seg006,PD
paper_segment_10x10,5,7,sub-pd14_seg007,PD
paper_segment_10x10,5,7,sub-pd14_seg008,PD
paper_segment_10x10,5,0,sub-pd14_seg009,PD
paper_segment_10x10,5,8,sub-pd14_seg010,PD
paper_segment_10x10,5,1,sub-pd14_seg011,PD
paper_segment_10x10,5,3,sub-pd14_seg012,PD
paper_segment_10x10,5,5,sub-pd14_seg013,PD
paper_segment_10x10,5,1,sub-pd14_seg014,PD
paper_segment_10x10,5,5,sub-pd14_seg015,PD
paper_segment_10x10,5,7,sub-pd14_seg016,PD
paper_segment_10x10,5,1,sub-pd14_seg017,PD
paper_segment_10x10,5,8,sub-pd14_seg018,PD
paper_segment_10x10,5,3,sub-pd14_seg019,PD
paper_segment_10x10,5,7,sub-pd14_seg020,PD
paper_segment_10x10,5,6,sub-pd14_seg021,PD
paper_segment_10x10,5,2,sub-pd14_seg022,PD
paper_segment_10x10,5,4,sub-pd14_seg023,PD
paper_segment_10x10,5,7,sub-pd14_seg024,PD
paper_segment_10x10,5,4,sub-pd14_seg025,PD
paper_segment_10x10,5,1,sub-pd14_seg026,PD
paper_segment_10x10,5,0,sub-pd14_seg027,PD
paper_segment_10x10,5,4,sub-pd14_seg028,PD
paper_segment_10x10,5,9,sub-pd16_seg000,PD
paper_segment_10x10,5,4,sub-pd16_seg001,PD
paper_segment_10x10,5,3,sub-pd16_seg002,PD
paper_segment_10x10,5,6,sub-pd16_seg003,PD
paper_segment_10x10,5,6,sub-pd16_seg004,PD
paper_segment_10x10,5,3,sub-pd16_seg005,PD
paper_segment_10x10,5,5,sub-pd16_seg006,PD
paper_segment_10x10,5,5,sub-pd16_seg007,PD
paper_segment_10x10,5,2,sub-pd16_seg008,PD
paper_segment_10x10,5,6,sub-pd16_seg009,PD
paper_segment_10x10,5,5,sub-pd16_seg010,PD
paper_segment_10x10,5,5,sub-pd16_seg011,PD
paper_segment_10x10,5,8,sub-pd16_seg012,PD
paper_segment_10x10,5,4,sub-pd16_seg013,PD
paper_segment_10x10,5,1,sub-pd16_seg014,PD
paper_segment_10x10,5,5,sub-pd16_seg015,PD
paper_segment_10x10,5,1,sub-pd16_seg016,PD
paper_segment_10x10,5,1,sub-pd16_seg017,PD
paper_segment_10x10,5,9,sub-pd17_seg000,PD
paper_segment_10x10,5,3,sub-pd17_seg001,PD
paper_segment_10x10,5,4,sub-pd17_seg002,PD
paper_segment_10x10,5,8,sub-pd17_seg003,PD
paper_segment_10x10,5,2,sub-pd17_seg004,PD
paper_segment_10x10,5,0,sub-pd17_seg005,PD
paper_segment_10x10,5,0,sub-pd17_seg006,PD
paper_segment_10x10,5,7,sub-pd17_seg007,PD
paper_segment_10x10,5,9,sub-pd17_seg008,PD
paper_segment_10x10,5,0,sub-pd17_seg009,PD
paper_segment_10x10,5,0,sub-pd17_seg010,PD
paper_segment_10x10,5,6,sub-pd17_seg011,PD
paper_segment_10x10,5,9,sub-pd17_seg012,PD
paper_segment_10x10,5,0,sub-pd17_seg013,PD
paper_segment_10x10,5,5,sub-pd17_seg014,PD
paper_segment_10x10,5,0,sub-pd17_seg015,PD
paper_segment_10x10,5,9,sub-pd17_seg016,PD
paper_segment_10x10,5,8,sub-pd17_seg017,PD
paper_segment_10x10,5,9,sub-pd19_seg000,PD
paper_segment_10x10,5,8,sub-pd19_seg001,PD
paper_segment_10x10,5,9,sub-pd19_seg002,PD
paper_segment_10x10,5,2,sub-pd19_seg003,PD
paper_segment_10x10,5,9,sub-pd19_seg004,PD
paper_segment_10x10,5,0,sub-pd19_seg005,PD
paper_segment_10x10,5,9,sub-pd19_seg006,PD
paper_segment_10x10,5,3,sub-pd19_seg007,PD
paper_segment_10x10,5,5,sub-pd19_seg008,PD
paper_segment_10x10,5,8,sub-pd19_seg009,PD
paper_segment_10x10,5,8,sub-pd19_seg010,PD
paper_segment_10x10,5,8,sub-pd19_seg011,PD
paper_segment_10x10,5,1,sub-pd19_seg012,PD
paper_segment_10x10,5,0,sub-pd19_seg013,PD
paper_segment_10x10,5,6,sub-pd19_seg014,PD
paper_segment_10x10,5,7,sub-pd19_seg015,PD
paper_segment_10x10,5,3,sub-pd19_seg016,PD
paper_segment_10x10,5,1,sub-pd19_seg017,PD
paper_segment_10x10,5,4,sub-pd22_seg000,PD
paper_segment_10x10,5,9,sub-pd22_seg001,PD
paper_segment_10x10,5,5,sub-pd22_seg002,PD
paper_segment_10x10,5,7,sub-pd22_seg003,PD
paper_segment_10x10,5,8,sub-pd22_seg004,PD
paper_segment_10x10,5,6,sub-pd22_seg005,PD
paper_segment_10x10,5,2,sub-pd22_seg006,PD
paper_segment_10x10,5,1,sub-pd22_seg007,PD
paper_segment_10x10,5,2,sub-pd22_seg008,PD
paper_segment_10x10,5,1,sub-pd22_seg009,PD
paper_segment_10x10,5,9,sub-pd22_seg010,PD
paper_segment_10x10,5,3,sub-pd22_seg011,PD
paper_segment_10x10,5,7,sub-pd22_seg012,PD
paper_segment_10x10,5,0,sub-pd22_seg013,PD
paper_segment_10x10,5,2,sub-pd22_seg014,PD
paper_segment_10x10,5,9,sub-pd22_seg015,PD
paper_segment_10x10,5,2,sub-pd22_seg016,PD
paper_segment_10x10,5,2,sub-pd22_seg017,PD
paper_segment_10x10,5,6,sub-pd23_seg000,PD
paper_segment_10x10,5,9,sub-pd23_seg001,PD
paper_segment_10x10,5,4,sub-pd23_seg002,PD
paper_segment_10x10,5,8,sub-pd23_seg003,PD
paper_segment_10x10,5,0,sub-pd23_seg004,PD
paper_segment_10x10,5,8,sub-pd23_seg005,PD
paper_segment_10x10,5,0,sub-pd23_seg006,PD
paper_segment_10x10,5,2,sub-pd23_seg007,PD
paper_segment_10x10,5,6,sub-pd23_seg008,PD
paper_segment_10x10,5,0,sub-pd23_seg009,PD
paper_segment_10x10,5,7,sub-pd23_seg010,PD
paper_segment_10x10,5,4,sub-pd23_seg011,PD
paper_segment_10x10,5,7,sub-pd23_seg012,PD
paper_segment_10x10,5,1,sub-pd23_seg013,PD
paper_segment_10x10,5,8,sub-pd23_seg014,PD
paper_segment_10x10,5,2,sub-pd23_seg015,PD
paper_segment_10x10,5,7,sub-pd23_seg016,PD
paper_segment_10x10,5,1,sub-pd23_seg017,PD
paper_segment_10x10,5,6,sub-pd23_seg018,PD
paper_segment_10x10,5,9,sub-pd23_seg019,PD
paper_segment_10x10,5,7,sub-pd26_seg000,PD
paper_segment_10x10,5,3,sub-pd26_seg001,PD
paper_segment_10x10,5,2,sub-pd26_seg002,PD
paper_segment_10x10,5,9,sub-pd26_seg003,PD
paper_segment_10x10,5,4,sub-pd26_seg004,PD
paper_segment_10x10,5,0,sub-pd26_seg005,PD
paper_segment_10x10,5,4,sub-pd26_seg006,PD
paper_segment_10x10,5,7,sub-pd26_seg007,PD
paper_segment_10x10,5,8,sub-pd26_seg008,PD
paper_segment_10x10,5,6,sub-pd26_seg009,PD
paper_segment_10x10,5,3,sub-pd26_seg010,PD
paper_segment_10x10,5,7,sub-pd26_seg011,PD
paper_segment_10x10,5,4,sub-pd26_seg012,PD
paper_segment_10x10,5,1,sub-pd26_seg013,PD
paper_segment_10x10,5,7,sub-pd26_seg014,PD
paper_segment_10x10,5,6,sub-pd26_seg015,PD
paper_segment_10x10,5,1,sub-pd26_seg016,PD
paper_segment_10x10,5,1,sub-pd26_seg017,PD
paper_segment_10x10,5,9,sub-pd26_seg018,PD
paper_segment_10x10,5,5,sub-pd28_seg000,PD
paper_segment_10x10,5,5,sub-pd28_seg001,PD
paper_segment_10x10,5,5,sub-pd28_seg002,PD
paper_segment_10x10,5,9,sub-pd28_seg003,PD
paper_segment_10x10,5,8,sub-pd28_seg004,PD
paper_segment_10x10,5,3,sub-pd28_seg005,PD
paper_segment_10x10,5,6,sub-pd28_seg006,PD
paper_segment_10x10,5,1,sub-pd28_seg007,PD
paper_segment_10x10,5,2,sub-pd28_seg008,PD
paper_segment_10x10,5,2,sub-pd28_seg009,PD
paper_segment_10x10,5,3,sub-pd28_seg010,PD
paper_segment_10x10,5,8,sub-pd28_seg011,PD
paper_segment_10x10,5,0,sub-pd28_seg012,PD
paper_segment_10x10,5,1,sub-pd28_seg013,PD
paper_segment_10x10,5,5,sub-pd28_seg014,PD
paper_segment_10x10,5,7,sub-pd28_seg015,PD
paper_segment_10x10,5,4,sub-pd28_seg016,PD
paper_segment_10x10,5,1,sub-pd28_seg017,PD
paper_segment_10x10,5,8,sub-pd28_seg018,PD
paper_segment_10x10,5,0,sub-pd28_seg019,PD
paper_segment_10x10,6,4,sub-hc1_seg000,HC
paper_segment_10x10,6,9,sub-hc1_seg001,HC
paper_segment_10x10,6,8,sub-hc1_seg002,HC
paper_segment_10x10,6,5,sub-hc1_seg003,HC
paper_segment_10x10,6,4,sub-hc1_seg004,HC
paper_segment_10x10,6,1,sub-hc1_seg005,HC
paper_segment_10x10,6,1,sub-hc1_seg006,HC
paper_segment_10x10,6,9,sub-hc1_seg007,HC
paper_segment_10x10,6,4,sub-hc1_seg008,HC
paper_segment_10x10,6,7,sub-hc1_seg009,HC
paper_segment_10x10,6,0,sub-hc1_seg010,HC
paper_segment_10x10,6,5,sub-hc1_seg011,HC
paper_segment_10x10,6,8,sub-hc1_seg012,HC
paper_segment_10x10,6,1,sub-hc1_seg013,HC
paper_segment_10x10,6,9,sub-hc1_seg014,HC
paper_segment_10x10,6,3,sub-hc1_seg015,HC
paper_segment_10x10,6,0,sub-hc1_seg016,HC
paper_segment_10x10,6,0,sub-hc1_seg017,HC
paper_segment_10x10,6,7,sub-hc1_seg018,HC
paper_segment_10x10,6,2,sub-hc2_seg000,HC
paper_segment_10x10,6,9,sub-hc2_seg001,HC
paper_segment_10x10,6,3,sub-hc2_seg002,HC
paper_segment_10x10,6,5,sub-hc2_seg003,HC
paper_segment_10x10,6,6,sub-hc2_seg004,HC
paper_segment_10x10,6,3,sub-hc2_seg005,HC
paper_segment_10x10,6,8,sub-hc2_seg006,HC
paper_segment_10x10,6,7,sub-hc2_seg007,HC
paper_segment_10x10,6,0,sub-hc2_seg008,HC
paper_segment_10x10,6,9,sub-hc2_seg009,HC
paper_segment_10x10,6,2,sub-hc2_seg010,HC
paper_segment_10x10,6,6,sub-hc2_seg011,HC
paper_segment_10x10,6,0,sub-hc2_seg012,HC
paper_segment_10x10,6,1,sub-hc2_seg013,HC
paper_segment_10x10,6,4,sub-hc2_seg014,HC
paper_segment_10x10,6,1,sub-hc2_seg015,HC
paper_segment_10x10,6,6,sub-hc2_seg016,HC
paper_segment_10x10,6,7,sub-hc2_seg017,HC
paper_segment_10x10,6,2,sub-hc2_seg018,HC
paper_segment_10x10,6,7,sub-hc4_seg000,HC
paper_segment_10x10,6,3,sub-hc4_seg001,HC
paper_segment_10x10,6,0,sub-hc4_seg002,HC
paper_segment_10x10,6,7,sub-hc4_seg003,HC
paper_segment_10x10,6,8,sub-hc4_seg004,HC
paper_segment_10x10,6,3,sub-hc4_seg005,HC
paper_segment_10x10,6,4,sub-hc4_seg006,HC
paper_segment_10x10,6,5,sub-hc4_seg007,HC
paper_segment_10x10,6,2,sub-hc4_seg008,HC
paper_segment_10x10,6,2,sub-hc4_seg009,HC
paper_segment_10x10,6,2,sub-hc4_seg010,HC
paper_segment_10x10,6,8,sub-hc4_seg011,HC
paper_segment_10x10,6,2,sub-hc4_seg012,HC
paper_segment_10x10,6,2,sub-hc4_seg013,HC
paper_segment_10x10,6,7,sub-hc4_seg014,HC
paper_segment_10x10,6,9,sub-hc4_seg015,HC
paper_segment_10x10,6,1,sub-hc4_seg016,HC
paper_segment_10x10,6,7,sub-hc4_seg017,HC
paper_segment_10x10,6,6,sub-hc7_seg000,HC
paper_segment_10x10,6,3,sub-hc7_seg001,HC
paper_segment_10x10,6,2,sub-hc7_seg002,HC
paper_segment_10x10,6,7,sub-hc7_seg003,HC
paper_segment_10x10,6,1,sub-hc7_seg004,HC
paper_segment_10x10,6,6,sub-hc7_seg005,HC
paper_segment_10x10,6,1,sub-hc7_seg006,HC
paper_segment_10x10,6,0,sub-hc7_seg007,HC
paper_segment_10x10,6,0,sub-hc7_seg008,HC
paper_segment_10x10,6,8,sub-hc7_seg009,HC
paper_segment_10x10,6,5,sub-hc7_seg010,HC
paper_segment_10x10,6,0,sub-hc7_seg011,HC
paper_segment_10x10,6,3,sub-hc7_seg012,HC
paper_segment_10x10,6,9,sub-hc7_seg013,HC
paper_segment_10x10,6,8,sub-hc7_seg014,HC
paper_segment_10x10,6,8,sub-hc7_seg015,HC
paper_segment_10x10,6,5,sub-hc7_seg016,HC
paper_segment_10x10,6,0,sub-hc7_seg017,HC
paper_segment_10x10,6,1,sub-hc7_seg018,HC
paper_segment_10x10,6,0,sub-hc8_seg000,HC
paper_segment_10x10,6,8,sub-hc8_seg001,HC
paper_segment_10x10,6,5,sub-hc8_seg002,HC
paper_segment_10x10,6,1,sub-hc8_seg003,HC
paper_segment_10x10,6,6,sub-hc8_seg004,HC
paper_segment_10x10,6,5,sub-hc8_seg005,HC
paper_segment_10x10,6,9,sub-hc8_seg006,HC
paper_segment_10x10,6,1,sub-hc8_seg007,HC
paper_segment_10x10,6,7,sub-hc8_seg008,HC
paper_segment_10x10,6,5,sub-hc8_seg009,HC
paper_segment_10x10,6,2,sub-hc8_seg010,HC
paper_segment_10x10,6,9,sub-hc8_seg011,HC
paper_segment_10x10,6,4,sub-hc8_seg012,HC
paper_segment_10x10,6,9,sub-hc8_seg013,HC
paper_segment_10x10,6,0,sub-hc8_seg014,HC
paper_segment_10x10,6,5,sub-hc8_seg015,HC
paper_segment_10x10,6,3,sub-hc8_seg016,HC
paper_segment_10x10,6,4,sub-hc8_seg017,HC
paper_segment_10x10,6,2,sub-hc8_seg018,HC
paper_segment_10x10,6,9,sub-hc10_seg000,HC
paper_segment_10x10,6,5,sub-hc10_seg001,HC
paper_segment_10x10,6,5,sub-hc10_seg002,HC
paper_segment_10x10,6,7,sub-hc10_seg003,HC
paper_segment_10x10,6,9,sub-hc10_seg004,HC
paper_segment_10x10,6,3,sub-hc10_seg005,HC
paper_segment_10x10,6,0,sub-hc10_seg006,HC
paper_segment_10x10,6,9,sub-hc10_seg007,HC
paper_segment_10x10,6,3,sub-hc10_seg008,HC
paper_segment_10x10,6,0,sub-hc10_seg009,HC
paper_segment_10x10,6,5,sub-hc10_seg010,HC
paper_segment_10x10,6,8,sub-hc10_seg011,HC
paper_segment_10x10,6,3,sub-hc10_seg012,HC
paper_segment_10x10,6,5,sub-hc10_seg013,HC
paper_segment_10x10,6,6,sub-hc10_seg014,HC
paper_segment_10x10,6,7,sub-hc10_seg015,HC
paper_segment_10x10,6,4,sub-hc10_seg016,HC
paper_segment_10x10,6,6,sub-hc10_seg017,HC
paper_segment_10x10,6,9,sub-hc10_seg018,HC
paper_segment_10x10,6,1,sub-hc10_seg019,HC
paper_segment_10x10,6,8,sub-hc18_seg000,HC
paper_segment_10x10,6,3,sub-hc18_seg001,HC
paper_segment_10x10,6,8,sub-hc18_seg002,HC
paper_segment_10x10,6,7,sub-hc18_seg003,HC
paper_segment_10x10,6,1,sub-hc18_seg004,HC
paper_segment_10x10,6,1,sub-hc18_seg005,HC
paper_segment_10x10,6,1,sub-hc18_seg006,HC
paper_segment_10x10,6,1,sub-hc18_seg007,HC
paper_segment_10x10,6,8,sub-hc18_seg008,HC
paper_segment_10x10,6,2,sub-hc18_seg009,HC
paper_segment_10x10,6,5,sub-hc18_seg010,HC
paper_segment_10x10,6,9,sub-hc18_seg011,HC
paper_segment_10x10,6,4,sub-hc18_seg012,HC
paper_segment_10x10,6,5,sub-hc18_seg013,HC
paper_segment_10x10,6,7,sub-hc18_seg014,HC
paper_segment_10x10,6,5,sub-hc18_seg015,HC
paper_segment_10x10,6,8,sub-hc18_seg016,HC
paper_segment_10x10,6,2,sub-hc18_seg017,HC
paper_segment_10x10,6,5,sub-hc20_seg000,HC
paper_segment_10x10,6,2,sub-hc20_seg001,HC
paper_segment_10x10,6,5,sub-hc20_seg002,HC
paper_segment_10x10,6,8,sub-hc20_seg003,HC
paper_segment_10x10,6,6,sub-hc20_seg004,HC
paper_segment_10x10,6,7,sub-hc20_seg005,HC
paper_segment_10x10,6,1,sub-hc20_seg006,HC
paper_segment_10x10,6,9,sub-hc20_seg007,HC
paper_segment_10x10,6,4,sub-hc20_seg008,HC
paper_segment_10x10,6,6,sub-hc20_seg009,HC
paper_segment_10x10,6,7,sub-hc20_seg010,HC
paper_segment_10x10,6,4,sub-hc20_seg011,HC
paper_segment_10x10,6,5,sub-hc20_seg012,HC
paper_segment_10x10,6,9,sub-hc20_seg013,HC
paper_segment_10x10,6,1,sub-hc20_seg014,HC
paper_segment_10x10,6,3,sub-hc20_seg015,HC
paper_segment_10x10,6,2,sub-hc20_seg016,HC
paper_segment_10x10,6,8,sub-hc20_seg017,HC
paper_segment_10x10,6,9,sub-hc21_seg000,HC
paper_segment_10x10,6,6,sub-hc21_seg001,HC
paper_segment_10x10,6,3,sub-hc21_seg002,HC
paper_segment_10x10,6,2,sub-hc21_seg003,HC
paper_segment_10x10,6,0,sub-hc21_seg004,HC
paper_segment_10x10,6,7,sub-hc21_seg005,HC
paper_segment_10x10,6,6,sub-hc21_seg006,HC
paper_segment_10x10,6,8,sub-hc21_seg007,HC
paper_segment_10x10,6,3,sub-hc21_seg008,HC
paper_segment_10x10,6,1,sub-hc21_seg009,HC
paper_segment_10x10,6,7,sub-hc21_seg010,HC
paper_segment_10x10,6,5,sub-hc21_seg011,HC
paper_segment_10x10,6,5,sub-hc21_seg012,HC
paper_segment_10x10,6,6,sub-hc21_seg013,HC
paper_segment_10x10,6,0,sub-hc21_seg014,HC
paper_segment_10x10,6,6,sub-hc21_seg015,HC
paper_segment_10x10,6,4,sub-hc21_seg016,HC
paper_segment_10x10,6,7,sub-hc21_seg017,HC
paper_segment_10x10,6,1,sub-hc24_seg000,HC
paper_segment_10x10,6,8,sub-hc24_seg001,HC
paper_segment_10x10,6,1,sub-hc24_seg002,HC
paper_segment_10x10,6,0,sub-hc24_seg003,HC
paper_segment_10x10,6,6,sub-hc24_seg004,HC
paper_segment_10x10,6,0,sub-hc24_seg005,HC
paper_segment_10x10,6,6,sub-hc24_seg006,HC
paper_segment_10x10,6,6,sub-hc24_seg007,HC
paper_segment_10x10,6,8,sub-hc24_seg008,HC
paper_segment_10x10,6,6,sub-hc24_seg009,HC
paper_segment_10x10,6,2,sub-hc24_seg010,HC
paper_segment_10x10,6,2,sub-hc24_seg011,HC
paper_segment_10x10,6,7,sub-hc24_seg012,HC
paper_segment_10x10,6,8,sub-hc24_seg013,HC
paper_segment_10x10,6,2,sub-hc24_seg014,HC
paper_segment_10x10,6,0,sub-hc24_seg015,HC
paper_segment_10x10,6,5,sub-hc24_seg016,HC
paper_segment_10x10,6,3,sub-hc24_seg017,HC
paper_segment_10x10,6,5,sub-hc24_seg018,HC
paper_segment_10x10,6,4,sub-hc25_seg000,HC
paper_segment_10x10,6,7,sub-hc25_seg001,HC
paper_segment_10x10,6,0,sub-hc25_seg002,HC
paper_segment_10x10,6,7,sub-hc25_seg003,HC
paper_segment_10x10,6,1,sub-hc25_seg004,HC
paper_segment_10x10,6,8,sub-hc25_seg005,HC
paper_segment_10x10,6,5,sub-hc25_seg006,HC
paper_segment_10x10,6,1,sub-hc25_seg007,HC
paper_segment_10x10,6,3,sub-hc25_seg008,HC
paper_segment_10x10,6,3,sub-hc25_seg009,HC
paper_segment_10x10,6,4,sub-hc25_seg010,HC
paper_segment_10x10,6,1,sub-hc25_seg011,HC
paper_segment_10x10,6,8,sub-hc25_seg012,HC
paper_segment_10x10,6,8,sub-hc25_seg013,HC
paper_segment_10x10,6,4,sub-hc25_seg014,HC
paper_segment_10x10,6,3,sub-hc25_seg015,HC
paper_segment_10x10,6,6,sub-hc25_seg016,HC
paper_segment_10x10,6,8,sub-hc25_seg017,HC
paper_segment_10x10,6,7,sub-hc25_seg018,HC
paper_segment_10x10,6,3,sub-hc25_seg019,HC
paper_segment_10x10,6,2,sub-hc29_seg000,HC
paper_segment_10x10,6,3,sub-hc29_seg001,HC
paper_segment_10x10,6,0,sub-hc29_seg002,HC
paper_segment_10x10,6,3,sub-hc29_seg003,HC
paper_segment_10x10,6,0,sub-hc29_seg004,HC
paper_segment_10x10,6,1,sub-hc29_seg005,HC
paper_segment_10x10,6,2,sub-hc29_seg006,HC
paper_segment_10x10,6,4,sub-hc29_seg007,HC
paper_segment_10x10,6,7,sub-hc29_seg008,HC
paper_segment_10x10,6,9,sub-hc29_seg009,HC
paper_segment_10x10,6,9,sub-hc29_seg010,HC
paper_segment_10x10,6,2,sub-hc29_seg011,HC
paper_segment_10x10,6,4,sub-hc29_seg012,HC
paper_segment_10x10,6,7,sub-hc29_seg013,HC
paper_segment_10x10,6,2,sub-hc29_seg014,HC
paper_segment_10x10,6,2,sub-hc29_seg015,HC
paper_segment_10x10,6,3,sub-hc29_seg016,HC
paper_segment_10x10,6,1,sub-hc29_seg017,HC
paper_segment_10x10,6,7,sub-hc29_seg018,HC
paper_segment_10x10,6,9,sub-hc30_seg000,HC
paper_segment_10x10,6,8,sub-hc30_seg001,HC
paper_segment_10x10,6,7,sub-hc30_seg002,HC
paper_segment_10x10,6,5,sub-hc30_seg003,HC
paper_segment_10x10,6,2,sub-hc30_seg004,HC
paper_segment_10x10,6,0,sub-hc30_seg005,HC
paper_segment_10x10,6,9,sub-hc30_seg006,HC
paper_segment_10x10,6,0,sub-hc30_seg007,PD
paper_segment_10x10,6,9,sub-hc30_seg008,HC
paper_segment_10x10,6,4,sub-hc30_seg009,HC
paper_segment_10x10,6,3,sub-hc30_seg010,HC
paper_segment_10x10,6,0,sub-hc30_seg011,HC
paper_segment_10x10,6,9,sub-hc30_seg012,HC
paper_segment_10x10,6,8,sub-hc30_seg013,HC
paper_segment_10x10,6,9,sub-hc30_seg014,HC
paper_segment_10x10,6,7,sub-hc30_seg015,HC
paper_segment_10x10,6,8,sub-hc30_seg016,HC
paper_segment_10x10,6,6,sub-hc30_seg017,HC
paper_segment_10x10,6,5,sub-hc31_seg000,HC
paper_segment_10x10,6,6,sub-hc31_seg001,HC
paper_segment_10x10,6,5,sub-hc31_seg002,HC
paper_segment_10x10,6,5,sub-hc31_seg003,HC
paper_segment_10x10,6,6,sub-hc31_seg004,HC
paper_segment_10x10,6,4,sub-hc31_seg005,HC
paper_segment_10x10,6,1,sub-hc31_seg006,HC
paper_segment_10x10,6,8,sub-hc31_seg007,HC
paper_segment_10x10,6,9,sub-hc31_seg008,HC
paper_segment_10x10,6,4,sub-hc31_seg009,HC
paper_segment_10x10,6,4,sub-hc31_seg010,HC
paper_segment_10x10,6,7,sub-hc31_seg011,HC
paper_segment_10x10,6,4,sub-hc31_seg012,PD
paper_segment_10x10,6,4,sub-hc31_seg013,HC
paper_segment_10x10,6,7,sub-hc31_seg014,HC
paper_segment_10x10,6,4,sub-hc31_seg015,HC
paper_segment_10x10,6,1,sub-hc31_seg016,HC
paper_segment_10x10,6,3,sub-hc31_seg017,HC
paper_segment_10x10,6,9,sub-hc32_seg000,HC
paper_segment_10x10,6,6,sub-hc32_seg001,HC
paper_segment_10x10,6,1,sub-hc32_seg002,HC
paper_segment_10x10,6,3,sub-hc32_seg003,HC
paper_segment_10x10,6,5,sub-hc32_seg004,HC
paper_segment_10x10,6,6,sub-hc32_seg005,HC
paper_segment_10x10,6,9,sub-hc32_seg006,HC
paper_segment_10x10,6,6,sub-hc32_seg007,HC
paper_segment_10x10,6,2,sub-hc32_seg008,HC
paper_segment_10x10,6,2,sub-hc32_seg009,HC
paper_segment_10x10,6,4,sub-hc32_seg010,HC
paper_segment_10x10,6,6,sub-hc32_seg011,HC
paper_segment_10x10,6,4,sub-hc32_seg012,HC
paper_segment_10x10,6,4,sub-hc32_seg013,HC
paper_segment_10x10,6,6,sub-hc32_seg014,HC
paper_segment_10x10,6,0,sub-hc32_seg015,HC
paper_segment_10x10,6,0,sub-hc32_seg016,HC
paper_segment_10x10,6,3,sub-hc32_seg017,HC
paper_segment_10x10,6,8,sub-hc32_seg018,HC
paper_segment_10x10,6,1,sub-hc33_seg000,HC
paper_segment_10x10,6,2,sub-hc33_seg001,HC
paper_segment_10x10,6,0,sub-hc33_seg002,HC
paper_segment_10x10,6,2,sub-hc33_seg003,HC
paper_segment_10x10,6,3,sub-hc33_seg004,HC
paper_segment_10x10,6,4,sub-hc33_seg005,HC
paper_segment_10x10,6,6,sub-hc33_seg006,HC
paper_segment_10x10,6,4,sub-hc33_seg007,HC
paper_segment_10x10,6,3,sub-hc33_seg008,HC
paper_segment_10x10,6,0,sub-hc33_seg009,HC
paper_segment_10x10,6,9,sub-hc33_seg010,HC
paper_segment_10x10,6,8,sub-hc33_seg011,HC
paper_segment_10x10,6,4,sub-hc33_seg012,HC
paper_segment_10x10,6,6,sub-hc33_seg013,HC
paper_segment_10x10,6,0,sub-hc33_seg014,HC
paper_segment_10x10,6,3,sub-hc33_seg015,HC
paper_segment_10x10,6,9,sub-hc33_seg016,HC
paper_segment_10x10,6,2,sub-hc33_seg017,HC
paper_segment_10x10,6,6,sub-hc33_seg018,HC
paper_segment_10x10,6,2,sub-pd3_seg000,PD
paper_segment_10x10,6,4,sub-pd3_seg001,PD
paper_segment_10x10,6,1,sub-pd3_seg002,PD
paper_segment_10x10,6,1,sub-pd3_seg003,PD
paper_segment_10x10,6,0,sub-pd3_seg004,PD
paper_segment_10x10,6,7,sub-pd3_seg005,PD
paper_segment_10x10,6,6,sub-pd3_seg006,PD
paper_segment_10x10,6,2,sub-pd3_seg007,PD
paper_segment_10x10,6,1,sub-pd3_seg008,PD
paper_segment_10x10,6,7,sub-pd3_seg009,PD
paper_segment_10x10,6,2,sub-pd3_seg010,PD
paper_segment_10x10,6,0,sub-pd3_seg011,PD
paper_segment_10x10,6,2,sub-pd3_seg012,PD
paper_segment_10x10,6,2,sub-pd3_seg013,PD
paper_segment_10x10,6,0,sub-pd3_seg014,PD
paper_segment_10x10,6,6,sub-pd3_seg015,PD
paper_segment_10x10,6,4,sub-pd3_seg016,PD
paper_segment_10x10,6,6,sub-pd3_seg017,PD
paper_segment_10x10,6,8,sub-pd3_seg018,PD
paper_segment_10x10,6,5,sub-pd3_seg019,PD
paper_segment_10x10,6,8,sub-pd5_seg000,PD
paper_segment_10x10,6,1,sub-pd5_seg001,PD
paper_segment_10x10,6,6,sub-pd5_seg002,PD
paper_segment_10x10,6,3,sub-pd5_seg003,PD
paper_segment_10x10,6,1,sub-pd5_seg004,PD
paper_segment_10x10,6,6,sub-pd5_seg005,PD
paper_segment_10x10,6,5,sub-pd5_seg006,PD
paper_segment_10x10,6,5,sub-pd5_seg007,PD
paper_segment_10x10,6,0,sub-pd5_seg008,PD
paper_segment_10x10,6,5,sub-pd5_seg009,PD
paper_segment_10x10,6,2,sub-pd5_seg010,PD
paper_segment_10x10,6,6,sub-pd5_seg011,PD
paper_segment_10x10,6,0,sub-pd5_seg012,PD
paper_segment_10x10,6,5,sub-pd5_seg013,PD
paper_segment_10x10,6,3,sub-pd5_seg014,PD
paper_segment_10x10,6,5,sub-pd5_seg015,PD
paper_segment_10x10,6,6,sub-pd5_seg016,PD
paper_segment_10x10,6,6,sub-pd5_seg017,PD
paper_segment_10x10,6,5,sub-pd5_seg018,PD
paper_segment_10x10,6,1,sub-pd6_seg000,PD
paper_segment_10x10,6,4,sub-pd6_seg001,PD
paper_segment_10x10,6,5,sub-pd6_seg002,PD
paper_segment_10x10,6,2,sub-pd6_seg003,PD
paper_segment_10x10,6,8,sub-pd6_seg004,PD
paper_segment_10x10,6,3,sub-pd6_seg005,PD
paper_segment_10x10,6,7,sub-pd6_seg006,PD
paper_segment_10x10,6,0,sub-pd6_seg007,PD
paper_segment_10x10,6,2,sub-pd6_seg008,PD
paper_segment_10x10,6,7,sub-pd6_seg009,PD
paper_segment_10x10,6,4,sub-pd6_seg010,PD
paper_segment_10x10,6,9,sub-pd6_seg011,PD
paper_segment_10x10,6,3,sub-pd6_seg012,PD
paper_segment_10x10,6,6,sub-pd6_seg013,PD
paper_segment_10x10,6,8,sub-pd6_seg014,PD
paper_segment_10x10,6,6,sub-pd6_seg015,PD
paper_segment_10x10,6,5,sub-pd6_seg016,PD
paper_segment_10x10,6,9,sub-pd6_seg017,PD
paper_segment_10x10,6,1,sub-pd6_seg018,PD
paper_segment_10x10,6,9,sub-pd9_seg000,PD
paper_segment_10x10,6,3,sub-pd9_seg001,PD
paper_segment_10x10,6,1,sub-pd9_seg002,PD
paper_segment_10x10,6,8,sub-pd9_seg003,PD
paper_segment_10x10,6,4,sub-pd9_seg004,PD
paper_segment_10x10,6,7,sub-pd9_seg005,PD
paper_segment_10x10,6,9,sub-pd9_seg006,PD
paper_segment_10x10,6,7,sub-pd9_seg007,PD
paper_segment_10x10,6,1,sub-pd9_seg008,PD
paper_segment_10x10,6,3,sub-pd9_seg009,PD
paper_segment_10x10,6,4,sub-pd9_seg010,PD
paper_segment_10x10,6,9,sub-pd9_seg011,PD
paper_segment_10x10,6,0,sub-pd9_seg012,PD
paper_segment_10x10,6,3,sub-pd9_seg013,PD
paper_segment_10x10,6,6,sub-pd9_seg014,PD
paper_segment_10x10,6,9,sub-pd9_seg015,PD
paper_segment_10x10,6,5,sub-pd9_seg016,PD
paper_segment_10x10,6,0,sub-pd9_seg017,PD
paper_segment_10x10,6,3,sub-pd9_seg018,PD
paper_segment_10x10,6,1,sub-pd12_seg000,PD
paper_segment_10x10,6,8,sub-pd12_seg001,PD
paper_segment_10x10,6,0,sub-pd12_seg002,PD
paper_segment_10x10,6,6,sub-pd12_seg003,PD
paper_segment_10x10,6,9,sub-pd12_seg004,PD
paper_segment_10x10,6,0,sub-pd12_seg005,PD
paper_segment_10x10,6,4,sub-pd12_seg006,PD
paper_segment_10x10,6,5,sub-pd12_seg007,PD
paper_segment_10x10,6,6,sub-pd12_seg008,PD
paper_segment_10x10,6,4,sub-pd12_seg009,PD
paper_segment_10x10,6,4,sub-pd12_seg010,PD
paper_segment_10x10,6,9,sub-pd12_seg011,PD
paper_segment_10x10,6,2,sub-pd12_seg012,PD
paper_segment_10x10,6,7,sub-pd12_seg013,PD
paper_segment_10x10,6,2,sub-pd12_seg014,PD
paper_segment_10x10,6,3,sub-pd12_seg015,PD
paper_segment_10x10,6,4,sub-pd12_seg016,PD
paper_segment_10x10,6,9,sub-pd12_seg017,PD
paper_segment_10x10,6,3,sub-pd12_seg018,PD
paper_segment_10x10,6,3,sub-pd12_seg019,PD
paper_segment_10x10,6,7,sub-pd11_seg000,PD
paper_segment_10x10,6,9,sub-pd11_seg001,PD
paper_segment_10x10,6,8,sub-pd11_seg002,PD
paper_segment_10x10,6,9,sub-pd11_seg003,PD
paper_segment_10x10,6,2,sub-pd11_seg004,PD
paper_segment_10x10,6,3,sub-pd11_seg005,PD
paper_segment_10x10,6,2,sub-pd11_seg006,PD
paper_segment_10x10,6,5,sub-pd11_seg007,PD
paper_segment_10x10,6,7,sub-pd11_seg008,PD
paper_segment_10x10,6,5,sub-pd11_seg009,PD
paper_segment_10x10,6,4,sub-pd11_seg010,PD
paper_segment_10x10,6,6,sub-pd11_seg011,PD
paper_segment_10x10,6,0,sub-pd11_seg012,PD
paper_segment_10x10,6,6,sub-pd11_seg013,PD
paper_segment_10x10,6,3,sub-pd11_seg014,PD
paper_segment_10x10,6,5,sub-pd11_seg015,PD
paper_segment_10x10,6,1,sub-pd11_seg016,PD
paper_segment_10x10,6,9,sub-pd11_seg017,PD
paper_segment_10x10,6,3,sub-pd13_seg000,PD
paper_segment_10x10,6,1,sub-pd13_seg001,PD
paper_segment_10x10,6,2,sub-pd13_seg002,PD
paper_segment_10x10,6,6,sub-pd13_seg003,PD
paper_segment_10x10,6,5,sub-pd13_seg004,PD
paper_segment_10x10,6,7,sub-pd13_seg005,PD
paper_segment_10x10,6,6,sub-pd13_seg006,PD
paper_segment_10x10,6,5,sub-pd13_seg007,PD
paper_segment_10x10,6,3,sub-pd13_seg008,PD
paper_segment_10x10,6,2,sub-pd13_seg009,PD
paper_segment_10x10,6,8,sub-pd13_seg010,PD
paper_segment_10x10,6,3,sub-pd13_seg011,PD
paper_segment_10x10,6,5,sub-pd13_seg012,PD
paper_segment_10x10,6,6,sub-pd13_seg013,PD
paper_segment_10x10,6,7,sub-pd13_seg014,PD
paper_segment_10x10,6,4,sub-pd13_seg015,PD
paper_segment_10x10,6,2,sub-pd13_seg016,PD
paper_segment_10x10,6,6,sub-pd13_seg017,PD
paper_segment_10x10,6,6,sub-pd14_seg000,PD
paper_segment_10x10,6,1,sub-pd14_seg001,PD
paper_segment_10x10,6,0,sub-pd14_seg002,PD
paper_segment_10x10,6,9,sub-pd14_seg003,PD
paper_segment_10x10,6,2,sub-pd14_seg004,PD
paper_segment_10x10,6,0,sub-pd14_seg005,PD
paper_segment_10x10,6,3,sub-pd14_seg006,PD
paper_segment_10x10,6,9,sub-pd14_seg007,PD
paper_segment_10x10,6,9,sub-pd14_seg008,PD
paper_segment_10x10,6,8,sub-pd14_seg009,PD
paper_segment_10x10,6,7,sub-pd14_seg010,PD
paper_segment_10x10,6,1,sub-pd14_seg011,PD
paper_segment_10x10,6,8,sub-pd14_seg012,PD
paper_segment_10x10,6,8,sub-pd14_seg013,PD
paper_segment_10x10,6,9,sub-pd14_seg014,PD
paper_segment_10x10,6,0,sub-pd14_seg015,PD
paper_segment_10x10,6,8,sub-pd14_seg016,PD
paper_segment_10x10,6,5,sub-pd14_seg017,PD
paper_segment_10x10,6,4,sub-pd14_seg018,PD
paper_segment_10x10,6,8,sub-pd14_seg019,PD
paper_segment_10x10,6,2,sub-pd14_seg020,PD
paper_segment_10x10,6,0,sub-pd14_seg021,PD
paper_segment_10x10,6,4,sub-pd14_seg022,PD
paper_segment_10x10,6,9,sub-pd14_seg023,PD
paper_segment_10x10,6,4,sub-pd14_seg024,PD
paper_segment_10x10,6,8,sub-pd14_seg025,PD
paper_segment_10x10,6,0,sub-pd14_seg026,PD
paper_segment_10x10,6,4,sub-pd14_seg027,PD
paper_segment_10x10,6,0,sub-pd14_seg028,PD
paper_segment_10x10,6,5,sub-pd16_seg000,PD
paper_segment_10x10,6,5,sub-pd16_seg001,PD
paper_segment_10x10,6,7,sub-pd16_seg002,PD
paper_segment_10x10,6,9,sub-pd16_seg003,PD
paper_segment_10x10,6,1,sub-pd16_seg004,PD
paper_segment_10x10,6,7,sub-pd16_seg005,PD
paper_segment_10x10,6,0,sub-pd16_seg006,PD
paper_segment_10x10,6,0,sub-pd16_seg007,PD
paper_segment_10x10,6,9,sub-pd16_seg008,PD
paper_segment_10x10,6,9,sub-pd16_seg009,PD
paper_segment_10x10,6,3,sub-pd16_seg010,PD
paper_segment_10x10,6,1,sub-pd16_seg011,PD
paper_segment_10x10,6,4,sub-pd16_seg012,PD
paper_segment_10x10,6,7,sub-pd16_seg013,PD
paper_segment_10x10,6,6,sub-pd16_seg014,PD
paper_segment_10x10,6,2,sub-pd16_seg015,PD
paper_segment_10x10,6,7,sub-pd16_seg016,PD
paper_segment_10x10,6,8,sub-pd16_seg017,PD
paper_segment_10x10,6,0,sub-pd17_seg000,PD
paper_segment_10x10,6,5,sub-pd17_seg001,PD
paper_segment_10x10,6,7,sub-pd17_seg002,PD
paper_segment_10x10,6,1,sub-pd17_seg003,PD
paper_segment_10x10,6,6,sub-pd17_seg004,PD
paper_segment_10x10,6,4,sub-pd17_seg005,PD
paper_segment_10x10,6,3,sub-pd17_seg006,PD
paper_segment_10x10,6,5,sub-pd17_seg007,PD
paper_segment_10x10,6,1,sub-pd17_seg008,PD
paper_segment_10x10,6,7,sub-pd17_seg009,PD
paper_segment_10x10,6,2,sub-pd17_seg010,PD
paper_segment_10x10,6,1,sub-pd17_seg011,PD
paper_segment_10x10,6,8,sub-pd17_seg012,PD
paper_segment_10x10,6,1,sub-pd17_seg013,PD
paper_segment_10x10,6,9,sub-pd17_seg014,PD
paper_segment_10x10,6,3,sub-pd17_seg015,PD
paper_segment_10x10,6,6,sub-pd17_seg016,PD
paper_segment_10x10,6,2,sub-pd17_seg017,PD
paper_segment_10x10,6,8,sub-pd19_seg000,PD
paper_segment_10x10,6,8,sub-pd19_seg001,PD
paper_segment_10x10,6,0,sub-pd19_seg002,PD
paper_segment_10x10,6,3,sub-pd19_seg003,PD
paper_segment_10x10,6,1,sub-pd19_seg004,PD
paper_segment_10x10,6,1,sub-pd19_seg005,PD
paper_segment_10x10,6,0,sub-pd19_seg006,PD
paper_segment_10x10,6,1,sub-pd19_seg007,PD
paper_segment_10x10,6,2,sub-pd19_seg008,PD
paper_segment_10x10,6,9,sub-pd19_seg009,PD
paper_segment_10x10,6,0,sub-pd19_seg010,PD
paper_segment_10x10,6,3,sub-pd19_seg011,PD
paper_segment_10x10,6,1,sub-pd19_seg012,PD
paper_segment_10x10,6,1,sub-pd19_seg013,PD
paper_segment_10x10,6,6,sub-pd19_seg014,PD
paper_segment_10x10,6,4,sub-pd19_seg015,PD
paper_segment_10x10,6,3,sub-pd19_seg016,PD
paper_segment_10x10,6,1,sub-pd19_seg017,PD
paper_segment_10x10,6,4,sub-pd22_seg000,PD
paper_segment_10x10,6,5,sub-pd22_seg001,PD
paper_segment_10x10,6,2,sub-pd22_seg002,PD
paper_segment_10x10,6,4,sub-pd22_seg003,PD
paper_segment_10x10,6,7,sub-pd22_seg004,PD
paper_segment_10x10,6,9,sub-pd22_seg005,PD
paper_segment_10x10,6,9,sub-pd22_seg006,PD
paper_segment_10x10,6,7,sub-pd22_seg007,PD
paper_segment_10x10,6,9,sub-pd22_seg008,PD
paper_segment_10x10,6,4,sub-pd22_seg009,PD
paper_segment_10x10,6,2,sub-pd22_seg010,PD
paper_segment_10x10,6,9,sub-pd22_seg011,PD
paper_segment_10x10,6,3,sub-pd22_seg012,PD
paper_segment_10x10,6,4,sub-pd22_seg013,PD
paper_segment_10x10,6,4,sub-pd22_seg014,PD
paper_segment_10x10,6,4,sub-pd22_seg015,PD
paper_segment_10x10,6,2,sub-pd22_seg016,PD
paper_segment_10x10,6,3,sub-pd22_seg017,PD
paper_segment_10x10,6,3,sub-pd23_seg000,PD
paper_segment_10x10,6,2,sub-pd23_seg001,PD
paper_segment_10x10,6,0,sub-pd23_seg002,PD
paper_segment_10x10,6,3,sub-pd23_seg003,PD
paper_segment_10x10,6,0,sub-pd23_seg004,PD
paper_segment_10x10,6,6,sub-pd23_seg005,PD
paper_segment_10x10,6,8,sub-pd23_seg006,PD
paper_segment_10x10,6,2,sub-pd23_seg007,PD
paper_segment_10x10,6,1,sub-pd23_seg008,PD
paper_segment_10x10,6,5,sub-pd23_seg009,PD
paper_segment_10x10,6,8,sub-pd23_seg010,PD
paper_segment_10x10,6,8,sub-pd23_seg011,PD
paper_segment_10x10,6,8,sub-pd23_seg012,PD
paper_segment_10x10,6,6,sub-pd23_seg013,PD
paper_segment_10x10,6,7,sub-pd23_seg014,PD
paper_segment_10x10,6,1,sub-pd23_seg015,PD
paper_segment_10x10,6,0,sub-pd23_seg016,PD
paper_segment_10x10,6,5,sub-pd23_seg017,PD
paper_segment_10x10,6,7,sub-pd23_seg018,PD
paper_segment_10x10,6,4,sub-pd23_seg019,PD
paper_segment_10x10,6,5,sub-pd26_seg000,PD
paper_segment_10x10,6,6,sub-pd26_seg001,PD
paper_segment_10x10,6,4,sub-pd26_seg002,PD
paper_segment_10x10,6,7,sub-pd26_seg003,PD
paper_segment_10x10,6,8,sub-pd26_seg004,PD
paper_segment_10x10,6,1,sub-pd26_seg005,PD
paper_segment_10x10,6,9,sub-pd26_seg006,PD
paper_segment_10x10,6,8,sub-pd26_seg007,PD
paper_segment_10x10,6,3,sub-pd26_seg008,PD
paper_segment_10x10,6,5,sub-pd26_seg009,PD
paper_segment_10x10,6,8,sub-pd26_seg010,PD
paper_segment_10x10,6,8,sub-pd26_seg011,PD
paper_segment_10x10,6,7,sub-pd26_seg012,PD
paper_segment_10x10,6,7,sub-pd26_seg013,PD
paper_segment_10x10,6,2,sub-pd26_seg014,PD
paper_segment_10x10,6,9,sub-pd26_seg015,PD
paper_segment_10x10,6,4,sub-pd26_seg016,PD
paper_segment_10x10,6,9,sub-pd26_seg017,PD
paper_segment_10x10,6,5,sub-pd26_seg018,PD
paper_segment_10x10,6,0,sub-pd28_seg000,PD
paper_segment_10x10,6,2,sub-pd28_seg001,PD
paper_segment_10x10,6,2,sub-pd28_seg002,PD
paper_segment_10x10,6,8,sub-pd28_seg003,PD
paper_segment_10x10,6,0,sub-pd28_seg004,PD
paper_segment_10x10,6,2,sub-pd28_seg005,PD
paper_segment_10x10,6,8,sub-pd28_seg006,PD
paper_segment_10x10,6,3,sub-pd28_seg007,PD
paper_segment_10x10,6,6,sub-pd28_seg008,PD
paper_segment_10x10,6,8,sub-pd28_seg009,PD
paper_segment_10x10,6,6,sub-pd28_seg010,PD
paper_segment_10x10,6,5,sub-pd28_seg011,PD
paper_segment_10x10,6,0,sub-pd28_seg012,PD
paper_segment_10x10,6,7,sub-pd28_seg013,PD
paper_segment_10x10,6,7,sub-pd28_seg014,PD
paper_segment_10x10,6,7,sub-pd28_seg015,PD
paper_segment_10x10,6,7,sub-pd28_seg016,PD
paper_segment_10x10,6,0,sub-pd28_seg017,PD
paper_segment_10x10,6,4,sub-pd28_seg018,PD
paper_segment_10x10,6,1,sub-pd28_seg019,PD
paper_segment_10x10,7,4,sub-hc1_seg000,HC
paper_segment_10x10,7,9,sub-hc1_seg001,HC
paper_segment_10x10,7,2,sub-hc1_seg002,HC
paper_segment_10x10,7,6,sub-hc1_seg003,HC
paper_segment_10x10,7,3,sub-hc1_seg004,HC
paper_segment_10x10,7,0,sub-hc1_seg005,HC
paper_segment_10x10,7,0,sub-hc1_seg006,HC
paper_segment_10x10,7,9,sub-hc1_seg007,HC
paper_segment_10x10,7,3,sub-hc1_seg008,HC
paper_segment_10x10,7,7,sub-hc1_seg009,HC
paper_segment_10x10,7,3,sub-hc1_seg010,HC
paper_segment_10x10,7,1,sub-hc1_seg011,HC
paper_segment_10x10,7,2,sub-hc1_seg012,HC
paper_segment_10x10,7,8,sub-hc1_seg013,HC
paper_segment_10x10,7,9,sub-hc1_seg014,HC
paper_segment_10x10,7,2,sub-hc1_seg015,HC
paper_segment_10x10,7,3,sub-hc1_seg016,HC
paper_segment_10x10,7,2,sub-hc1_seg017,HC
paper_segment_10x10,7,8,sub-hc1_seg018,HC
paper_segment_10x10,7,6,sub-hc2_seg000,HC
paper_segment_10x10,7,6,sub-hc2_seg001,HC
paper_segment_10x10,7,9,sub-hc2_seg002,HC
paper_segment_10x10,7,2,sub-hc2_seg003,HC
paper_segment_10x10,7,0,sub-hc2_seg004,HC
paper_segment_10x10,7,9,sub-hc2_seg005,HC
paper_segment_10x10,7,9,sub-hc2_seg006,HC
paper_segment_10x10,7,0,sub-hc2_seg007,HC
paper_segment_10x10,7,5,sub-hc2_seg008,HC
paper_segment_10x10,7,0,sub-hc2_seg009,HC
paper_segment_10x10,7,9,sub-hc2_seg010,HC
paper_segment_10x10,7,1,sub-hc2_seg011,HC
paper_segment_10x10,7,5,sub-hc2_seg012,HC
paper_segment_10x10,7,6,sub-hc2_seg013,HC
paper_segment_10x10,7,2,sub-hc2_seg014,HC
paper_segment_10x10,7,2,sub-hc2_seg015,HC
paper_segment_10x10,7,3,sub-hc2_seg016,HC
paper_segment_10x10,7,3,sub-hc2_seg017,HC
paper_segment_10x10,7,2,sub-hc2_seg018,HC
paper_segment_10x10,7,8,sub-hc4_seg000,HC
paper_segment_10x10,7,5,sub-hc4_seg001,HC
paper_segment_10x10,7,4,sub-hc4_seg002,HC
paper_segment_10x10,7,4,sub-hc4_seg003,HC
paper_segment_10x10,7,3,sub-hc4_seg004,HC
paper_segment_10x10,7,8,sub-hc4_seg005,HC
paper_segment_10x10,7,1,sub-hc4_seg006,HC
paper_segment_10x10,7,1,sub-hc4_seg007,HC
paper_segment_10x10,7,3,sub-hc4_seg008,HC
paper_segment_10x10,7,0,sub-hc4_seg009,HC
paper_segment_10x10,7,4,sub-hc4_seg010,HC
paper_segment_10x10,7,0,sub-hc4_seg011,HC
paper_segment_10x10,7,2,sub-hc4_seg012,HC
paper_segment_10x10,7,0,sub-hc4_seg013,HC
paper_segment_10x10,7,4,sub-hc4_seg014,HC
paper_segment_10x10,7,3,sub-hc4_seg015,HC
paper_segment_10x10,7,6,sub-hc4_seg016,HC
paper_segment_10x10,7,3,sub-hc4_seg017,HC
paper_segment_10x10,7,8,sub-hc7_seg000,HC
paper_segment_10x10,7,7,sub-hc7_seg001,HC
paper_segment_10x10,7,1,sub-hc7_seg002,HC
paper_segment_10x10,7,3,sub-hc7_seg003,HC
paper_segment_10x10,7,9,sub-hc7_seg004,HC
paper_segment_10x10,7,7,sub-hc7_seg005,HC
paper_segment_10x10,7,1,sub-hc7_seg006,HC
paper_segment_10x10,7,9,sub-hc7_seg007,HC
paper_segment_10x10,7,1,sub-hc7_seg008,HC
paper_segment_10x10,7,9,sub-hc7_seg009,HC
paper_segment_10x10,7,3,sub-hc7_seg010,HC
paper_segment_10x10,7,3,sub-hc7_seg011,HC
paper_segment_10x10,7,2,sub-hc7_seg012,HC
paper_segment_10x10,7,1,sub-hc7_seg013,HC
paper_segment_10x10,7,9,sub-hc7_seg014,HC
paper_segment_10x10,7,0,sub-hc7_seg015,HC
paper_segment_10x10,7,1,sub-hc7_seg016,HC
paper_segment_10x10,7,7,sub-hc7_seg017,HC
paper_segment_10x10,7,4,sub-hc7_seg018,HC
paper_segment_10x10,7,0,sub-hc8_seg000,HC
paper_segment_10x10,7,3,sub-hc8_seg001,HC
paper_segment_10x10,7,8,sub-hc8_seg002,HC
paper_segment_10x10,7,5,sub-hc8_seg003,HC
paper_segment_10x10,7,4,sub-hc8_seg004,HC
paper_segment_10x10,7,7,sub-hc8_seg005,HC
paper_segment_10x10,7,4,sub-hc8_seg006,HC
paper_segment_10x10,7,7,sub-hc8_seg007,HC
paper_segment_10x10,7,8,sub-hc8_seg008,HC
paper_segment_10x10,7,9,sub-hc8_seg009,HC
paper_segment_10x10,7,5,sub-hc8_seg010,HC
paper_segment_10x10,7,1,sub-hc8_seg011,HC
paper_segment_10x10,7,6,sub-hc8_seg012,HC
paper_segment_10x10,7,5,sub-hc8_seg013,HC
paper_segment_10x10,7,4,sub-hc8_seg014,HC
paper_segment_10x10,7,8,sub-hc8_seg015,HC
paper_segment_10x10,7,6,sub-hc8_seg016,HC
paper_segment_10x10,7,7,sub-hc8_seg017,HC
paper_segment_10x10,7,2,sub-hc8_seg018,HC
paper_segment_10x10,7,5,sub-hc10_seg000,HC
paper_segment_10x10,7,9,sub-hc10_seg001,HC
paper_segment_10x10,7,6,sub-hc10_seg002,HC
paper_segment_10x10,7,1,sub-hc10_seg003,HC
paper_segment_10x10,7,2,sub-hc10_seg004,HC
paper_segment_10x10,7,4,sub-hc10_seg005,HC
paper_segment_10x10,7,3,sub-hc10_seg006,HC
paper_segment_10x10,7,1,sub-hc10_seg007,HC
paper_segment_10x10,7,5,sub-hc10_seg008,HC
paper_segment_10x10,7,4,sub-hc10_seg009,HC
paper_segment_10x10,7,0,sub-hc10_seg010,HC
paper_segment_10x10,7,0,sub-hc10_seg011,HC
paper_segment_10x10,7,7,sub-hc10_seg012,HC
paper_segment_10x10,7,1,sub-hc10_seg013,HC
paper_segment_10x10,7,1,sub-hc10_seg014,HC
paper_segment_10x10,7,4,sub-hc10_seg015,HC
paper_segment_10x10,7,0,sub-hc10_seg016,HC
paper_segment_10x10,7,5,sub-hc10_seg017,HC
paper_segment_10x10,7,7,sub-hc10_seg018,HC
paper_segment_10x10,7,9,sub-hc10_seg019,HC
paper_segment_10x10,7,7,sub-hc18_seg000,HC
paper_segment_10x10,7,5,sub-hc18_seg001,HC
paper_segment_10x10,7,0,sub-hc18_seg002,HC
paper_segment_10x10,7,9,sub-hc18_seg003,HC
paper_segment_10x10,7,4,sub-hc18_seg004,HC
paper_segment_10x10,7,4,sub-hc18_seg005,HC
paper_segment_10x10,7,8,sub-hc18_seg006,HC
paper_segment_10x10,7,6,sub-hc18_seg007,HC
paper_segment_10x10,7,7,sub-hc18_seg008,HC
paper_segment_10x10,7,7,sub-hc18_seg009,HC
paper_segment_10x10,7,1,sub-hc18_seg010,HC
paper_segment_10x10,7,6,sub-hc18_seg011,HC
paper_segment_10x10,7,2,sub-hc18_seg012,HC
paper_segment_10x10,7,8,sub-hc18_seg013,HC
paper_segment_10x10,7,4,sub-hc18_seg014,HC
paper_segment_10x10,7,0,sub-hc18_seg015,HC
paper_segment_10x10,7,2,sub-hc18_seg016,HC
paper_segment_10x10,7,5,sub-hc18_seg017,HC
paper_segment_10x10,7,7,sub-hc20_seg000,HC
paper_segment_10x10,7,3,sub-hc20_seg001,HC
paper_segment_10x10,7,9,sub-hc20_seg002,HC
paper_segment_10x10,7,1,sub-hc20_seg003,HC
paper_segment_10x10,7,4,sub-hc20_seg004,HC
paper_segment_10x10,7,3,sub-hc20_seg005,HC
paper_segment_10x10,7,4,sub-hc20_seg006,HC
paper_segment_10x10,7,5,sub-hc20_seg007,HC
paper_segment_10x10,7,5,sub-hc20_seg008,HC
paper_segment_10x10,7,5,sub-hc20_seg009,HC
paper_segment_10x10,7,6,sub-hc20_seg010,HC
paper_segment_10x10,7,4,sub-hc20_seg011,HC
paper_segment_10x10,7,3,sub-hc20_seg012,HC
paper_segment_10x10,7,8,sub-hc20_seg013,HC
paper_segment_10x10,7,8,sub-hc20_seg014,HC
paper_segment_10x10,7,7,sub-hc20_seg015,HC
paper_segment_10x10,7,0,sub-hc20_seg016,HC
paper_segment_10x10,7,6,sub-hc20_seg017,HC
paper_segment_10x10,7,2,sub-hc21_seg000,HC
paper_segment_10x10,7,8,sub-hc21_seg001,HC
paper_segment_10x10,7,7,sub-hc21_seg002,HC
paper_segment_10x10,7,8,sub-hc21_seg003,HC
paper_segment_10x10,7,5,sub-hc21_seg004,HC
paper_segment_10x10,7,8,sub-hc21_seg005,HC
paper_segment_10x10,7,3,sub-hc21_seg006,HC
paper_segment_10x10,7,6,sub-hc21_seg007,HC
paper_segment_10x10,7,7,sub-hc21_seg008,HC
paper_segment_10x10,7,2,sub-hc21_seg009,HC
paper_segment_10x10,7,7,sub-hc21_seg010,HC
paper_segment_10x10,7,0,sub-hc21_seg011,HC
paper_segment_10x10,7,0,sub-hc21_seg012,HC
paper_segment_10x10,7,8,sub-hc21_seg013,HC
paper_segment_10x10,7,5,sub-hc21_seg014,HC
paper_segment_10x10,7,8,sub-hc21_seg015,HC
paper_segment_10x10,7,6,sub-hc21_seg016,HC
paper_segment_10x10,7,9,sub-hc21_seg017,HC
paper_segment_10x10,7,4,sub-hc24_seg000,HC
paper_segment_10x10,7,8,sub-hc24_seg001,HC
paper_segment_10x10,7,1,sub-hc24_seg002,HC
paper_segment_10x10,7,6,sub-hc24_seg003,HC
paper_segment_10x10,7,6,sub-hc24_seg004,HC
paper_segment_10x10,7,6,sub-hc24_seg005,HC
paper_segment_10x10,7,0,sub-hc24_seg006,HC
paper_segment_10x10,7,8,sub-hc24_seg007,HC
paper_segment_10x10,7,4,sub-hc24_seg008,HC
paper_segment_10x10,7,8,sub-hc24_seg009,HC
paper_segment_10x10,7,2,sub-hc24_seg010,HC
paper_segment_10x10,7,5,sub-hc24_seg011,HC
paper_segment_10x10,7,5,sub-hc24_seg012,HC
paper_segment_10x10,7,9,sub-hc24_seg013,HC
paper_segment_10x10,7,7,sub-hc24_seg014,HC
paper_segment_10x10,7,8,sub-hc24_seg015,HC
paper_segment_10x10,7,5,sub-hc24_seg016,HC
paper_segment_10x10,7,4,sub-hc24_seg017,HC
paper_segment_10x10,7,5,sub-hc24_seg018,HC
paper_segment_10x10,7,9,sub-hc25_seg000,HC
paper_segment_10x10,7,3,sub-hc25_seg001,HC
paper_segment_10x10,7,4,sub-hc25_seg002,HC
paper_segment_10x10,7,9,sub-hc25_seg003,HC
paper_segment_10x10,7,9,sub-hc25_seg004,HC
paper_segment_10x10,7,9,sub-hc25_seg005,HC
paper_segment_10x10,7,1,sub-hc25_seg006,HC
paper_segment_10x10,7,4,sub-hc25_seg007,HC
paper_segment_10x10,7,7,sub-hc25_seg008,HC
paper_segment_10x10,7,2,sub-hc25_seg009,HC
paper_segment_10x10,7,0,sub-hc25_seg010,HC
paper_segment_10x10,7,7,sub-hc25_seg011,HC
paper_segment_10x10,7,3,sub-hc25_seg012,HC
paper_segment_10x10,7,7,sub-hc25_seg013,HC
paper_segment_10x10,7,7,sub-hc25_seg014,HC
paper_segment_10x10,7,8,sub-hc25_seg015,HC
paper_segment_10x10,7,8,sub-hc25_seg016,HC
paper_segment_10x10,7,0,sub-hc25_seg017,HC
paper_segment_10x10,7,5,sub-hc25_seg018,HC
paper_segment_10x10,7,0,sub-hc25_seg019,HC
paper_segment_10x10,7,6,sub-hc29_seg000,HC
paper_segment_10x10,7,6,sub-hc29_seg001,HC
paper_segment_10x10,7,3,sub-hc29_seg002,HC
paper_segment_10x10,7,5,sub-hc29_seg003,HC
paper_segment_10x10,7,7,sub-hc29_seg004,HC
paper_segment_10x10,7,1,sub-hc29_seg005,HC
paper_segment_10x10,7,6,sub-hc29_seg006,HC
paper_segment_10x10,7,5,sub-hc29_seg007,HC
paper_segment_10x10,7,4,sub-hc29_seg008,HC
paper_segment_10x10,7,1,sub-hc29_seg009,HC
paper_segment_10x10,7,5,sub-hc29_seg010,HC
paper_segment_10x10,7,1,sub-hc29_seg011,HC
paper_segment_10x10,7,2,sub-hc29_seg012,HC
paper_segment_10x10,7,8,sub-hc29_seg013,HC
paper_segment_10x10,7,5,sub-hc29_seg014,HC
paper_segment_10x10,7,2,sub-hc29_seg015,HC
paper_segment_10x10,7,1,sub-hc29_seg016,HC
paper_segment_10x10,7,7,sub-hc29_seg017,HC
paper_segment_10x10,7,5,sub-hc29_seg018,HC
paper_segment_10x10,7,7,sub-hc30_seg000,HC
paper_segment_10x10,7,4,sub-hc30_seg001,HC
paper_segment_10x10,7,1,sub-hc30_seg002,HC
paper_segment_10x10,7,8,sub-hc30_seg003,HC
paper_segment_10x10,7,4,sub-hc30_seg004,HC
paper_segment_10x10,7,1,sub-hc30_seg005,HC
paper_segment_10x10,7,7,sub-hc30_seg006,HC
paper_segment_10x10,7,2,sub-hc30_seg007,PD
paper_segment_10x10,7,6,sub-hc30_seg008,HC
paper_segment_10x10,7,5,sub-hc30_seg009,HC
paper_segment_10x10,7,0,sub-hc30_seg010,HC
paper_segment_10x10,7,1,sub-hc30_seg011,HC
paper_segment_10x10,7,6,sub-hc30_seg012,HC
paper_segment_10x10,7,1,sub-hc30_seg013,HC
paper_segment_10x10,7,4,sub-hc30_seg014,HC
paper_segment_10x10,7,7,sub-hc30_seg015,HC
paper_segment_10x10,7,8,sub-hc30_seg016,HC
paper_segment_10x10,7,9,sub-hc30_seg017,HC
paper_segment_10x10,7,1,sub-hc31_seg000,HC
paper_segment_10x10,7,0,sub-hc31_seg001,HC
paper_segment_10x10,7,7,sub-hc31_seg002,HC
paper_segment_10x10,7,2,sub-hc31_seg003,HC
paper_segment_10x10,7,9,sub-hc31_seg004,HC
paper_segment_10x10,7,1,sub-hc31_seg005,HC
paper_segment_10x10,7,9,sub-hc31_seg006,HC
paper_segment_10x10,7,2,sub-hc31_seg007,HC
paper_segment_10x10,7,0,sub-hc31_seg008,HC
paper_segment_10x10,7,6,sub-hc31_seg009,HC
paper_segment_10x10,7,9,sub-hc31_seg010,HC
paper_segment_10x10,7,2,sub-hc31_seg011,HC
paper_segment_10x10,7,8,sub-hc31_seg012,HC
paper_segment_10x10,7,6,sub-hc31_seg013,HC
paper_segment_10x10,7,9,sub-hc31_seg014,HC
paper_segment_10x10,7,1,sub-hc31_seg015,HC
paper_segment_10x10,7,6,sub-hc31_seg016,HC
paper_segment_10x10,7,5,sub-hc31_seg017,HC
paper_segment_10x10,7,2,sub-hc32_seg000,HC
paper_segment_10x10,7,0,sub-hc32_seg001,HC
paper_segment_10x10,7,6,sub-hc32_seg002,HC
paper_segment_10x10,7,8,sub-hc32_seg003,HC
paper_segment_10x10,7,6,sub-hc32_seg004,HC
paper_segment_10x10,7,9,sub-hc32_seg005,HC
paper_segment_10x10,7,2,sub-hc32_seg006,HC
paper_segment_10x10,7,2,sub-hc32_seg007,HC
paper_segment_10x10,7,0,sub-hc32_seg008,HC
paper_segment_10x10,7,7,sub-hc32_seg009,HC
paper_segment_10x10,7,4,sub-hc32_seg010,HC
paper_segment_10x10,7,6,sub-hc32_seg011,HC
paper_segment_10x10,7,3,sub-hc32_seg012,HC
paper_segment_10x10,7,2,sub-hc32_seg013,HC
paper_segment_10x10,7,7,sub-hc32_seg014,HC
paper_segment_10x10,7,1,sub-hc32_seg015,HC
paper_segment_10x10,7,4,sub-hc32_seg016,HC
paper_segment_10x10,7,3,sub-hc32_seg017,HC
paper_segment_10x10,7,2,sub-hc32_seg018,HC
paper_segment_10x10,7,5,sub-hc33_seg000,HC
paper_segment_10x10,7,3,sub-hc33_seg001,HC
paper_segment_10x10,7,2,sub-hc33_seg002,HC
paper_segment_10x10,7,3,sub-hc33_seg003,HC
paper_segment_10x10,7,8,sub-hc33_seg004,HC
paper_segment_10x10,7,6,sub-hc33_seg005,HC
paper_segment_10x10,7,3,sub-hc33_seg006,HC
paper_segment_10x10,7,0,sub-hc33_seg007,HC
paper_segment_10x10,7,0,sub-hc33_seg008,HC
paper_segment_10x10,7,3,sub-hc33_seg009,HC
paper_segment_10x10,7,9,sub-hc33_seg010,HC
paper_segment_10x10,7,3,sub-hc33_seg011,HC
paper_segment_10x10,7,6,sub-hc33_seg012,HC
paper_segment_10x10,7,5,sub-hc33_seg013,HC
paper_segment_10x10,7,8,sub-hc33_seg014,HC
paper_segment_10x10,7,0,sub-hc33_seg015,HC
paper_segment_10x10,7,9,sub-hc33_seg016,HC
paper_segment_10x10,7,4,sub-hc33_seg017,HC
paper_segment_10x10,7,3,sub-hc33_seg018,HC
paper_segment_10x10,7,8,sub-pd3_seg000,PD
paper_segment_10x10,7,6,sub-pd3_seg001,PD
paper_segment_10x10,7,5,sub-pd3_seg002,PD
paper_segment_10x10,7,8,sub-pd3_seg003,PD
paper_segment_10x10,7,8,sub-pd3_seg004,PD
paper_segment_10x10,7,2,sub-pd3_seg005,PD
paper_segment_10x10,7,5,sub-pd3_seg006,PD
paper_segment_10x10,7,4,sub-pd3_seg007,PD
paper_segment_10x10,7,8,sub-pd3_seg008,PD
paper_segment_10x10,7,1,sub-pd3_seg009,PD
paper_segment_10x10,7,7,sub-pd3_seg010,PD
paper_segment_10x10,7,3,sub-pd3_seg011,PD
paper_segment_10x10,7,5,sub-pd3_seg012,PD
paper_segment_10x10,7,3,sub-pd3_seg013,PD
paper_segment_10x10,7,7,sub-pd3_seg014,PD
paper_segment_10x10,7,4,sub-pd3_seg015,PD
paper_segment_10x10,7,2,sub-pd3_seg016,PD
paper_segment_10x10,7,2,sub-pd3_seg017,PD
paper_segment_10x10,7,6,sub-pd3_seg018,PD
paper_segment_10x10,7,0,sub-pd3_seg019,PD
paper_segment_10x10,7,0,sub-pd5_seg000,PD
paper_segment_10x10,7,0,sub-pd5_seg001,PD
paper_segment_10x10,7,5,sub-pd5_seg002,PD
paper_segment_10x10,7,5,sub-pd5_seg003,PD
paper_segment_10x10,7,1,sub-pd5_seg004,PD
paper_segment_10x10,7,9,sub-pd5_seg005,PD
paper_segment_10x10,7,5,sub-pd5_seg006,PD
paper_segment_10x10,7,4,sub-pd5_seg007,PD
paper_segment_10x10,7,2,sub-pd5_seg008,PD
paper_segment_10x10,7,8,sub-pd5_seg009,PD
paper_segment_10x10,7,2,sub-pd5_seg010,PD
paper_segment_10x10,7,9,sub-pd5_seg011,PD
paper_segment_10x10,7,6,sub-pd5_seg012,PD
paper_segment_10x10,7,8,sub-pd5_seg013,PD
paper_segment_10x10,7,5,sub-pd5_seg014,PD
paper_segment_10x10,7,0,sub-pd5_seg015,PD
paper_segment_10x10,7,7,sub-pd5_seg016,PD
paper_segment_10x10,7,3,sub-pd5_seg017,PD
paper_segment_10x10,7,8,sub-pd5_seg018,PD
paper_segment_10x10,7,0,sub-pd6_seg000,PD
paper_segment_10x10,7,0,sub-pd6_seg001,PD
paper_segment_10x10,7,7,sub-pd6_seg002,PD
paper_segment_10x10,7,8,sub-pd6_seg003,PD
paper_segment_10x10,7,3,sub-pd6_seg004,PD
paper_segment_10x10,7,2,sub-pd6_seg005,PD
paper_segment_10x10,7,6,sub-pd6_seg006,PD
paper_segment_10x10,7,9,sub-pd6_seg007,PD
paper_segment_10x10,7,0,sub-pd6_seg008,PD
paper_segment_10x10,7,9,sub-pd6_seg009,PD
paper_segment_10x10,7,4,sub-pd6_seg010,PD
paper_segment_10x10,7,2,sub-pd6_seg011,PD
paper_segment_10x10,7,0,sub-pd6_seg012,PD
paper_segment_10x10,7,1,sub-pd6_seg013,PD
paper_segment_10x10,7,7,sub-pd6_seg014,PD
paper_segment_10x10,7,8,sub-pd6_seg015,PD
paper_segment_10x10,7,7,sub-pd6_seg016,PD
paper_segment_10x10,7,8,sub-pd6_seg017,PD
paper_segment_10x10,7,1,sub-pd6_seg018,PD
paper_segment_10x10,7,7,sub-pd9_seg000,PD
paper_segment_10x10,7,6,sub-pd9_seg001,PD
paper_segment_10x10,7,2,sub-pd9_seg002,PD
paper_segment_10x10,7,1,sub-pd9_seg003,PD
paper_segment_10x10,7,9,sub-pd9_seg004,PD
paper_segment_10x10,7,0,sub-pd9_seg005,PD
paper_segment_10x10,7,4,sub-pd9_seg006,PD
paper_segment_10x10,7,3,sub-pd9_seg007,PD
paper_segment_10x10,7,5,sub-pd9_seg008,PD
paper_segment_10x10,7,1,sub-pd9_seg009,PD
paper_segment_10x10,7,8,sub-pd9_seg010,PD
paper_segment_10x10,7,1,sub-pd9_seg011,PD
paper_segment_10x10,7,2,sub-pd9_seg012,PD
paper_segment_10x10,7,8,sub-pd9_seg013,PD
paper_segment_10x10,7,6,sub-pd9_seg014,PD
paper_segment_10x10,7,2,sub-pd9_seg015,PD
paper_segment_10x10,7,6,sub-pd9_seg016,PD
paper_segment_10x10,7,2,sub-pd9_seg017,PD
paper_segment_10x10,7,9,sub-pd9_seg018,PD
paper_segment_10x10,7,3,sub-pd12_seg000,PD
paper_segment_10x10,7,3,sub-pd12_seg001,PD
paper_segment_10x10,7,1,sub-pd12_seg002,PD
paper_segment_10x10,7,5,sub-pd12_seg003,PD
paper_segment_10x10,7,2,sub-pd12_seg004,PD
paper_segment_10x10,7,7,sub-pd12_seg005,PD
paper_segment_10x10,7,2,sub-pd12_seg006,PD
paper_segment_10x10,7,3,sub-pd12_seg007,PD
paper_segment_10x10,7,5,sub-pd12_seg008,PD
paper_segment_10x10,7,2,sub-pd12_seg009,PD
paper_segment_10x10,7,3,sub-pd12_seg010,PD
paper_segment_10x10,7,7,sub-pd12_seg011,PD
paper_segment_10x10,7,7,sub-pd12_seg012,PD
paper_segment_10x10,7,7,sub-pd12_seg013,PD
paper_segment_10x10,7,4,sub-pd12_seg014,PD
paper_segment_10x10,7,0,sub-pd12_seg015,PD
paper_segment_10x10,7,6,sub-pd12_seg016,PD
paper_segment_10x10,7,0,sub-pd12_seg017,PD
paper_segment_10x10,7,7,sub-pd12_seg018,PD
paper_segment_10x10,7,6,sub-pd12_seg019,PD
paper_segment_10x10,7,9,sub-pd11_seg000,PD
paper_segment_10x10,7,4,sub-pd11_seg001,PD
paper_segment_10x10,7,5,sub-pd11_seg002,PD
paper_segment_10x10,7,4,sub-pd11_seg003,PD
paper_segment_10x10,7,1,sub-pd11_seg004,PD
paper_segment_10x10,7,1,sub-pd11_seg005,PD
paper_segment_10x10,7,0,sub-pd11_seg006,PD
paper_segment_10x10,7,3,sub-pd11_seg007,PD
paper_segment_10x10,7,4,sub-pd11_seg008,PD
paper_segment_10x10,7,7,sub-pd11_seg009,PD
paper_segment_10x10,7,1,sub-pd11_seg010,PD
paper_segment_10x10,7,9,sub-pd11_seg011,PD
paper_segment_10x10,7,0,sub-pd11_seg012,PD
paper_segment_10x10,7,1,sub-pd11_seg013,PD
paper_segment_10x10,7,5,sub-pd11_seg014,PD
paper_segment_10x10,7,8,sub-pd11_seg015,PD
paper_segment_10x10,7,6,sub-pd11_seg016,PD
paper_segment_10x10,7,1,sub-pd11_seg017,PD
paper_segment_10x10,7,7,sub-pd13_seg000,PD
paper_segment_10x10,7,4,sub-pd13_seg001,PD
paper_segment_10x10,7,1,sub-pd13_seg002,PD
paper_segment_10x10,7,5,sub-pd13_seg003,PD
paper_segment_10x10,7,3,sub-pd13_seg004,PD
paper_segment_10x10,7,3,sub-pd13_seg005,PD
paper_segment_10x10,7,0,sub-pd13_seg006,PD
paper_segment_10x10,7,6,sub-pd13_seg007,PD
paper_segment_10x10,7,6,sub-pd13_seg008,PD
paper_segment_10x10,7,4,sub-pd13_seg009,PD
paper_segment_10x10,7,4,sub-pd13_seg010,PD
paper_segment_10x10,7,0,sub-pd13_seg011,PD
paper_segment_10x10,7,9,sub-pd13_seg012,PD
paper_segment_10x10,7,2,sub-pd13_seg013,PD
paper_segment_10x10,7,1,sub-pd13_seg014,PD
paper_segment_10x10,7,5,sub-pd13_seg015,PD
paper_segment_10x10,7,2,sub-pd13_seg016,PD
paper_segment_10x10,7,6,sub-pd13_seg017,PD
paper_segment_10x10,7,0,sub-pd14_seg000,PD
paper_segment_10x10,7,1,sub-pd14_seg001,PD
paper_segment_10x10,7,5,sub-pd14_seg002,PD
paper_segment_10x10,7,0,sub-pd14_seg003,PD
paper_segment_10x10,7,4,sub-pd14_seg004,PD
paper_segment_10x10,7,3,sub-pd14_seg005,PD
paper_segment_10x10,7,9,sub-pd14_seg006,PD
paper_segment_10x10,7,0,sub-pd14_seg007,PD
paper_segment_10x10,7,8,sub-pd14_seg008,PD
paper_segment_10x10,7,8,sub-pd14_seg009,PD
paper_segment_10x10,7,9,sub-pd14_seg010,PD
paper_segment_10x10,7,4,sub-pd14_seg011,PD
paper_segment_10x10,7,7,sub-pd14_seg012,PD
paper_segment_10x10,7,3,sub-pd14_seg013,PD
paper_segment_10x10,7,9,sub-pd14_seg014,PD
paper_segment_10x10,7,9,sub-pd14_seg015,PD
paper_segment_10x10,7,8,sub-pd14_seg016,PD
paper_segment_10x10,7,8,sub-pd14_seg017,PD
paper_segment_10x10,7,4,sub-pd14_seg018,PD
paper_segment_10x10,7,8,sub-pd14_seg019,PD
paper_segment_10x10,7,8,sub-pd14_seg020,PD
paper_segment_10x10,7,8,sub-pd14_seg021,PD
paper_segment_10x10,7,6,sub-pd14_seg022,PD
paper_segment_10x10,7,4,sub-pd14_seg023,PD
paper_segment_10x10,7,4,sub-pd14_seg024,PD
paper_segment_10x10,7,8,sub-pd14_seg025,PD
paper_segment_10x10,7,3,sub-pd14_seg026,PD
paper_segment_10x10,7,3,sub-pd14_seg027,PD
paper_segment_10x10,7,1,sub-pd14_seg028,PD
paper_segment_10x10,7,3,sub-pd16_seg000,PD
paper_segment_10x10,7,2,sub-pd16_seg001,PD
paper_segment_10x10,7,6,sub-pd16_seg002,PD
paper_segment_10x10,7,6,sub-pd16_seg003,PD
paper_segment_10x10,7,8,sub-pd16_seg004,PD
paper_segment_10x10,7,7,sub-pd16_seg005,PD
paper_segment_10x10,7,5,sub-pd16_seg006,PD
paper_segment_10x10,7,0,sub-pd16_seg007,PD
paper_segment_10x10,7,3,sub-pd16_seg008,PD
paper_segment_10x10,7,6,sub-pd16_seg009,PD
paper_segment_10x10,7,1,sub-pd16_seg010,PD
paper_segment_10x10,7,2,sub-pd16_seg011,PD
paper_segment_10x10,7,3,sub-pd16_seg012,PD
paper_segment_10x10,7,7,sub-pd16_seg013,PD
paper_segment_10x10,7,1,sub-pd16_seg014,PD
paper_segment_10x10,7,4,sub-pd16_seg015,PD
paper_segment_10x10,7,0,sub-pd16_seg016,PD
paper_segment_10x10,7,1,sub-pd16_seg017,PD
paper_segment_10x10,7,2,sub-pd17_seg000,PD
paper_segment_10x10,7,5,sub-pd17_seg001,PD
paper_segment_10x10,7,3,sub-pd17_seg002,PD
paper_segment_10x10,7,6,sub-pd17_seg003,PD
paper_segment_10x10,7,1,sub-pd17_seg004,PD
paper_segment_10x10,7,4,sub-pd17_seg005,PD
paper_segment_10x10,7,8,sub-pd17_seg006,PD
paper_segment_10x10,7,5,sub-pd17_seg007,PD
paper_segment_10x10,7,9,sub-pd17_seg008,PD
paper_segment_10x10,7,6,sub-pd17_seg009,PD
paper_segment_10x10,7,2,sub-pd17_seg010,PD
paper_segment_10x10,7,0,sub-pd17_seg011,PD
paper_segment_10x10,7,2,sub-pd17_seg012,PD
paper_segment_10x10,7,4,sub-pd17_seg013,PD
paper_segment_10x10,7,4,sub-pd17_seg014,PD
paper_segment_10x10,7,3,sub-pd17_seg015,PD
paper_segment_10x10,7,5,sub-pd17_seg016,PD
paper_segment_10x10,7,5,sub-pd17_seg017,PD
paper_segment_10x10,7,3,sub-pd19_seg000,PD
paper_segment_10x10,7,7,sub-pd19_seg001,PD
paper_segment_10x10,7,3,sub-pd19_seg002,PD
paper_segment_10x10,7,5,sub-pd19_seg003,PD
paper_segment_10x10,7,9,sub-pd19_seg004,PD
paper_segment_10x10,7,1,sub-pd19_seg005,PD
paper_segment_10x10,7,6,sub-pd19_seg006,PD
paper_segment_10x10,7,4,sub-pd19_seg007,PD
paper_segment_10x10,7,2,sub-pd19_seg008,PD
paper_segment_10x10,7,5,sub-pd19_seg009,PD
paper_segment_10x10,7,2,sub-pd19_seg010,PD
paper_segment_10x10,7,9,sub-pd19_seg011,PD
paper_segment_10x10,7,0,sub-pd19_seg012,PD
paper_segment_10x10,7,0,sub-pd19_seg013,PD
paper_segment_10x10,7,7,sub-pd19_seg014,PD
paper_segment_10x10,7,6,sub-pd19_seg015,PD
paper_segment_10x10,7,4,sub-pd19_seg016,PD
paper_segment_10x10,7,9,sub-pd19_seg017,PD
paper_segment_10x10,7,8,sub-pd22_seg000,PD
paper_segment_10x10,7,2,sub-pd22_seg001,PD
paper_segment_10x10,7,0,sub-pd22_seg002,PD
paper_segment_10x10,7,4,sub-pd22_seg003,PD
paper_segment_10x10,7,2,sub-pd22_seg004,PD
paper_segment_10x10,7,4,sub-pd22_seg005,PD
paper_segment_10x10,7,8,sub-pd22_seg006,PD
paper_segment_10x10,7,5,sub-pd22_seg007,PD
paper_segment_10x10,7,7,sub-pd22_seg008,PD
paper_segment_10x10,7,9,sub-pd22_seg009,PD
paper_segment_10x10,7,3,sub-pd22_seg010,PD
paper_segment_10x10,7,2,sub-pd22_seg011,PD
paper_segment_10x10,7,3,sub-pd22_seg012,PD
paper_segment_10x10,7,8,sub-pd22_seg013,PD
paper_segment_10x10,7,8,sub-pd22_seg014,PD
paper_segment_10x10,7,7,sub-pd22_seg015,PD
paper_segment_10x10,7,9,sub-pd22_seg016,PD
paper_segment_10x10,7,6,sub-pd22_seg017,PD
paper_segment_10x10,7,9,sub-pd23_seg000,PD
paper_segment_10x10,7,9,sub-pd23_seg001,PD
paper_segment_10x10,7,7,sub-pd23_seg002,PD
paper_segment_10x10,7,6,sub-pd23_seg003,PD
paper_segment_10x10,7,2,sub-pd23_seg004,PD
paper_segment_10x10,7,2,sub-pd23_seg005,PD
paper_segment_10x10,7,7,sub-pd23_seg006,PD
paper_segment_10x10,7,5,sub-pd23_seg007,PD
paper_segment_10x10,7,7,sub-pd23_seg008,PD
paper_segment_10x10,7,0,sub-pd23_seg009,PD
paper_segment_10x10,7,9,sub-pd23_seg010,PD
paper_segment_10x10,7,9,sub-pd23_seg011,PD
paper_segment_10x10,7,9,sub-pd23_seg012,PD
paper_segment_10x10,7,1,sub-pd23_seg013,PD
paper_segment_10x10,7,1,sub-pd23_seg014,PD
paper_segment_10x10,7,0,sub-pd23_seg015,PD
paper_segment_10x10,7,7,sub-pd23_seg016,PD
paper_segment_10x10,7,4,sub-pd23_seg017,PD
paper_segment_10x10,7,7,sub-pd23_seg018,PD
paper_segment_10x10,7,0,sub-pd23_seg019,HC
paper_segment_10x10,7,1,sub-pd26_seg000,PD
paper_segment_10x10,7,0,sub-pd26_seg001,PD
paper_segment_10x10,7,6,sub-pd26_seg002,PD
paper_segment_10x10,7,7,sub-pd26_seg003,PD
paper_segment_10x10,7,9,sub-pd26_seg004,PD
paper_segment_10x10,7,3,sub-pd26_seg005,PD
paper_segment_10x10,7,6,sub-pd26_seg006,PD
paper_segment_10x10,7,0,sub-pd26_seg007,PD
paper_segment_10x10,7,1,sub-pd26_seg008,PD
paper_segment_10x10,7,8,sub-pd26_seg009,PD
paper_segment_10x10,7,9,sub-pd26_seg010,PD
paper_segment_10x10,7,6,sub-pd26_seg011,PD
paper_segment_10x10,7,5,sub-pd26_seg012,PD
paper_segment_10x10,7,9,sub-pd26_seg013,PD
paper_segment_10x10,7,8,sub-pd26_seg014,PD
paper_segment_10x10,7,7,sub-pd26_seg015,PD
paper_segment_10x10,7,3,sub-pd26_seg016,PD
paper_segment_10x10,7,6,sub-pd26_seg017,PD
paper_segment_10x10,7,5,sub-pd26_seg018,PD
paper_segment_10x10,7,9,sub-pd28_seg000,PD
paper_segment_10x10,7,2,sub-pd28_seg001,PD
paper_segment_10x10,7,1,sub-pd28_seg002,PD
paper_segment_10x10,7,9,sub-pd28_seg003,PD
paper_segment_10x10,7,7,sub-pd28_seg004,PD
paper_segment_10x10,7,5,sub-pd28_seg005,PD
paper_segment_10x10,7,1,sub-pd28_seg006,PD
paper_segment_10x10,7,6,sub-pd28_seg007,PD
paper_segment_10x10,7,4,sub-pd28_seg008,PD
paper_segment_10x10,7,1,sub-pd28_seg009,PD
paper_segment_10x10,7,4,sub-pd28_seg010,PD
paper_segment_10x10,7,1,sub-pd28_seg011,PD
paper_segment_10x10,7,6,sub-pd28_seg012,PD
paper_segment_10x10,7,4,sub-pd28_seg013,PD
paper_segment_10x10,7,5,sub-pd28_seg014,PD
paper_segment_10x10,7,0,sub-pd28_seg015,PD
paper_segment_10x10,7,5,sub-pd28_seg016,PD
paper_segment_10x10,7,3,sub-pd28_seg017,PD
paper_segment_10x10,7,3,sub-pd28_seg018,PD
paper_segment_10x10,7,2,sub-pd28_seg019,PD
paper_segment_10x10,8,3,sub-hc1_seg000,HC
paper_segment_10x10,8,0,sub-hc1_seg001,HC
paper_segment_10x10,8,8,sub-hc1_seg002,HC
paper_segment_10x10,8,8,sub-hc1_seg003,HC
paper_segment_10x10,8,4,sub-hc1_seg004,HC
paper_segment_10x10,8,1,sub-hc1_seg005,HC
paper_segment_10x10,8,8,sub-hc1_seg006,HC
paper_segment_10x10,8,9,sub-hc1_seg007,HC
paper_segment_10x10,8,4,sub-hc1_seg008,HC
paper_segment_10x10,8,2,sub-hc1_seg009,HC
paper_segment_10x10,8,7,sub-hc1_seg010,HC
paper_segment_10x10,8,5,sub-hc1_seg011,HC
paper_segment_10x10,8,1,sub-hc1_seg012,HC
paper_segment_10x10,8,6,sub-hc1_seg013,HC
paper_segment_10x10,8,1,sub-hc1_seg014,HC
paper_segment_10x10,8,2,sub-hc1_seg015,HC
paper_segment_10x10,8,7,sub-hc1_seg016,HC
paper_segment_10x10,8,1,sub-hc1_seg017,HC
paper_segment_10x10,8,7,sub-hc1_seg018,HC
paper_segment_10x10,8,4,sub-hc2_seg000,HC
paper_segment_10x10,8,4,sub-hc2_seg001,HC
paper_segment_10x10,8,6,sub-hc2_seg002,HC
paper_segment_10x10,8,3,sub-hc2_seg003,HC
paper_segment_10x10,8,0,sub-hc2_seg004,HC
paper_segment_10x10,8,5,sub-hc2_seg005,HC
paper_segment_10x10,8,8,sub-hc2_seg006,HC
paper_segment_10x10,8,6,sub-hc2_seg007,HC
paper_segment_10x10,8,9,sub-hc2_seg008,HC
paper_segment_10x10,8,3,sub-hc2_seg009,HC
paper_segment_10x10,8,2,sub-hc2_seg010,HC
paper_segment_10x10,8,7,sub-hc2_seg011,HC
paper_segment_10x10,8,2,sub-hc2_seg012,HC
paper_segment_10x10,8,6,sub-hc2_seg013,HC
paper_segment_10x10,8,6,sub-hc2_seg014,HC
paper_segment_10x10,8,8,sub-hc2_seg015,HC
paper_segment_10x10,8,2,sub-hc2_seg016,HC
paper_segment_10x10,8,8,sub-hc2_seg017,HC
paper_segment_10x10,8,3,sub-hc2_seg018,HC
paper_segment_10x10,8,9,sub-hc4_seg000,HC
paper_segment_10x10,8,5,sub-hc4_seg001,HC
paper_segment_10x10,8,0,sub-hc4_seg002,HC
paper_segment_10x10,8,3,sub-hc4_seg003,HC
paper_segment_10x10,8,1,sub-hc4_seg004,HC
paper_segment_10x10,8,5,sub-hc4_seg005,HC
paper_segment_10x10,8,9,sub-hc4_seg006,HC
paper_segment_10x10,8,7,sub-hc4_seg007,HC
paper_segment_10x10,8,7,sub-hc4_seg008,HC
paper_segment_10x10,8,5,sub-hc4_seg009,HC
paper_segment_10x10,8,0,sub-hc4_seg010,HC
paper_segment_10x10,8,6,sub-hc4_seg011,HC
paper_segment_10x10,8,1,sub-hc4_seg012,HC
paper_segment_10x10,8,8,sub-hc4_seg013,HC
paper_segment_10x10,8,1,sub-hc4_seg014,HC
paper_segment_10x10,8,1,sub-hc4_seg015,HC
paper_segment_10x10,8,1,sub-hc4_seg016,HC
paper_segment_10x10,8,4,sub-hc4_seg017,HC
paper_segment_10x10,8,5,sub-hc7_seg000,HC
paper_segment_10x10,8,6,sub-hc7_seg001,HC
paper_segment_10x10,8,6,sub-hc7_seg002,HC
paper_segment_10x10,8,0,sub-hc7_seg003,HC
paper_segment_10x10,8,0,sub-hc7_seg004,HC
paper_segment_10x10,8,5,sub-hc7_seg005,HC
paper_segment_10x10,8,5,sub-hc7_seg006,HC
paper_segment_10x10,8,8,sub-hc7_seg007,HC
paper_segment_10x10,8,5,sub-hc7_seg008,HC
paper_segment_10x10,8,5,sub-hc7_seg009,HC
paper_segment_10x10,8,7,sub-hc7_seg010,HC
paper_segment_10x10,8,8,sub-hc7_seg011,HC
paper_segment_10x10,8,3,sub-hc7_seg012,HC
paper_segment_10x10,8,1,sub-hc7_seg013,HC
paper_segment_10x10,8,9,sub-hc7_seg014,HC
paper_segment_10x10,8,1,sub-hc7_seg015,HC
paper_segment_10x10,8,9,sub-hc7_seg016,HC
paper_segment_10x10,8,0,sub-hc7_seg017,HC
paper_segment_10x10,8,5,sub-hc7_seg018,HC
paper_segment_10x10,8,6,sub-hc8_seg000,HC
paper_segment_10x10,8,5,sub-hc8_seg001,HC
paper_segment_10x10,8,4,sub-hc8_seg002,HC
paper_segment_10x10,8,3,sub-hc8_seg003,HC
paper_segment_10x10,8,4,sub-hc8_seg004,HC
paper_segment_10x10,8,3,sub-hc8_seg005,HC
paper_segment_10x10,8,2,sub-hc8_seg006,HC
paper_segment_10x10,8,2,sub-hc8_seg007,HC
paper_segment_10x10,8,5,sub-hc8_seg008,HC
paper_segment_10x10,8,4,sub-hc8_seg009,HC
paper_segment_10x10,8,3,sub-hc8_seg010,HC
paper_segment_10x10,8,4,sub-hc8_seg011,HC
paper_segment_10x10,8,3,sub-hc8_seg012,HC
paper_segment_10x10,8,3,sub-hc8_seg013,HC
paper_segment_10x10,8,9,sub-hc8_seg014,HC
paper_segment_10x10,8,9,sub-hc8_seg015,HC
paper_segment_10x10,8,3,sub-hc8_seg016,HC
paper_segment_10x10,8,3,sub-hc8_seg017,HC
paper_segment_10x10,8,5,sub-hc8_seg018,HC
paper_segment_10x10,8,1,sub-hc10_seg000,HC
paper_segment_10x10,8,2,sub-hc10_seg001,HC
paper_segment_10x10,8,2,sub-hc10_seg002,HC
paper_segment_10x10,8,0,sub-hc10_seg003,HC
paper_segment_10x10,8,0,sub-hc10_seg004,HC
paper_segment_10x10,8,6,sub-hc10_seg005,HC
paper_segment_10x10,8,0,sub-hc10_seg006,HC
paper_segment_10x10,8,3,sub-hc10_seg007,HC
paper_segment_10x10,8,4,sub-hc10_seg008,HC
paper_segment_10x10,8,7,sub-hc10_seg009,HC
paper_segment_10x10,8,9,sub-hc10_seg010,HC
paper_segment_10x10,8,5,sub-hc10_seg011,HC
paper_segment_10x10,8,7,sub-hc10_seg012,HC
paper_segment_10x10,8,4,sub-hc10_seg013,HC
paper_segment_10x10,8,2,sub-hc10_seg014,HC
paper_segment_10x10,8,1,sub-hc10_seg015,HC
paper_segment_10x10,8,2,sub-hc10_seg016,HC
paper_segment_10x10,8,2,sub-hc10_seg017,HC
paper_segment_10x10,8,0,sub-hc10_seg018,HC
paper_segment_10x10,8,5,sub-hc10_seg019,HC
paper_segment_10x10,8,9,sub-hc18_seg000,HC
paper_segment_10x10,8,7,sub-hc18_seg001,HC
paper_segment_10x10,8,8,sub-hc18_seg002,HC
paper_segment_10x10,8,8,sub-hc18_seg003,HC
paper_segment_10x10,8,9,sub-hc18_seg004,HC
paper_segment_10x10,8,6,sub-hc18_seg005,HC
paper_segment_10x10,8,9,sub-hc18_seg006,HC
paper_segment_10x10,8,3,sub-hc18_seg007,HC
paper_segment_10x10,8,0,sub-hc18_seg008,HC
paper_segment_10x10,8,6,sub-hc18_seg009,HC
paper_segment_10x10,8,8,sub-hc18_seg010,HC
paper_segment_10x10,8,8,sub-hc18_seg011,HC
paper_segment_10x10,8,4,sub-hc18_seg012,HC
paper_segment_10x10,8,9,sub-hc18_seg013,HC
paper_segment_10x10,8,6,sub-hc18_seg014,HC
paper_segment_10x10,8,6,sub-hc18_seg015,HC
paper_segment_10x10,8,0,sub-hc18_seg016,HC
paper_segment_10x10,8,3,sub-hc18_seg017,HC
paper_segment_10x10,8,6,sub-hc20_seg000,HC
paper_segment_10x10,8,8,sub-hc20_seg001,HC
paper_segment_10x10,8,6,sub-hc20_seg002,HC
paper_segment_10x10,8,5,sub-hc20_seg003,HC
paper_segment_10x10,8,6,sub-hc20_seg004,HC
paper_segment_10x10,8,7,sub-hc20_seg005,HC
paper_segment_10x10,8,2,sub-hc20_seg006,HC
paper_segment_10x10,8,3,sub-hc20_seg007,HC
paper_segment_10x10,8,3,sub-hc20_seg008,HC
paper_segment_10x10,8,8,sub-hc20_seg009,HC
paper_segment_10x10,8,0,sub-hc20_seg010,HC
paper_segment_10x10,8,7,sub-hc20_seg011,HC
paper_segment_10x10,8,1,sub-hc20_seg012,HC
paper_segment_10x10,8,8,sub-hc20_seg013,HC
paper_segment_10x10,8,9,sub-hc20_seg014,HC
paper_segment_10x10,8,1,sub-hc20_seg015,HC
paper_segment_10x10,8,9,sub-hc20_seg016,HC
paper_segment_10x10,8,0,sub-hc20_seg017,HC
paper_segment_10x10,8,0,sub-hc21_seg000,HC
paper_segment_10x10,8,5,sub-hc21_seg001,HC
paper_segment_10x10,8,1,sub-hc21_seg002,HC
paper_segment_10x10,8,2,sub-hc21_seg003,HC
paper_segment_10x10,8,6,sub-hc21_seg004,HC
paper_segment_10x10,8,8,sub-hc21_seg005,HC
paper_segment_10x10,8,4,sub-hc21_seg006,HC
paper_segment_10x10,8,2,sub-hc21_seg007,HC
paper_segment_10x10,8,8,sub-hc21_seg008,HC
paper_segment_10x10,8,7,sub-hc21_seg009,HC
paper_segment_10x10,8,4,sub-hc21_seg010,HC
paper_segment_10x10,8,7,sub-hc21_seg011,HC
paper_segment_10x10,8,3,sub-hc21_seg012,HC
paper_segment_10x10,8,7,sub-hc21_seg013,HC
paper_segment_10x10,8,2,sub-hc21_seg014,HC
paper_segment_10x10,8,4,sub-hc21_seg015,HC
paper_segment_10x10,8,1,sub-hc21_seg016,HC
paper_segment_10x10,8,0,sub-hc21_seg017,HC
paper_segment_10x10,8,4,sub-hc24_seg000,HC
paper_segment_10x10,8,0,sub-hc24_seg001,HC
paper_segment_10x10,8,2,sub-hc24_seg002,HC
paper_segment_10x10,8,7,sub-hc24_seg003,HC
paper_segment_10x10,8,9,sub-hc24_seg004,HC
paper_segment_10x10,8,2,sub-hc24_seg005,HC
paper_segment_10x10,8,7,sub-hc24_seg006,HC
paper_segment_10x10,8,2,sub-hc24_seg007,HC
paper_segment_10x10,8,3,sub-hc24_seg008,HC
paper_segment_10x10,8,9,sub-hc24_seg009,HC
paper_segment_10x10,8,0,sub-hc24_seg010,HC
paper_segment_10x10,8,0,sub-hc24_seg011,HC
paper_segment_10x10,8,1,sub-hc24_seg012,HC
paper_segment_10x10,8,2,sub-hc24_seg013,HC
paper_segment_10x10,8,4,sub-hc24_seg014,HC
paper_segment_10x10,8,0,sub-hc24_seg015,HC
paper_segment_10x10,8,6,sub-hc24_seg016,HC
paper_segment_10x10,8,2,sub-hc24_seg017,HC
paper_segment_10x10,8,7,sub-hc24_seg018,HC
paper_segment_10x10,8,8,sub-hc25_seg000,HC
paper_segment_10x10,8,4,sub-hc25_seg001,HC
paper_segment_10x10,8,8,sub-hc25_seg002,HC
paper_segment_10x10,8,9,sub-hc25_seg003,HC
paper_segment_10x10,8,2,sub-hc25_seg004,HC
paper_segment_10x10,8,7,sub-hc25_seg005,HC
paper_segment_10x10,8,6,sub-hc25_seg006,HC
paper_segment_10x10,8,6,sub-hc25_seg007,HC
paper_segment_10x10,8,9,sub-hc25_seg008,HC
paper_segment_10x10,8,7,sub-hc25_seg009,HC
paper_segment_10x10,8,4,sub-hc25_seg010,HC
paper_segment_10x10,8,2,sub-hc25_seg011,HC
paper_segment_10x10,8,7,sub-hc25_seg012,HC
paper_segment_10x10,8,5,sub-hc25_seg013,HC
paper_segment_10x10,8,7,sub-hc25_seg014,HC
paper_segment_10x10,8,9,sub-hc25_seg015,HC
paper_segment_10x10,8,0,sub-hc25_seg016,HC
paper_segment_10x10,8,2,sub-hc25_seg017,HC
paper_segment_10x10,8,4,sub-hc25_seg018,HC
paper_segment_10x10,8,6,sub-hc25_seg019,HC
paper_segment_10x10,8,0,sub-hc29_seg000,HC
paper_segment_10x10,8,4,sub-hc29_seg001,HC
paper_segment_10x10,8,4,sub-hc29_seg002,HC
paper_segment_10x10,8,1,sub-hc29_seg003,HC
paper_segment_10x10,8,5,sub-hc29_seg004,HC
paper_segment_10x10,8,8,sub-hc29_seg005,HC
paper_segment_10x10,8,7,sub-hc29_seg006,HC
paper_segment_10x10,8,1,sub-hc29_seg007,HC
paper_segment_10x10,8,5,sub-hc29_seg008,HC
paper_segment_10x10,8,9,sub-hc29_seg009,HC
paper_segment_10x10,8,9,sub-hc29_seg010,HC
paper_segment_10x10,8,6,sub-hc29_seg011,HC
paper_segment_10x10,8,0,sub-hc29_seg012,HC
paper_segment_10x10,8,1,sub-hc29_seg013,HC
paper_segment_10x10,8,9,sub-hc29_seg014,HC
paper_segment_10x10,8,3,sub-hc29_seg015,HC
paper_segment_10x10,8,9,sub-hc29_seg016,HC
paper_segment_10x10,8,0,sub-hc29_seg017,HC
paper_segment_10x10,8,4,sub-hc29_seg018,HC
paper_segment_10x10,8,8,sub-hc30_seg000,HC
paper_segment_10x10,8,4,sub-hc30_seg001,HC
paper_segment_10x10,8,5,sub-hc30_seg002,HC
paper_segment_10x10,8,3,sub-hc30_seg003,HC
paper_segment_10x10,8,6,sub-hc30_seg004,HC
paper_segment_10x10,8,5,sub-hc30_seg005,HC
paper_segment_10x10,8,3,sub-hc30_seg006,HC
paper_segment_10x10,8,1,sub-hc30_seg007,PD
paper_segment_10x10,8,4,sub-hc30_seg008,HC
paper_segment_10x10,8,2,sub-hc30_seg009,HC
paper_segment_10x10,8,5,sub-hc30_seg010,HC
paper_segment_10x10,8,7,sub-hc30_seg011,HC
paper_segment_10x10,8,8,sub-hc30_seg012,HC
paper_segment_10x10,8,7,sub-hc30_seg013,HC
paper_segment_10x10,8,2,sub-hc30_seg014,HC
paper_segment_10x10,8,3,sub-hc30_seg015,HC
paper_segment_10x10,8,4,sub-hc30_seg016,HC
paper_segment_10x10,8,0,sub-hc30_seg017,HC
paper_segment_10x10,8,8,sub-hc31_seg000,HC
paper_segment_10x10,8,1,sub-hc31_seg001,HC
paper_segment_10x10,8,5,sub-hc31_seg002,HC
paper_segment_10x10,8,8,sub-hc31_seg003,HC
paper_segment_10x10,8,0,sub-hc31_seg004,HC
paper_segment_10x10,8,2,sub-hc31_seg005,HC
paper_segment_10x10,8,5,sub-hc31_seg006,HC
paper_segment_10x10,8,8,sub-hc31_seg007,HC
paper_segment_10x10,8,3,sub-hc31_seg008,HC
paper_segment_10x10,8,6,sub-hc31_seg009,HC
paper_segment_10x10,8,1,sub-hc31_seg010,HC
paper_segment_10x10,8,7,sub-hc31_seg011,HC
paper_segment_10x10,8,2,sub-hc31_seg012,HC
paper_segment_10x10,8,8,sub-hc31_seg013,HC
paper_segment_10x10,8,3,sub-hc31_seg014,HC
paper_segment_10x10,8,0,sub-hc31_seg015,HC
paper_segment_10x10,8,6,sub-hc31_seg016,HC
paper_segment_10x10,8,9,sub-hc31_seg017,HC
paper_segment_10x10,8,4,sub-hc32_seg000,HC
paper_segment_10x10,8,9,sub-hc32_seg001,HC
paper_segment_10x10,8,0,sub-hc32_seg002,HC
paper_segment_10x10,8,7,sub-hc32_seg003,HC
paper_segment_10x10,8,1,sub-hc32_seg004,HC
paper_segment_10x10,8,7,sub-hc32_seg005,HC
paper_segment_10x10,8,9,sub-hc32_seg006,HC
paper_segment_10x10,8,1,sub-hc32_seg007,HC
paper_segment_10x10,8,7,sub-hc32_seg008,HC
paper_segment_10x10,8,1,sub-hc32_seg009,HC
paper_segment_10x10,8,4,sub-hc32_seg010,HC
paper_segment_10x10,8,5,sub-hc32_seg011,HC
paper_segment_10x10,8,5,sub-hc32_seg012,HC
paper_segment_10x10,8,6,sub-hc32_seg013,HC
paper_segment_10x10,8,3,sub-hc32_seg014,HC
paper_segment_10x10,8,1,sub-hc32_seg015,HC
paper_segment_10x10,8,4,sub-hc32_seg016,HC
paper_segment_10x10,8,1,sub-hc32_seg017,HC
paper_segment_10x10,8,3,sub-hc32_seg018,HC
paper_segment_10x10,8,9,sub-hc33_seg000,HC
paper_segment_10x10,8,8,sub-hc33_seg001,HC
paper_segment_10x10,8,5,sub-hc33_seg002,HC
paper_segment_10x10,8,6,sub-hc33_seg003,HC
paper_segment_10x10,8,5,sub-hc33_seg004,HC
paper_segment_10x10,8,1,sub-hc33_seg005,HC
paper_segment_10x10,8,9,sub-hc33_seg006,HC
paper_segment_10x10,8,2,sub-hc33_seg007,HC
paper_segment_10x10,8,7,sub-hc33_seg008,HC
paper_segment_10x10,8,3,sub-hc33_seg009,HC
paper_segment_10x10,8,0,sub-hc33_seg010,HC
paper_segment_10x10,8,6,sub-hc33_seg011,HC
paper_segment_10x10,8,9,sub-hc33_seg012,HC
paper_segment_10x10,8,2,sub-hc33_seg013,HC
paper_segment_10x10,8,6,sub-hc33_seg014,HC
paper_segment_10x10,8,3,sub-hc33_seg015,HC
paper_segment_10x10,8,8,sub-hc33_seg016,HC
paper_segment_10x10,8,8,sub-hc33_seg017,HC
paper_segment_10x10,8,4,sub-hc33_seg018,HC
paper_segment_10x10,8,5,sub-pd3_seg000,PD
paper_segment_10x10,8,1,sub-pd3_seg001,PD
paper_segment_10x10,8,9,sub-pd3_seg002,PD
paper_segment_10x10,8,8,sub-pd3_seg003,PD
paper_segment_10x10,8,2,sub-pd3_seg004,PD
paper_segment_10x10,8,6,sub-pd3_seg005,PD
paper_segment_10x10,8,4,sub-pd3_seg006,PD
paper_segment_10x10,8,6,sub-pd3_seg007,PD
paper_segment_10x10,8,2,sub-pd3_seg008,PD
paper_segment_10x10,8,1,sub-pd3_seg009,PD
paper_segment_10x10,8,7,sub-pd3_seg010,PD
paper_segment_10x10,8,7,sub-pd3_seg011,PD
paper_segment_10x10,8,9,sub-pd3_seg012,PD
paper_segment_10x10,8,9,sub-pd3_seg013,PD
paper_segment_10x10,8,3,sub-pd3_seg014,PD
paper_segment_10x10,8,0,sub-pd3_seg015,PD
paper_segment_10x10,8,6,sub-pd3_seg016,PD
paper_segment_10x10,8,0,sub-pd3_seg017,PD
paper_segment_10x10,8,6,sub-pd3_seg018,PD
paper_segment_10x10,8,8,sub-pd3_seg019,PD
paper_segment_10x10,8,4,sub-pd5_seg000,PD
paper_segment_10x10,8,8,sub-pd5_seg001,PD
paper_segment_10x10,8,7,sub-pd5_seg002,PD
paper_segment_10x10,8,1,sub-pd5_seg003,PD
paper_segment_10x10,8,6,sub-pd5_seg004,PD
paper_segment_10x10,8,4,sub-pd5_seg005,PD
paper_segment_10x10,8,2,sub-pd5_seg006,PD
paper_segment_10x10,8,4,sub-pd5_seg007,PD
paper_segment_10x10,8,0,sub-pd5_seg008,PD
paper_segment_10x10,8,0,sub-pd5_seg009,PD
paper_segment_10x10,8,4,sub-pd5_seg010,PD
paper_segment_10x10,8,1,sub-pd5_seg011,PD
paper_segment_10x10,8,9,sub-pd5_seg012,PD
paper_segment_10x10,8,8,sub-pd5_seg013,PD
paper_segment_10x10,8,4,sub-pd5_seg014,PD
paper_segment_10x10,8,5,sub-pd5_seg015,PD
paper_segment_10x10,8,4,sub-pd5_seg016,PD
paper_segment_10x10,8,8,sub-pd5_seg017,PD
paper_segment_10x10,8,9,sub-pd5_seg018,PD
paper_segment_10x10,8,1,sub-pd6_seg000,PD
paper_segment_10x10,8,6,sub-pd6_seg001,PD
paper_segment_10x10,8,5,sub-pd6_seg002,PD
paper_segment_10x10,8,8,sub-pd6_seg003,PD
paper_segment_10x10,8,1,sub-pd6_seg004,PD
paper_segment_10x10,8,7,sub-pd6_seg005,PD
paper_segment_10x10,8,7,sub-pd6_seg006,PD
paper_segment_10x10,8,5,sub-pd6_seg007,PD
paper_segment_10x10,8,2,sub-pd6_seg008,PD
paper_segment_10x10,8,8,sub-pd6_seg009,PD
paper_segment_10x10,8,6,sub-pd6_seg010,PD
paper_segment_10x10,8,3,sub-pd6_seg011,PD
paper_segment_10x10,8,0,sub-pd6_seg012,PD
paper_segment_10x10,8,8,sub-pd6_seg013,PD
paper_segment_10x10,8,2,sub-pd6_seg014,PD
paper_segment_10x10,8,0,sub-pd6_seg015,PD
paper_segment_10x10,8,2,sub-pd6_seg016,PD
paper_segment_10x10,8,6,sub-pd6_seg017,PD
paper_segment_10x10,8,2,sub-pd6_seg018,PD
paper_segment_10x10,8,9,sub-pd9_seg000,PD
paper_segment_10x10,8,7,sub-pd9_seg001,PD
paper_segment_10x10,8,3,sub-pd9_seg002,PD
paper_segment_10x10,8,5,sub-pd9_seg003,PD
paper_segment_10x10,8,4,sub-pd9_seg004,PD
paper_segment_10x10,8,9,sub-pd9_seg005,PD
paper_segment_10x10,8,5,sub-pd9_seg006,PD
paper_segment_10x10,8,5,sub-pd9_seg007,PD
paper_segment_10x10,8,2,sub-pd9_seg008,PD
paper_segment_10x10,8,8,sub-pd9_seg009,PD
paper_segment_10x10,8,8,sub-pd9_seg010,PD
paper_segment_10x10,8,1,sub-pd9_seg011,PD
paper_segment_10x10,8,4,sub-pd9_seg012,PD
paper_segment_10x10,8,3,sub-pd9_seg013,PD
paper_segment_10x10,8,1,sub-pd9_seg014,PD
paper_segment_10x10,8,6,sub-pd9_seg015,PD
paper_segment_10x10,8,4,sub-pd9_seg016,PD
paper_segment_10x10,8,6,sub-pd9_seg017,PD
paper_segment_10x10,8,7,sub-pd9_seg018,PD
paper_segment_10x10,8,5,sub-pd12_seg000,PD
paper_segment_10x10,8,9,sub-pd12_seg001,PD
paper_segment_10x10,8,4,sub-pd12_seg002,PD
paper_segment_10x10,8,7,sub-pd12_seg003,PD
paper_segment_10x10,8,7,sub-pd12_seg004,PD
paper_segment_10x10,8,8,sub-pd12_seg005,PD
paper_segment_10x10,8,3,sub-pd12_seg006,PD
paper_segment_10x10,8,6,sub-pd12_seg007,PD
paper_segment_10x10,8,6,sub-pd12_seg008,PD
paper_segment_10x10,8,8,sub-pd12_seg009,PD
paper_segment_10x10,8,7,sub-pd12_seg010,PD
paper_segment_10x10,8,2,sub-pd12_seg011,PD
paper_segment_10x10,8,1,sub-pd12_seg012,PD
paper_segment_10x10,8,8,sub-pd12_seg013,PD
paper_segment_10x10,8,7,sub-pd12_seg014,PD
paper_segment_10x10,8,3,sub-pd12_seg015,PD
paper_segment_10x10,8,0,sub-pd12_seg016,PD
paper_segment_10x10,8,6,sub-pd12_seg017,PD
paper_segment_10x10,8,2,sub-pd12_seg018,PD
paper_segment_10x10,8,4,sub-pd12_seg019,PD
paper_segment_10x10,8,1,sub-pd11_seg000,PD
paper_segment_10x10,8,4,sub-pd11_seg001,PD
paper_segment_10x10,8,2,sub-pd11_seg002,PD
paper_segment_10x10,8,4,sub-pd11_seg003,PD
paper_segment_10x10,8,5,sub-pd11_seg004,PD
paper_segment_10x10,8,6,sub-pd11_seg005,PD
paper_segment_10x10,8,3,sub-pd11_seg006,PD
paper_segment_10x10,8,0,sub-pd11_seg007,PD
paper_segment_10x10,8,8,sub-pd11_seg008,PD
paper_segment_10x10,8,5,sub-pd11_seg009,PD
paper_segment_10x10,8,2,sub-pd11_seg010,PD
paper_segment_10x10,8,3,sub-pd11_seg011,PD
paper_segment_10x10,8,6,sub-pd11_seg012,PD
paper_segment_10x10,8,4,sub-pd11_seg013,PD
paper_segment_10x10,8,5,sub-pd11_seg014,PD
paper_segment_10x10,8,3,sub-pd11_seg015,PD
paper_segment_10x10,8,3,sub-pd11_seg016,PD
paper_segment_10x10,8,7,sub-pd11_seg017,PD
paper_segment_10x10,8,4,sub-pd13_seg000,PD
paper_segment_10x10,8,1,sub-pd13_seg001,PD
paper_segment_10x10,8,3,sub-pd13_seg002,PD
paper_segment_10x10,8,8,sub-pd13_seg003,PD
paper_segment_10x10,8,5,sub-pd13_seg004,PD
paper_segment_10x10,8,8,sub-pd13_seg005,PD
paper_segment_10x10,8,0,sub-pd13_seg006,PD
paper_segment_10x10,8,5,sub-pd13_seg007,PD
paper_segment_10x10,8,4,sub-pd13_seg008,PD
paper_segment_10x10,8,9,sub-pd13_seg009,PD
paper_segment_10x10,8,7,sub-pd13_seg010,PD
paper_segment_10x10,8,5,sub-pd13_seg011,PD
paper_segment_10x10,8,8,sub-pd13_seg012,PD
paper_segment_10x10,8,8,sub-pd13_seg013,PD
paper_segment_10x10,8,6,sub-pd13_seg014,PD
paper_segment_10x10,8,6,sub-pd13_seg015,PD
paper_segment_10x10,8,6,sub-pd13_seg016,PD
paper_segment_10x10,8,3,sub-pd13_seg017,PD
paper_segment_10x10,8,3,sub-pd14_seg000,PD
paper_segment_10x10,8,0,sub-pd14_seg001,PD
paper_segment_10x10,8,0,sub-pd14_seg002,PD
paper_segment_10x10,8,4,sub-pd14_seg003,PD
paper_segment_10x10,8,1,sub-pd14_seg004,PD
paper_segment_10x10,8,9,sub-pd14_seg005,PD
paper_segment_10x10,8,9,sub-pd14_seg006,PD
paper_segment_10x10,8,9,sub-pd14_seg007,PD
paper_segment_10x10,8,8,sub-pd14_seg008,PD
paper_segment_10x10,8,0,sub-pd14_seg009,PD
paper_segment_10x10,8,7,sub-pd14_seg010,PD
paper_segment_10x10,8,2,sub-pd14_seg011,PD
paper_segment_10x10,8,4,sub-pd14_seg012,PD
paper_segment_10x10,8,0,sub-pd14_seg013,PD
paper_segment_10x10,8,2,sub-pd14_seg014,PD
paper_segment_10x10,8,4,sub-pd14_seg015,PD
paper_segment_10x10,8,3,sub-pd14_seg016,PD
paper_segment_10x10,8,7,sub-pd14_seg017,PD
paper_segment_10x10,8,8,sub-pd14_seg018,PD
paper_segment_10x10,8,0,sub-pd14_seg019,PD
paper_segment_10x10,8,2,sub-pd14_seg020,PD
paper_segment_10x10,8,2,sub-pd14_seg021,PD
paper_segment_10x10,8,7,sub-pd14_seg022,PD
paper_segment_10x10,8,6,sub-pd14_seg023,PD
paper_segment_10x10,8,7,sub-pd14_seg024,PD
paper_segment_10x10,8,5,sub-pd14_seg025,PD
paper_segment_10x10,8,0,sub-pd14_seg026,PD
paper_segment_10x10,8,1,sub-pd14_seg027,PD
paper_segment_10x10,8,1,sub-pd14_seg028,PD
paper_segment_10x10,8,3,sub-pd16_seg000,PD
paper_segment_10x10,8,1,sub-pd16_seg001,PD
paper_segment_10x10,8,1,sub-pd16_seg002,PD
paper_segment_10x10,8,4,sub-pd16_seg003,PD
paper_segment_10x10,8,1,sub-pd16_seg004,PD
paper_segment_10x10,8,0,sub-pd16_seg005,PD
paper_segment_10x10,8,4,sub-pd16_seg006,PD
paper_segment_10x10,8,5,sub-pd16_seg007,PD
paper_segment_10x10,8,0,sub-pd16_seg008,PD
paper_segment_10x10,8,0,sub-pd16_seg009,PD
paper_segment_10x10,8,3,sub-pd16_seg010,PD
paper_segment_10x10,8,6,sub-pd16_seg011,PD
paper_segment_10x10,8,9,sub-pd16_seg012,PD
paper_segment_10x10,8,4,sub-pd16_seg013,PD
paper_segment_10x10,8,8,sub-pd16_seg014,PD
paper_segment_10x10,8,2,sub-pd16_seg015,PD
paper_segment_10x10,8,0,sub-pd16_seg016,PD
paper_segment_10x10,8,2,sub-pd16_seg017,PD
paper_segment_10x10,8,6,sub-pd17_seg000,PD
paper_segment_10x10,8,3,sub-pd17_seg001,PD
paper_segment_10x10,8,7,sub-pd17_seg002,PD
paper_segment_10x10,8,7,sub-pd17_seg003,PD
paper_segment_10x10,8,2,sub-pd17_seg004,PD
paper_segment_10x10,8,1,sub-pd17_seg005,PD
paper_segment_10x10,8,7,sub-pd17_seg006,PD
paper_segment_10x10,8,9,sub-pd17_seg007,PD
paper_segment_10x10,8,5,sub-pd17_seg008,PD
paper_segment_10x10,8,8,sub-pd17_seg009,PD
paper_segment_10x10,8,6,sub-pd17_seg010,PD
paper_segment_10x10,8,0,sub-pd17_seg011,PD
paper_segment_10x10,8,9,sub-pd17_seg012,PD
paper_segment_10x10,8,2,sub-pd17_seg013,PD
paper_segment_10x10,8,3,sub-pd17_seg014,PD
paper_segment_10x10,8,3,sub-pd17_seg015,PD
paper_segment_10x10,8,6,sub-pd17_seg016,PD
paper_segment_10x10,8,6,sub-pd17_seg017,PD
paper_segment_10x10,8,5,sub-pd19_seg000,PD
paper_segment_10x10,8,4,sub-pd19_seg001,PD
paper_segment_10x10,8,6,sub-pd19_seg002,PD
paper_segment_10x10,8,7,sub-pd19_seg003,PD
paper_segment_10x10,8,5,sub-pd19_seg004,PD
paper_segment_10x10,8,3,sub-pd19_seg005,PD
paper_segment_10x10,8,2,sub-pd19_seg006,PD
paper_segment_10x10,8,2,sub-pd19_seg007,PD
paper_segment_10x10,8,1,sub-pd19_seg008,PD
paper_segment_10x10,8,5,sub-pd19_seg009,PD
paper_segment_10x10,8,0,sub-pd19_seg010,PD
paper_segment_10x10,8,4,sub-pd19_seg011,PD
paper_segment_10x10,8,5,sub-pd19_seg012,PD
paper_segment_10x10,8,5,sub-pd19_seg013,PD
paper_segment_10x10,8,1,sub-pd19_seg014,PD
paper_segment_10x10,8,5,sub-pd19_seg015,PD
paper_segment_10x10,8,2,sub-pd19_seg016,PD
paper_segment_10x10,8,5,sub-pd19_seg017,PD
paper_segment_10x10,8,2,sub-pd22_seg000,PD
paper_segment_10x10,8,0,sub-pd22_seg001,PD
paper_segment_10x10,8,9,sub-pd22_seg002,PD
paper_segment_10x10,8,6,sub-pd22_seg003,PD
paper_segment_10x10,8,4,sub-pd22_seg004,PD
paper_segment_10x10,8,9,sub-pd22_seg005,PD
paper_segment_10x10,8,9,sub-pd22_seg006,PD
paper_segment_10x10,8,4,sub-pd22_seg007,PD
paper_segment_10x10,8,5,sub-pd22_seg008,PD
paper_segment_10x10,8,3,sub-pd22_seg009,PD
paper_segment_10x10,8,3,sub-pd22_seg010,PD
paper_segment_10x10,8,9,sub-pd22_seg011,PD
paper_segment_10x10,8,2,sub-pd22_seg012,PD
paper_segment_10x10,8,5,sub-pd22_seg013,PD
paper_segment_10x10,8,7,sub-pd22_seg014,PD
paper_segment_10x10,8,5,sub-pd22_seg015,PD
paper_segment_10x10,8,7,sub-pd22_seg016,PD
paper_segment_10x10,8,2,sub-pd22_seg017,PD
paper_segment_10x10,8,9,sub-pd23_seg000,PD
paper_segment_10x10,8,7,sub-pd23_seg001,PD
paper_segment_10x10,8,7,sub-pd23_seg002,PD
paper_segment_10x10,8,3,sub-pd23_seg003,PD
paper_segment_10x10,8,0,sub-pd23_seg004,PD
paper_segment_10x10,8,2,sub-pd23_seg005,PD
paper_segment_10x10,8,9,sub-pd23_seg006,PD
paper_segment_10x10,8,3,sub-pd23_seg007,PD
paper_segment_10x10,8,1,sub-pd23_seg008,PD
paper_segment_10x10,8,6,sub-pd23_seg009,PD
paper_segment_10x10,8,0,sub-pd23_seg010,PD
paper_segment_10x10,8,0,sub-pd23_seg011,PD
paper_segment_10x10,8,3,sub-pd23_seg012,PD
paper_segment_10x10,8,8,sub-pd23_seg013,PD
paper_segment_10x10,8,0,sub-pd23_seg014,PD
paper_segment_10x10,8,8,sub-pd23_seg015,PD
paper_segment_10x10,8,9,sub-pd23_seg016,PD
paper_segment_10x10,8,1,sub-pd23_seg017,PD
paper_segment_10x10,8,0,sub-pd23_seg018,PD
paper_segment_10x10,8,4,sub-pd23_seg019,PD
paper_segment_10x10,8,1,sub-pd26_seg000,PD
paper_segment_10x10,8,1,sub-pd26_seg001,PD
paper_segment_10x10,8,6,sub-pd26_seg002,PD
paper_segment_10x10,8,1,sub-pd26_seg003,PD
paper_segment_10x10,8,4,sub-pd26_seg004,PD
paper_segment_10x10,8,5,sub-pd26_seg005,PD
paper_segment_10x10,8,9,sub-pd26_seg006,PD
paper_segment_10x10,8,9,sub-pd26_seg007,PD
paper_segment_10x10,8,9,sub-pd26_seg008,PD
paper_segment_10x10,8,2,sub-pd26_seg009,PD
paper_segment_10x10,8,0,sub-pd26_seg010,PD
paper_segment_10x10,8,8,sub-pd26_seg011,PD
paper_segment_10x10,8,8,sub-pd26_seg012,PD
paper_segment_10x10,8,7,sub-pd26_seg013,PD
paper_segment_10x10,8,2,sub-pd26_seg014,PD
paper_segment_10x10,8,2,sub-pd26_seg015,PD
paper_segment_10x10,8,7,sub-pd26_seg016,PD
paper_segment_10x10,8,5,sub-pd26_seg017,PD
paper_segment_10x10,8,8,sub-pd26_seg018,PD
paper_segment_10x10,8,9,sub-pd28_seg000,PD
paper_segment_10x10,8,8,sub-pd28_seg001,PD
paper_segment_10x10,8,9,sub-pd28_seg002,PD
paper_segment_10x10,8,1,sub-pd28_seg003,PD
paper_segment_10x10,8,9,sub-pd28_seg004,PD
paper_segment_10x10,8,7,sub-pd28_seg005,PD
paper_segment_10x10,8,0,sub-pd28_seg006,PD
paper_segment_10x10,8,0,sub-pd28_seg007,PD
paper_segment_10x10,8,3,sub-pd28_seg008,PD
paper_segment_10x10,8,3,sub-pd28_seg009,PD
paper_segment_10x10,8,9,sub-pd28_seg010,PD
paper_segment_10x10,8,1,sub-pd28_seg011,PD
paper_segment_10x10,8,1,sub-pd28_seg012,PD
paper_segment_10x10,8,7,sub-pd28_seg013,PD
paper_segment_10x10,8,3,sub-pd28_seg014,PD
paper_segment_10x10,8,1,sub-pd28_seg015,PD
paper_segment_10x10,8,8,sub-pd28_seg016,PD
paper_segment_10x10,8,1,sub-pd28_seg017,PD
paper_segment_10x10,8,3,sub-pd28_seg018,PD
paper_segment_10x10,8,6,sub-pd28_seg019,PD
paper_segment_10x10,9,1,sub-hc1_seg000,HC
paper_segment_10x10,9,4,sub-hc1_seg001,HC
paper_segment_10x10,9,8,sub-hc1_seg002,HC
paper_segment_10x10,9,4,sub-hc1_seg003,HC
paper_segment_10x10,9,7,sub-hc1_seg004,HC
paper_segment_10x10,9,7,sub-hc1_seg005,HC
paper_segment_10x10,9,8,sub-hc1_seg006,HC
paper_segment_10x10,9,3,sub-hc1_seg007,HC
paper_segment_10x10,9,7,sub-hc1_seg008,HC
paper_segment_10x10,9,8,sub-hc1_seg009,HC
paper_segment_10x10,9,7,sub-hc1_seg010,HC
paper_segment_10x10,9,9,sub-hc1_seg011,HC
paper_segment_10x10,9,7,sub-hc1_seg012,HC
paper_segment_10x10,9,7,sub-hc1_seg013,HC
paper_segment_10x10,9,6,sub-hc1_seg014,HC
paper_segment_10x10,9,5,sub-hc1_seg015,HC
paper_segment_10x10,9,9,sub-hc1_seg016,HC
paper_segment_10x10,9,1,sub-hc1_seg017,HC
paper_segment_10x10,9,2,sub-hc1_seg018,HC
paper_segment_10x10,9,2,sub-hc2_seg000,HC
paper_segment_10x10,9,4,sub-hc2_seg001,HC
paper_segment_10x10,9,2,sub-hc2_seg002,HC
paper_segment_10x10,9,2,sub-hc2_seg003,HC
paper_segment_10x10,9,2,sub-hc2_seg004,HC
paper_segment_10x10,9,2,sub-hc2_seg005,HC
paper_segment_10x10,9,1,sub-hc2_seg006,HC
paper_segment_10x10,9,0,sub-hc2_seg007,HC
paper_segment_10x10,9,1,sub-hc2_seg008,HC
paper_segment_10x10,9,9,sub-hc2_seg009,HC
paper_segment_10x10,9,3,sub-hc2_seg010,HC
paper_segment_10x10,9,6,sub-hc2_seg011,HC
paper_segment_10x10,9,0,sub-hc2_seg012,HC
paper_segment_10x10,9,4,sub-hc2_seg013,HC
paper_segment_10x10,9,9,sub-hc2_seg014,HC
paper_segment_10x10,9,7,sub-hc2_seg015,HC
paper_segment_10x10,9,9,sub-hc2_seg016,HC
paper_segment_10x10,9,9,sub-hc2_seg017,HC
paper_segment_10x10,9,6,sub-hc2_seg018,HC
paper_segment_10x10,9,6,sub-hc4_seg000,HC
paper_segment_10x10,9,7,sub-hc4_seg001,HC
paper_segment_10x10,9,7,sub-hc4_seg002,HC
paper_segment_10x10,9,9,sub-hc4_seg003,HC
paper_segment_10x10,9,1,sub-hc4_seg004,HC
paper_segment_10x10,9,2,sub-hc4_seg005,HC
paper_segment_10x10,9,5,sub-hc4_seg006,HC
paper_segment_10x10,9,0,sub-hc4_seg007,HC
paper_segment_10x10,9,5,sub-hc4_seg008,HC
paper_segment_10x10,9,9,sub-hc4_seg009,HC
paper_segment_10x10,9,0,sub-hc4_seg010,HC
paper_segment_10x10,9,5,sub-hc4_seg011,HC
paper_segment_10x10,9,3,sub-hc4_seg012,HC
paper_segment_10x10,9,7,sub-hc4_seg013,HC
paper_segment_10x10,9,7,sub-hc4_seg014,HC
paper_segment_10x10,9,9,sub-hc4_seg015,HC
paper_segment_10x10,9,5,sub-hc4_seg016,HC
paper_segment_10x10,9,8,sub-hc4_seg017,HC
paper_segment_10x10,9,1,sub-hc7_seg000,HC
paper_segment_10x10,9,8,sub-hc7_seg001,HC
paper_segment_10x10,9,8,sub-hc7_seg002,HC
paper_segment_10x10,9,0,sub-hc7_seg003,HC
paper_segment_10x10,9,6,sub-hc7_seg004,HC
paper_segment_10x10,9,3,sub-hc7_seg005,HC
paper_segment_10x10,9,8,sub-hc7_seg006,HC
paper_segment_10x10,9,6,sub-hc7_seg007,HC
paper_segment_10x10,9,2,sub-hc7_seg008,HC
paper_segment_10x10,9,9,sub-hc7_seg009,HC
paper_segment_10x10,9,0,sub-hc7_seg010,HC
paper_segment_10x10,9,2,sub-hc7_seg011,HC
paper_segment_10x10,9,5,sub-hc7_seg012,HC
paper_segment_10x10,9,0,sub-hc7_seg013,HC
paper_segment_10x10,9,1,sub-hc7_seg014,HC
paper_segment_10x10,9,6,sub-hc7_seg015,HC
paper_segment_10x10,9,0,sub-hc7_seg016,HC
paper_segment_10x10,9,7,sub-hc7_seg017,HC
paper_segment_10x10,9,8,sub-hc7_seg018,HC
paper_segment_10x10,9,7,sub-hc8_seg000,HC
paper_segment_10x10,9,3,sub-hc8_seg001,HC
paper_segment_10x10,9,8,sub-hc8_seg002,HC
paper_segment_10x10,9,1,sub-hc8_seg003,HC
paper_segment_10x10,9,1,sub-hc8_seg004,HC
paper_segment_10x10,9,7,sub-hc8_seg005,HC
paper_segment_10x10,9,4,sub-hc8_seg006,HC
paper_segment_10x10,9,6,sub-hc8_seg007,HC
paper_segment_10x10,9,3,sub-hc8_seg008,HC
paper_segment_10x10,9,4,sub-hc8_seg009,HC
paper_segment_10x10,9,0,sub-hc8_seg010,HC
paper_segment_10x10,9,8,sub-hc8_seg011,HC
paper_segment_10x10,9,7,sub-hc8_seg012,HC
paper_segment_10x10,9,2,sub-hc8_seg013,HC
paper_segment_10x10,9,5,sub-hc8_seg014,HC
paper_segment_10x10,9,0,sub-hc8_seg015,HC
paper_segment_10x10,9,1,sub-hc8_seg016,HC
paper_segment_10x10,9,3,sub-hc8_seg017,HC
paper_segment_10x10,9,3,sub-hc8_seg018,HC
paper_segment_10x10,9,8,sub-hc10_seg000,HC
paper_segment_10x10,9,2,sub-hc10_seg001,HC
paper_segment_10x10,9,7,sub-hc10_seg002,HC
paper_segment_10x10,9,8,sub-hc10_seg003,HC
paper_segment_10x10,9,9,sub-hc10_seg004,HC
paper_segment_10x10,9,2,sub-hc10_seg005,HC
paper_segment_10x10,9,6,sub-hc10_seg006,HC
paper_segment_10x10,9,6,sub-hc10_seg007,HC
paper_segment_10x10,9,8,sub-hc10_seg008,HC
paper_segment_10x10,9,2,sub-hc10_seg009,HC
paper_segment_10x10,9,9,sub-hc10_seg010,HC
paper_segment_10x10,9,0,sub-hc10_seg011,HC
paper_segment_10x10,9,5,sub-hc10_seg012,HC
paper_segment_10x10,9,8,sub-hc10_seg013,HC
paper_segment_10x10,9,5,sub-hc10_seg014,HC
paper_segment_10x10,9,3,sub-hc10_seg015,HC
paper_segment_10x10,9,4,sub-hc10_seg016,HC
paper_segment_10x10,9,4,sub-hc10_seg017,HC
paper_segment_10x10,9,9,sub-hc10_seg018,HC
paper_segment_10x10,9,8,sub-hc10_seg019,HC
paper_segment_10x10,9,1,sub-hc18_seg000,HC
paper_segment_10x10,9,9,sub-hc18_seg001,HC
paper_segment_10x10,9,0,sub-hc18_seg002,HC
paper_segment_10x10,9,4,sub-hc18_seg003,HC
paper_segment_10x10,9,9,sub-hc18_seg004,HC
paper_segment_10x10,9,9,sub-hc18_seg005,HC
paper_segment_10x10,9,5,sub-hc18_seg006,HC
paper_segment_10x10,9,4,sub-hc18_seg007,HC
paper_segment_10x10,9,1,sub-hc18_seg008,HC
paper_segment_10x10,9,1,sub-hc18_seg009,HC
paper_segment_10x10,9,1,sub-hc18_seg010,HC
paper_segment_10x10,9,9,sub-hc18_seg011,HC
paper_segment_10x10,9,8,sub-hc18_seg012,HC
paper_segment_10x10,9,2,sub-hc18_seg013,HC
paper_segment_10x10,9,2,sub-hc18_seg014,HC
paper_segment_10x10,9,7,sub-hc18_seg015,HC
paper_segment_10x10,9,5,sub-hc18_seg016,HC
paper_segment_10x10,9,0,sub-hc18_seg017,HC
paper_segment_10x10,9,5,sub-hc20_seg000,HC
paper_segment_10x10,9,4,sub-hc20_seg001,HC
paper_segment_10x10,9,2,sub-hc20_seg002,HC
paper_segment_10x10,9,5,sub-hc20_seg003,HC
paper_segment_10x10,9,6,sub-hc20_seg004,HC
paper_segment_10x10,9,3,sub-hc20_seg005,HC
paper_segment_10x10,9,6,sub-hc20_seg006,HC
paper_segment_10x10,9,8,sub-hc20_seg007,HC
paper_segment_10x10,9,9,sub-hc20_seg008,HC
paper_segment_10x10,9,3,sub-hc20_seg009,HC
paper_segment_10x10,9,2,sub-hc20_seg010,HC
paper_segment_10x10,9,3,sub-hc20_seg011,HC
paper_segment_10x10,9,5,sub-hc20_seg012,HC
paper_segment_10x10,9,3,sub-hc20_seg013,HC
paper_segment_10x10,9,8,sub-hc20_seg014,HC
paper_segment_10x10,9,0,sub-hc20_seg015,HC
paper_segment_10x10,9,1,sub-hc20_seg016,HC
paper_segment_10x10,9,4,sub-hc20_seg017,HC
paper_segment_10x10,9,1,sub-hc21_seg000,HC
paper_segment_10x10,9,2,sub-hc21_seg001,HC
paper_segment_10x10,9,8,sub-hc21_seg002,HC
paper_segment_10x10,9,0,sub-hc21_seg003,HC
paper_segment_10x10,9,5,sub-hc21_seg004,HC
paper_segment_10x10,9,9,sub-hc21_seg005,HC
paper_segment_10x10,9,8,sub-hc21_seg006,HC
paper_segment_10x10,9,3,sub-hc21_seg007,HC
paper_segment_10x10,9,6,sub-hc21_seg008,HC
paper_segment_10x10,9,4,sub-hc21_seg009,HC
paper_segment_10x10,9,6,sub-hc21_seg010,HC
paper_segment_10x10,9,4,sub-hc21_seg011,HC
paper_segment_10x10,9,8,sub-hc21_seg012,HC
paper_segment_10x10,9,0,sub-hc21_seg013,HC
paper_segment_10x10,9,7,sub-hc21_seg014,HC
paper_segment_10x10,9,9,sub-hc21_seg015,HC
paper_segment_10x10,9,1,sub-hc21_seg016,HC
paper_segment_10x10,9,7,sub-hc21_seg017,HC
paper_segment_10x10,9,0,sub-hc24_seg000,HC
paper_segment_10x10,9,0,sub-hc24_seg001,HC
paper_segment_10x10,9,5,sub-hc24_seg002,HC
paper_segment_10x10,9,9,sub-hc24_seg003,HC
paper_segment_10x10,9,1,sub-hc24_seg004,HC
paper_segment_10x10,9,3,sub-hc24_seg005,HC
paper_segment_10x10,9,2,sub-hc24_seg006,HC
paper_segment_10x10,9,6,sub-hc24_seg007,HC
paper_segment_10x10,9,5,sub-hc24_seg008,HC
paper_segment_10x10,9,2,sub-hc24_seg009,HC
paper_segment_10x10,9,7,sub-hc24_seg010,HC
paper_segment_10x10,9,4,sub-hc24_seg011,HC
paper_segment_10x10,9,8,sub-hc24_seg012,HC
paper_segment_10x10,9,4,sub-hc24_seg013,HC
paper_segment_10x10,9,9,sub-hc24_seg014,HC
paper_segment_10x10,9,7,sub-hc24_seg015,HC
paper_segment_10x10,9,1,sub-hc24_seg016,HC
paper_segment_10x10,9,8,sub-hc24_seg017,HC
paper_segment_10x10,9,5,sub-hc24_seg018,HC
paper_segment_10x10,9,8,sub-hc25_seg000,HC
paper_segment_10x10,9,6,sub-hc25_seg001,HC
paper_segment_10x10,9,0,sub-hc25_seg002,HC
paper_segment_10x10,9,9,sub-hc25_seg003,HC
paper_segment_10x10,9,8,sub-hc25_seg004,HC
paper_segment_10x10,9,2,sub-hc25_seg005,HC
paper_segment_10x10,9,0,sub-hc25_seg006,HC
paper_segment_10x10,9,6,sub-hc25_seg007,HC
paper_segment_10x10,9,5,sub-hc25_seg008,HC
paper_segment_10x10,9,6,sub-hc25_seg009,HC
paper_segment_10x10,9,1,sub-hc25_seg010,HC
paper_segment_10x10,9,6,sub-hc25_seg011,HC
paper_segment_10x10,9,4,sub-hc25_seg012,HC
paper_segment_10x10,9,5,sub-hc25_seg013,HC
paper_segment_10x10,9,1,sub-hc25_seg014,HC
paper_segment_10x10,9,3,sub-hc25_seg015,HC
paper_segment_10x10,9,6,sub-hc25_seg016,HC
paper_segment_10x10,9,5,sub-hc25_seg017,HC
paper_segment_10x10,9,6,sub-hc25_seg018,HC
paper_segment_10x10,9,0,sub-hc25_seg019,HC
paper_segment_10x10,9,7,sub-hc29_seg000,HC
paper_segment_10x10,9,9,sub-hc29_seg001,HC
paper_segment_10x10,9,8,sub-hc29_seg002,HC
paper_segment_10x10,9,0,sub-hc29_seg003,HC
paper_segment_10x10,9,7,sub-hc29_seg004,HC
paper_segment_10x10,9,1,sub-hc29_seg005,HC
paper_segment_10x10,9,4,sub-hc29_seg006,HC
paper_segment_10x10,9,0,sub-hc29_seg007,HC
paper_segment_10x10,9,3,sub-hc29_seg008,HC
paper_segment_10x10,9,4,sub-hc29_seg009,HC
paper_segment_10x10,9,2,sub-hc29_seg010,HC
paper_segment_10x10,9,6,sub-hc29_seg011,HC
paper_segment_10x10,9,7,sub-hc29_seg012,HC
paper_segment_10x10,9,0,sub-hc29_seg013,HC
paper_segment_10x10,9,4,sub-hc29_seg014,HC
paper_segment_10x10,9,8,sub-hc29_seg015,HC
paper_segment_10x10,9,0,sub-hc29_seg016,HC
paper_segment_10x10,9,5,sub-hc29_seg017,HC
paper_segment_10x10,9,6,sub-hc29_seg018,HC
paper_segment_10x10,9,4,sub-hc30_seg000,HC
paper_segment_10x10,9,3,sub-hc30_seg001,HC
paper_segment_10x10,9,7,sub-hc30_seg002,HC
paper_segment_10x10,9,3,sub-hc30_seg003,HC
paper_segment_10x10,9,3,sub-hc30_seg004,HC
paper_segment_10x10,9,1,sub-hc30_seg005,HC
paper_segment_10x10,9,1,sub-hc30_seg006,HC
paper_segment_10x10,9,9,sub-hc30_seg007,PD
paper_segment_10x10,9,1,sub-hc30_seg008,HC
paper_segment_10x10,9,6,sub-hc30_seg009,HC
paper_segment_10x10,9,5,sub-hc30_seg010,HC
paper_segment_10x10,9,3,sub-hc30_seg011,HC
paper_segment_10x10,9,0,sub-hc30_seg012,HC
paper_segment_10x10,9,6,sub-hc30_seg013,HC
paper_segment_10x10,9,8,sub-hc30_seg014,HC
paper_segment_10x10,9,8,sub-hc30_seg015,HC
paper_segment_10x10,9,0,sub-hc30_seg016,HC
paper_segment_10x10,9,1,sub-hc30_seg017,HC
paper_segment_10x10,9,2,sub-hc31_seg000,HC
paper_segment_10x10,9,6,sub-hc31_seg001,HC
paper_segment_10x10,9,8,sub-hc31_seg002,HC
paper_segment_10x10,9,9,sub-hc31_seg003,HC
paper_segment_10x10,9,3,sub-hc31_seg004,HC
paper_segment_10x10,9,7,sub-hc31_seg005,HC
paper_segment_10x10,9,3,sub-hc31_seg006,HC
paper_segment_10x10,9,3,sub-hc31_seg007,HC
paper_segment_10x10,9,4,sub-hc31_seg008,HC
paper_segment_10x10,9,3,sub-hc31_seg009,HC
paper_segment_10x10,9,4,sub-hc31_seg010,HC
paper_segment_10x10,9,7,sub-hc31_seg011,HC
paper_segment_10x10,9,4,sub-hc31_seg012,HC
paper_segment_10x10,9,4,sub-hc31_seg013,HC
paper_segment_10x10,9,5,sub-hc31_seg014,HC
paper_segment_10x10,9,4,sub-hc31_seg015,HC
paper_segment_10x10,9,9,sub-hc31_seg016,HC
paper_segment_10x10,9,1,sub-hc31_seg017,HC
paper_segment_10x10,9,6,sub-hc32_seg000,HC
paper_segment_10x10,9,5,sub-hc32_seg001,HC
paper_segment_10x10,9,2,sub-hc32_seg002,HC
paper_segment_10x10,9,4,sub-hc32_seg003,HC
paper_segment_10x10,9,2,sub-hc32_seg004,HC
paper_segment_10x10,9,4,sub-hc32_seg005,HC
paper_segment_10x10,9,9,sub-hc32_seg006,HC
paper_segment_10x10,9,2,sub-hc32_seg007,HC
paper_segment_10x10,9,0,sub-hc32_seg008,HC
paper_segment_10x10,9,0,sub-hc32_seg009,HC
paper_segment_10x10,9,2,sub-hc32_seg010,HC
paper_segment_10x10,9,4,sub-hc32_seg011,HC
paper_segment_10x10,9,1,sub-hc32_seg012,HC
paper_segment_10x10,9,9,sub-hc32_seg013,HC
paper_segment_10x10,9,9,sub-hc32_seg014,HC
paper_segment_10x10,9,6,sub-hc32_seg015,HC
paper_segment_10x10,9,1,sub-hc32_seg016,HC
paper_segment_10x10,9,7,sub-hc32_seg017,HC
paper_segment_10x10,9,5,sub-hc32_seg018,HC
paper_segment_10x10,9,5,sub-hc33_seg000,HC
paper_segment_10x10,9,5,sub-hc33_seg001,HC
paper_segment_10x10,9,2,sub-hc33_seg002,HC
paper_segment_10x10,9,3,sub-hc33_seg003,HC
paper_segment_10x10,9,5,sub-hc33_seg004,HC
paper_segment_10x10,9,6,sub-hc33_seg005,HC
paper_segment_10x10,9,3,sub-hc33_seg006,HC
paper_segment_10x10,9,2,sub-hc33_seg007,HC
paper_segment_10x10,9,4,sub-hc33_seg008,HC
paper_segment_10x10,9,5,sub-hc33_seg009,HC
paper_segment_10x10,9,7,sub-hc33_seg010,HC
paper_segment_10x10,9,1,sub-hc33_seg011,HC
paper_segment_10x10,9,7,sub-hc33_seg012,HC
paper_segment_10x10,9,0,sub-hc33_seg013,HC
paper_segment_10x10,9,3,sub-hc33_seg014,HC
paper_segment_10x10,9,6,sub-hc33_seg015,HC
paper_segment_10x10,9,2,sub-hc33_seg016,HC
paper_segment_10x10,9,3,sub-hc33_seg017,HC
paper_segment_10x10,9,3,sub-hc33_seg018,HC
paper_segment_10x10,9,4,sub-pd3_seg000,PD
paper_segment_10x10,9,3,sub-pd3_seg001,PD
paper_segment_10x10,9,4,sub-pd3_seg002,PD
paper_segment_10x10,9,6,sub-pd3_seg003,PD
paper_segment_10x10,9,0,sub-pd3_seg004,PD
paper_segment_10x10,9,5,sub-pd3_seg005,PD
paper_segment_10x10,9,2,sub-pd3_seg006,PD
paper_segment_10x10,9,6,sub-pd3_seg007,PD
paper_segment_10x10,9,5,sub-pd3_seg008,PD
paper_segment_10x10,9,9,sub-pd3_seg009,PD
paper_segment_10x10,9,4,sub-pd3_seg010,PD
paper_segment_10x10,9,6,sub-pd3_seg011,PD
paper_segment_10x10,9,5,sub-pd3_seg012,PD
paper_segment_10x10,9,1,sub-pd3_seg013,PD
paper_segment_10x10,9,0,sub-pd3_seg014,PD
paper_segment_10x10,9,0,sub-pd3_seg015,PD
paper_segment_10x10,9,3,sub-pd3_seg016,PD
paper_segment_10x10,9,4,sub-pd3_seg017,PD
paper_segment_10x10,9,3,sub-pd3_seg018,PD
paper_segment_10x10,9,0,sub-pd3_seg019,PD
paper_segment_10x10,9,2,sub-pd5_seg000,PD
paper_segment_10x10,9,1,sub-pd5_seg001,PD
paper_segment_10x10,9,1,sub-pd5_seg002,PD
paper_segment_10x10,9,6,sub-pd5_seg003,PD
paper_segment_10x10,9,2,sub-pd5_seg004,PD
paper_segment_10x10,9,2,sub-pd5_seg005,PD
paper_segment_10x10,9,0,sub-pd5_seg006,PD
paper_segment_10x10,9,1,sub-pd5_seg007,PD
paper_segment_10x10,9,8,sub-pd5_seg008,PD
paper_segment_10x10,9,2,sub-pd5_seg009,PD
paper_segment_10x10,9,0,sub-pd5_seg010,PD
paper_segment_10x10,9,7,sub-pd5_seg011,PD
paper_segment_10x10,9,0,sub-pd5_seg012,PD
paper_segment_10x10,9,5,sub-pd5_seg013,PD
paper_segment_10x10,9,1,sub-pd5_seg014,PD
paper_segment_10x10,9,9,sub-pd5_seg015,PD
paper_segment_10x10,9,0,sub-pd5_seg016,PD
paper_segment_10x10,9,5,sub-pd5_seg017,PD
paper_segment_10x10,9,1,sub-pd5_seg018,PD
paper_segment_10x10,9,5,sub-pd6_seg000,PD
paper_segment_10x10,9,4,sub-pd6_seg001,PD
paper_segment_10x10,9,4,sub-pd6_seg002,PD
paper_segment_10x10,9,4,sub-pd6_seg003,PD
paper_segment_10x10,9,9,sub-pd6_seg004,PD
paper_segment_10x10,9,0,sub-pd6_seg005,PD
paper_segment_10x10,9,6,sub-pd6_seg006,PD
paper_segment_10x10,9,7,sub-pd6_seg007,PD
paper_segment_10x10,9,4,sub-pd6_seg008,PD
paper_segment_10x10,9,2,sub-pd6_seg009,PD
paper_segment_10x10,9,3,sub-pd6_seg010,PD
paper_segment_10x10,9,1,sub-pd6_seg011,PD
paper_segment_10x10,9,4,sub-pd6_seg012,PD
paper_segment_10x10,9,2,sub-pd6_seg013,PD
paper_segment_10x10,9,8,sub-pd6_seg014,PD
paper_segment_10x10,9,3,sub-pd6_seg015,PD
paper_segment_10x10,9,4,sub-pd6_seg016,PD
paper_segment_10x10,9,9,sub-pd6_seg017,PD
paper_segment_10x10,9,4,sub-pd6_seg018,PD
paper_segment_10x10,9,5,sub-pd9_seg000,PD
paper_segment_10x10,9,5,sub-pd9_seg001,PD
paper_segment_10x10,9,6,sub-pd9_seg002,PD
paper_segment_10x10,9,8,sub-pd9_seg003,PD
paper_segment_10x10,9,5,sub-pd9_seg004,PD
paper_segment_10x10,9,3,sub-pd9_seg005,PD
paper_segment_10x10,9,1,sub-pd9_seg006,PD
paper_segment_10x10,9,4,sub-pd9_seg007,PD
paper_segment_10x10,9,7,sub-pd9_seg008,PD
paper_segment_10x10,9,7,sub-pd9_seg009,PD
paper_segment_10x10,9,7,sub-pd9_seg010,PD
paper_segment_10x10,9,3,sub-pd9_seg011,PD
paper_segment_10x10,9,2,sub-pd9_seg012,PD
paper_segment_10x10,9,6,sub-pd9_seg013,PD
paper_segment_10x10,9,6,sub-pd9_seg014,PD
paper_segment_10x10,9,3,sub-pd9_seg015,PD
paper_segment_10x10,9,3,sub-pd9_seg016,PD
paper_segment_10x10,9,0,sub-pd9_seg017,PD
paper_segment_10x10,9,7,sub-pd9_seg018,PD
paper_segment_10x10,9,3,sub-pd12_seg000,PD
paper_segment_10x10,9,7,sub-pd12_seg001,PD
paper_segment_10x10,9,9,sub-pd12_seg002,PD
paper_segment_10x10,9,2,sub-pd12_seg003,PD
paper_segment_10x10,9,4,sub-pd12_seg004,PD
paper_segment_10x10,9,5,sub-pd12_seg005,PD
paper_segment_10x10,9,3,sub-pd12_seg006,PD
paper_segment_10x10,9,8,sub-pd12_seg007,PD
paper_segment_10x10,9,2,sub-pd12_seg008,PD
paper_segment_10x10,9,9,sub-pd12_seg009,PD
paper_segment_10x10,9,0,sub-pd12_seg010,PD
paper_segment_10x10,9,7,sub-pd12_seg011,PD
paper_segment_10x10,9,8,sub-pd12_seg012,PD
paper_segment_10x10,9,4,sub-pd12_seg013,PD
paper_segment_10x10,9,7,sub-pd12_seg014,PD
paper_segment_10x10,9,5,sub-pd12_seg015,PD
paper_segment_10x10,9,7,sub-pd12_seg016,PD
paper_segment_10x10,9,9,sub-pd12_seg017,PD
paper_segment_10x10,9,0,sub-pd12_seg018,PD
paper_segment_10x10,9,8,sub-pd12_seg019,PD
paper_segment_10x10,9,4,sub-pd11_seg000,PD
paper_segment_10x10,9,6,sub-pd11_seg001,PD
paper_segment_10x10,9,1,sub-pd11_seg002,PD
paper_segment_10x10,9,9,sub-pd11_seg003,PD
paper_segment_10x10,9,9,sub-pd11_seg004,PD
paper_segment_10x10,9,5,sub-pd11_seg005,PD
paper_segment_10x10,9,7,sub-pd11_seg006,PD
paper_segment_10x10,9,6,sub-pd11_seg007,PD
paper_segment_10x10,9,0,sub-pd11_seg008,PD
paper_segment_10x10,9,2,sub-pd11_seg009,PD
paper_segment_10x10,9,2,sub-pd11_seg010,PD
paper_segment_10x10,9,4,sub-pd11_seg011,PD
paper_segment_10x10,9,1,sub-pd11_seg012,PD
paper_segment_10x10,9,0,sub-pd11_seg013,PD
paper_segment_10x10,9,9,sub-pd11_seg014,PD
paper_segment_10x10,9,3,sub-pd11_seg015,PD
paper_segment_10x10,9,0,sub-pd11_seg016,PD
paper_segment_10x10,9,2,sub-pd11_seg017,PD
paper_segment_10x10,9,5,sub-pd13_seg000,PD
paper_segment_10x10,9,8,sub-pd13_seg001,PD
paper_segment_10x10,9,1,sub-pd13_seg002,PD
paper_segment_10x10,9,0,sub-pd13_seg003,PD
paper_segment_10x10,9,8,sub-pd13_seg004,PD
paper_segment_10x10,9,2,sub-pd13_seg005,PD
paper_segment_10x10,9,1,sub-pd13_seg006,PD
paper_segment_10x10,9,0,sub-pd13_seg007,PD
paper_segment_10x10,9,7,sub-pd13_seg008,PD
paper_segment_10x10,9,8,sub-pd13_seg009,PD
paper_segment_10x10,9,3,sub-pd13_seg010,PD
paper_segment_10x10,9,6,sub-pd13_seg011,PD
paper_segment_10x10,9,8,sub-pd13_seg012,PD
paper_segment_10x10,9,8,sub-pd13_seg013,PD
paper_segment_10x10,9,7,sub-pd13_seg014,PD
paper_segment_10x10,9,9,sub-pd13_seg015,PD
paper_segment_10x10,9,9,sub-pd13_seg016,PD
paper_segment_10x10,9,4,sub-pd13_seg017,PD
paper_segment_10x10,9,0,sub-pd14_seg000,PD
paper_segment_10x10,9,1,sub-pd14_seg001,PD
paper_segment_10x10,9,2,sub-pd14_seg002,PD
paper_segment_10x10,9,7,sub-pd14_seg003,PD
paper_segment_10x10,9,8,sub-pd14_seg004,PD
paper_segment_10x10,9,6,sub-pd14_seg005,PD
paper_segment_10x10,9,4,sub-pd14_seg006,PD
paper_segment_10x10,9,1,sub-pd14_seg007,PD
paper_segment_10x10,9,2,sub-pd14_seg008,PD
paper_segment_10x10,9,6,sub-pd14_seg009,PD
paper_segment_10x10,9,9,sub-pd14_seg010,PD
paper_segment_10x10,9,1,sub-pd14_seg011,PD
paper_segment_10x10,9,3,sub-pd14_seg012,PD
paper_segment_10x10,9,3,sub-pd14_seg013,PD
paper_segment_10x10,9,7,sub-pd14_seg014,PD
paper_segment_10x10,9,9,sub-pd14_seg015,PD
paper_segment_10x10,9,0,sub-pd14_seg016,PD
paper_segment_10x10,9,9,sub-pd14_seg017,PD
paper_segment_10x10,9,7,sub-pd14_seg018,PD
paper_segment_10x10,9,3,sub-pd14_seg019,PD
paper_segment_10x10,9,6,sub-pd14_seg020,HC
paper_segment_10x10,9,0,sub-pd14_seg021,PD
paper_segment_10x10,9,8,sub-pd14_seg022,PD
paper_segment_10x10,9,6,sub-pd14_seg023,PD
paper_segment_10x10,9,8,sub-pd14_seg024,PD
paper_segment_10x10,9,4,sub-pd14_seg025,PD
paper_segment_10x10,9,5,sub-pd14_seg026,PD
paper_segment_10x10,9,9,sub-pd14_seg027,PD
paper_segment_10x10,9,1,sub-pd14_seg028,PD
paper_segment_10x10,9,3,sub-pd16_seg000,PD
paper_segment_10x10,9,0,sub-pd16_seg001,PD
paper_segment_10x10,9,3,sub-pd16_seg002,PD
paper_segment_10x10,9,1,sub-pd16_seg003,PD
paper_segment_10x10,9,9,sub-pd16_seg004,PD
paper_segment_10x10,9,5,sub-pd16_seg005,PD
paper_segment_10x10,9,7,sub-pd16_seg006,PD
paper_segment_10x10,9,7,sub-pd16_seg007,PD
paper_segment_10x10,9,8,sub-pd16_seg008,PD
paper_segment_10x10,9,3,sub-pd16_seg009,PD
paper_segment_10x10,9,1,sub-pd16_seg010,PD
paper_segment_10x10,9,9,sub-pd16_seg011,PD
paper_segment_10x10,9,1,sub-pd16_seg012,PD
paper_segment_10x10,9,1,sub-pd16_seg013,PD
paper_segment_10x10,9,9,sub-pd16_seg014,PD
paper_segment_10x10,9,7,sub-pd16_seg015,PD
paper_segment_10x10,9,2,sub-pd16_seg016,PD
paper_segment_10x10,9,1,sub-pd16_seg017,PD
paper_segment_10x10,9,5,sub-pd17_seg000,PD
paper_segment_10x10,9,9,sub-pd17_seg001,PD
paper_segment_10x10,9,5,sub-pd17_seg002,PD
paper_segment_10x10,9,2,sub-pd17_seg003,PD
paper_segment_10x10,9,2,sub-pd17_seg004,PD
paper_segment_10x10,9,6,sub-pd17_seg005,PD
paper_segment_10x10,9,9,sub-pd17_seg006,PD
paper_segment_10x10,9,1,sub-pd17_seg007,PD
paper_segment_10x10,9,2,sub-pd17_seg008,PD
paper_segment_10x10,9,3,sub-pd17_seg009,PD
paper_segment_10x10,9,5,sub-pd17_seg010,PD
paper_segment_10x10,9,9,sub-pd17_seg011,PD
paper_segment_10x10,9,3,sub-pd17_seg012,PD
paper_segment_10x10,9,3,sub-pd17_seg013,PD
paper_segment_10x10,9,6,sub-pd17_seg014,PD
paper_segment_10x10,9,2,sub-pd17_seg015,PD
paper_segment_10x10,9,3,sub-pd17_seg016,PD
paper_segment_10x10,9,0,sub-pd17_seg017,PD
paper_segment_10x10,9,8,sub-pd19_seg000,PD
paper_segment_10x10,9,5,sub-pd19_seg001,PD
paper_segment_10x10,9,3,sub-pd19_seg002,PD
paper_segment_10x10,9,3,sub-pd19_seg003,PD
paper_segment_10x10,9,4,sub-pd19_seg004,PD
paper_segment_10x10,9,1,sub-pd19_seg005,PD
paper_segment_10x10,9,2,sub-pd19_seg006,PD
paper_segment_10x10,9,6,sub-pd19_seg007,PD
paper_segment_10x10,9,6,sub-pd19_seg008,PD
paper_segment_10x10,9,8,sub-pd19_seg009,PD
paper_segment_10x10,9,4,sub-pd19_seg010,PD
paper_segment_10x10,9,2,sub-pd19_seg011,PD
paper_segment_10x10,9,2,sub-pd19_seg012,PD
paper_segment_10x10,9,5,sub-pd19_seg013,PD
paper_segment_10x10,9,6,sub-pd19_seg014,PD
paper_segment_10x10,9,8,sub-pd19_seg015,PD
paper_segment_10x10,9,4,sub-pd19_seg016,PD
paper_segment_10x10,9,7,sub-pd19_seg017,PD
paper_segment_10x10,9,5,sub-pd22_seg000,PD
paper_segment_10x10,9,1,sub-pd22_seg001,PD
paper_segment_10x10,9,6,sub-pd22_seg002,PD
paper_segment_10x10,9,5,sub-pd22_seg003,PD
paper_segment_10x10,9,2,sub-pd22_seg004,PD
paper_segment_10x10,9,6,sub-pd22_seg005,PD
paper_segment_10x10,9,0,sub-pd22_seg006,PD
paper_segment_10x10,9,1,sub-pd22_seg007,PD
paper_segment_10x10,9,9,sub-pd22_seg008,PD
paper_segment_10x10,9,5,sub-pd22_seg009,PD
paper_segment_10x10,9,9,sub-pd22_seg010,PD
paper_segment_10x10,9,0,sub-pd22_seg011,PD
paper_segment_10x10,9,6,sub-pd22_seg012,PD
paper_segment_10x10,9,0,sub-pd22_seg013,PD
paper_segment_10x10,9,4,sub-pd22_seg014,PD
paper_segment_10x10,9,7,sub-pd22_seg015,PD
paper_segment_10x10,9,8,sub-pd22_seg016,PD
paper_segment_10x10,9,3,sub-pd22_seg017,PD
paper_segment_10x10,9,8,sub-pd23_seg000,PD
paper_segment_10x10,9,0,sub-pd23_seg001,PD
paper_segment_10x10,9,7,sub-pd23_seg002,PD
paper_segment_10x10,9,2,sub-pd23_seg003,PD
paper_segment_10x10,9,0,sub-pd23_seg004,PD
paper_segment_10x10,9,5,sub-pd23_seg005,PD
paper_segment_10x10,9,9,sub-pd23_seg006,PD
paper_segment_10x10,9,1,sub-pd23_seg007,PD
paper_segment_10x10,9,5,sub-pd23_seg008,PD
paper_segment_10x10,9,4,sub-pd23_seg009,PD
paper_segment_10x10,9,8,sub-pd23_seg010,PD
paper_segment_10x10,9,5,sub-pd23_seg011,PD
paper_segment_10x10,9,8,sub-pd23_seg012,PD
paper_segment_10x10,9,6,sub-pd23_seg013,PD
paper_segment_10x10,9,5,sub-pd23_seg014,PD
paper_segment_10x10,9,6,sub-pd23_seg015,PD
paper_segment_10x10,9,7,sub-pd23_seg016,PD
paper_segment_10x10,9,9,sub-pd23_seg017,PD
paper_segment_10x10,9,1,sub-pd23_seg018,PD
paper_segment_10x10,9,4,sub-pd23_seg019,PD
paper_segment_10x10,9,6,sub-pd26_seg000,PD
paper_segment_10x10,9,8,sub-pd26_seg001,PD
paper_segment_10x10,9,7,sub-pd26_seg002,PD
paper_segment_10x10,9,5,sub-pd26_seg003,PD
paper_segment_10x10,9,8,sub-pd26_seg004,PD
paper_segment_10x10,9,5,sub-pd26_seg005,PD
paper_segment_10x10,9,6,sub-pd26_seg006,PD
paper_segment_10x10,9,6,sub-pd26_seg007,PD
paper_segment_10x10,9,2,sub-pd26_seg008,PD
paper_segment_10x10,9,7,sub-pd26_seg009,PD
paper_segment_10x10,9,1,sub-pd26_seg010,PD
paper_segment_10x10,9,9,sub-pd26_seg011,PD
paper_segment_10x10,9,2,sub-pd26_seg012,PD
paper_segment_10x10,9,8,sub-pd26_seg013,PD
paper_segment_10x10,9,9,sub-pd26_seg014,PD
paper_segment_10x10,9,4,sub-pd26_seg015,PD
paper_segment_10x10,9,9,sub-pd26_seg016,PD
paper_segment_10x10,9,8,sub-pd26_seg017,PD
paper_segment_10x10,9,1,sub-pd26_seg018,PD
paper_segment_10x10,9,8,sub-pd28_seg000,PD
paper_segment_10x10,9,4,sub-pd28_seg001,PD
paper_segment_10x10,9,7,sub-pd28_seg002,PD
paper_segment_10x10,9,4,sub-pd28_seg003,PD
paper_segment_10x10,9,7,sub-pd28_seg004,PD
paper_segment_10x10,9,8,sub-pd28_seg005,PD
paper_segment_10x10,9,7,sub-pd28_seg006,PD
paper_segment_10x10,9,3,sub-pd28_seg007,PD
paper_segment_10x10,9,1,sub-pd28_seg008,PD
paper_segment_10x10,9,8,sub-pd28_seg009,PD
paper_segment_10x10,9,0,sub-pd28_seg010,PD
paper_segment_10x10,9,2,sub-pd28_seg011,PD
paper_segment_10x10,9,6,sub-pd28_seg012,PD
paper_segment_10x10,9,3,sub-pd28_seg013,PD
paper_segment_10x10,9,4,sub-pd28_seg014,PD
paper_segment_10x10,9,0,sub-pd28_seg015,PD
paper_segment_10x10,9,7,sub-pd28_seg016,PD
paper_segment_10x10,9,2,sub-pd28_seg017,PD
paper_segment_10x10,9,0,sub-pd28_seg018,PD
paper_segment_10x10,9,3,sub-pd28_seg019,PD
leave_one_participant_out,0,0,sub-hc1_seg000,PD
leave_one_participant_out,0,0,sub-hc1_seg001,PD
leave_one_participant_out,0,0,sub-hc1_seg002,PD
leave_one_participant_out,0,0,sub-hc1_seg003,HC
leave_one_participant_out,0,0,sub-hc1_seg004,HC
leave_one_participant_out,0,0,sub-hc1_seg005,HC
leave_one_participant_out,0,0,sub-hc1_seg006,HC
leave_one_participant_out,0,0,sub-hc1_seg007,HC
leave_one_participant_out,0,0,sub-hc1_seg008,PD
leave_one_participant_out,0,0,sub-hc1_seg009,HC
leave_one_participant_out,0,0,sub-hc1_seg010,HC
leave_one_participant_out,0,0,sub-hc1_seg011,PD
leave_one_participant_out,0,0,sub-hc1_seg012,PD
leave_one_participant_out,0,0,sub-hc1_seg013,PD
leave_one_participant_out,0,0,sub-hc1_seg014,HC
leave_one_participant_out,0,0,sub-hc1_seg015,HC
leave_one_participant_out,0,0,sub-hc1_seg016,HC
leave_one_participant_out,0,0,sub-hc1_seg017,PD
leave_one_participant_out,0,0,sub-hc1_seg018,HC
leave_one_participant_out,0,3,sub-hc2_seg000,PD
leave_one_participant_out,0,3,sub-hc2_seg001,PD
leave_one_participant_out,0,3,sub-hc2_seg002,HC
leave_one_participant_out,0,3,sub-hc2_seg003,PD
leave_one_participant_out,0,3,sub-hc2_seg004,HC
leave_one_participant_out,0,3,sub-hc2_seg005,PD
leave_one_participant_out,0,3,sub-hc2_seg006,PD
leave_one_participant_out,0,3,sub-hc2_seg007,PD
leave_one_participant_out,0,3,sub-hc2_seg008,PD
leave_one_participant_out,0,3,sub-hc2_seg009,PD
leave_one_participant_out,0,3,sub-hc2_seg010,PD
leave_one_participant_out,0,3,sub-hc2_seg011,PD
leave_one_participant_out,0,3,sub-hc2_seg012,PD
leave_one_participant_out,0,3,sub-hc2_seg013,PD
leave_one_participant_out,0,3,sub-hc2_seg014,PD
leave_one_participant_out,0,3,sub-hc2_seg015,PD
leave_one_participant_out,0,3,sub-hc2_seg016,PD
leave_one_participant_out,0,3,sub-hc2_seg017,PD
leave_one_participant_out,0,3,sub-hc2_seg018,PD
leave_one_participant_out,0,13,sub-hc4_seg000,PD
leave_one_participant_out,0,13,sub-hc4_seg001,PD
leave_one_participant_out,0,13,sub-hc4_seg002,PD
leave_one_participant_out,0,13,sub-hc4_seg003,PD
leave_one_participant_out,0,13,sub-hc4_seg004,PD
leave_one_participant_out,0,13,sub-hc4_seg005,PD
leave_one_participant_out,0,13,sub-hc4_seg006,PD
leave_one_participant_out,0,13,sub-hc4_seg007,PD
leave_one_participant_out,0,13,sub-hc4_seg008,PD
leave_one_participant_out,0,13,sub-hc4_seg009,PD
leave_one_participant_out,0,13,sub-hc4_seg010,PD
leave_one_participant_out,0,13,sub-hc4_seg011,PD
leave_one_participant_out,0,13,sub-hc4_seg012,PD
leave_one_participant_out,0,13,sub-hc4_seg013,PD
leave_one_participant_out,0,13,sub-hc4_seg014,PD
leave_one_participant_out,0,13,sub-hc4_seg015,PD
leave_one_participant_out,0,13,sub-hc4_seg016,PD
leave_one_participant_out,0,13,sub-hc4_seg017,PD
leave_one_participant_out,0,14,sub-hc7_seg000,HC
leave_one_participant_out,0,14,sub-hc7_seg001,HC
leave_one_participant_out,0,14,sub-hc7_seg002,HC
leave_one_participant_out,0,14,sub-hc7_seg003,PD
leave_one_participant_out,0,14,sub-hc7_seg004,HC
leave_one_participant_out,0,14,sub-hc7_seg005,PD
leave_one_participant_out,0,14,sub-hc7_seg006,PD
leave_one_participant_out,0,14,sub-hc7_seg007,PD
leave_one_participant_out,0,14,sub-hc7_seg008,PD
leave_one_participant_out,0,14,sub-hc7_seg009,PD
leave_one_participant_out,0,14,sub-hc7_seg010,PD
leave_one_participant_out,0,14,sub-hc7_seg011,PD
leave_one_participant_out,0,14,sub-hc7_seg012,PD
leave_one_participant_out,0,14,sub-hc7_seg013,PD
leave_one_participant_out,0,14,sub-hc7_seg014,PD
leave_one_participant_out,0,14,sub-hc7_seg015,PD
leave_one_participant_out,0,14,sub-hc7_seg016,PD
leave_one_participant_out,0,14,sub-hc7_seg017,PD
leave_one_participant_out,0,14,sub-hc7_seg018,PD
leave_one_participant_out,0,15,sub-hc8_seg000,PD
leave_one_participant_out,0,15,sub-hc8_seg001,PD
leave_one_participant_out,0,15,sub-hc8_seg002,PD
leave_one_participant_out,0,15,sub-hc8_seg003,PD
leave_one_participant_out,0,15,sub-hc8_seg004,PD
leave_one_participant_out,0,15,sub-hc8_seg005,PD
leave_one_participant_out,0,15,sub-hc8_seg006,PD
leave_one_participant_out,0,15,sub-hc8_seg007,PD
leave_one_participant_out,0,15,sub-hc8_seg008,PD
leave_one_participant_out,0,15,sub-hc8_seg009,PD
leave_one_participant_out,0,15,sub-hc8_seg010,PD
leave_one_participant_out,0,15,sub-hc8_seg011,PD
leave_one_participant_out,0,15,sub-hc8_seg012,PD
leave_one_participant_out,0,15,sub-hc8_seg013,PD
leave_one_participant_out,0,15,sub-hc8_seg014,PD
leave_one_participant_out,0,15,sub-hc8_seg015,PD
leave_one_participant_out,0,15,sub-hc8_seg016,PD
leave_one_participant_out,0,15,sub-hc8_seg017,PD
leave_one_participant_out,0,15,sub-hc8_seg018,PD
leave_one_participant_out,0,1,sub-hc10_seg000,PD
leave_one_participant_out,0,1,sub-hc10_seg001,PD
leave_one_participant_out,0,1,sub-hc10_seg002,PD
leave_one_participant_out,0,1,sub-hc10_seg003,HC
leave_one_participant_out,0,1,sub-hc10_seg004,PD
leave_one_participant_out,0,1,sub-hc10_seg005,PD
leave_one_participant_out,0,1,sub-hc10_seg006,PD
leave_one_participant_out,0,1,sub-hc10_seg007,PD
leave_one_participant_out,0,1,sub-hc10_seg008,HC
leave_one_participant_out,0,1,sub-hc10_seg009,HC
leave_one_participant_out,0,1,sub-hc10_seg010,PD
leave_one_participant_out,0,1,sub-hc10_seg011,PD
leave_one_participant_out,0,1,sub-hc10_seg012,HC
leave_one_participant_out,0,1,sub-hc10_seg013,HC
leave_one_participant_out,0,1,sub-hc10_seg014,HC
leave_one_participant_out,0,1,sub-hc10_seg015,PD
leave_one_participant_out,0,1,sub-hc10_seg016,PD
leave_one_participant_out,0,1,sub-hc10_seg017,PD
leave_one_participant_out,0,1,sub-hc10_seg018,PD
leave_one_participant_out,0,1,sub-hc10_seg019,PD
leave_one_participant_out,0,2,sub-hc18_seg000,HC
leave_one_participant_out,0,2,sub-hc18_seg001,HC
leave_one_participant_out,0,2,sub-hc18_seg002,HC
leave_one_participant_out,0,2,sub-hc18_seg003,PD
leave_one_participant_out,0,2,sub-hc18_seg004,PD
leave_one_participant_out,0,2,sub-hc18_seg005,HC
leave_one_participant_out,0,2,sub-hc18_seg006,HC
leave_one_participant_out,0,2,sub-hc18_seg007,HC
leave_one_participant_out,0,2,sub-hc18_seg008,HC
leave_one_participant_out,0,2,sub-hc18_seg009,HC
leave_one_participant_out,0,2,sub-hc18_seg010,HC
leave_one_participant_out,0,2,sub-hc18_seg011,HC
leave_one_participant_out,0,2,sub-hc18_seg012,HC
leave_one_participant_out,0,2,sub-hc18_seg013,PD
leave_one_participant_out,0,2,sub-hc18_seg014,PD
leave_one_participant_out,0,2,sub-hc18_seg015,PD
leave_one_participant_out,0,2,sub-hc18_seg016,PD
leave_one_participant_out,0,2,sub-hc18_seg017,PD
leave_one_participant_out,0,4,sub-hc20_seg000,HC
leave_one_participant_out,0,4,sub-hc20_seg001,PD
leave_one_participant_out,0,4,sub-hc20_seg002,PD
leave_one_participant_out,0,4,sub-hc20_seg003,PD
leave_one_participant_out,0,4,sub-hc20_seg004,PD
leave_one_participant_out,0,4,sub-hc20_seg005,PD
leave_one_participant_out,0,4,sub-hc20_seg006,PD
leave_one_participant_out,0,4,sub-hc20_seg007,PD
leave_one_participant_out,0,4,sub-hc20_seg008,PD
leave_one_participant_out,0,4,sub-hc20_seg009,PD
leave_one_participant_out,0,4,sub-hc20_seg010,PD
leave_one_participant_out,0,4,sub-hc20_seg011,HC
leave_one_participant_out,0,4,sub-hc20_seg012,HC
leave_one_participant_out,0,4,sub-hc20_seg013,HC
leave_one_participant_out,0,4,sub-hc20_seg014,HC
leave_one_participant_out,0,4,sub-hc20_seg015,PD
leave_one_participant_out,0,4,sub-hc20_seg016,PD
leave_one_participant_out,0,4,sub-hc20_seg017,PD
leave_one_participant_out,0,5,sub-hc21_seg000,HC
leave_one_participant_out,0,5,sub-hc21_seg001,PD
leave_one_participant_out,0,5,sub-hc21_seg002,HC
leave_one_participant_out,0,5,sub-hc21_seg003,HC
leave_one_participant_out,0,5,sub-hc21_seg004,PD
leave_one_participant_out,0,5,sub-hc21_seg005,PD
leave_one_participant_out,0,5,sub-hc21_seg006,HC
leave_one_participant_out,0,5,sub-hc21_seg007,HC
leave_one_participant_out,0,5,sub-hc21_seg008,HC
leave_one_participant_out,0,5,sub-hc21_seg009,HC
leave_one_participant_out,0,5,sub-hc21_seg010,PD
leave_one_participant_out,0,5,sub-hc21_seg011,PD
leave_one_participant_out,0,5,sub-hc21_seg012,PD
leave_one_participant_out,0,5,sub-hc21_seg013,HC
leave_one_participant_out,0,5,sub-hc21_seg014,PD
leave_one_participant_out,0,5,sub-hc21_seg015,PD
leave_one_participant_out,0,5,sub-hc21_seg016,PD
leave_one_participant_out,0,5,sub-hc21_seg017,PD
leave_one_participant_out,0,6,sub-hc24_seg000,PD
leave_one_participant_out,0,6,sub-hc24_seg001,PD
leave_one_participant_out,0,6,sub-hc24_seg002,PD
leave_one_participant_out,0,6,sub-hc24_seg003,PD
leave_one_participant_out,0,6,sub-hc24_seg004,PD
leave_one_participant_out,0,6,sub-hc24_seg005,PD
leave_one_participant_out,0,6,sub-hc24_seg006,PD
leave_one_participant_out,0,6,sub-hc24_seg007,PD
leave_one_participant_out,0,6,sub-hc24_seg008,PD
leave_one_participant_out,0,6,sub-hc24_seg009,PD
leave_one_participant_out,0,6,sub-hc24_seg010,PD
leave_one_participant_out,0,6,sub-hc24_seg011,PD
leave_one_participant_out,0,6,sub-hc24_seg012,PD
leave_one_participant_out,0,6,sub-hc24_seg013,PD
leave_one_participant_out,0,6,sub-hc24_seg014,PD
leave_one_participant_out,0,6,sub-hc24_seg015,PD
leave_one_participant_out,0,6,sub-hc24_seg016,PD
leave_one_participant_out,0,6,sub-hc24_seg017,PD
leave_one_participant_out,0,6,sub-hc24_seg018,PD
leave_one_participant_out,0,7,sub-hc25_seg000,PD
leave_one_participant_out,0,7,sub-hc25_seg001,PD
leave_one_participant_out,0,7,sub-hc25_seg002,PD
leave_one_participant_out,0,7,sub-hc25_seg003,PD
leave_one_participant_out,0,7,sub-hc25_seg004,PD
leave_one_participant_out,0,7,sub-hc25_seg005,PD
leave_one_participant_out,0,7,sub-hc25_seg006,PD
leave_one_participant_out,0,7,sub-hc25_seg007,PD
leave_one_participant_out,0,7,sub-hc25_seg008,PD
leave_one_participant_out,0,7,sub-hc25_seg009,PD
leave_one_participant_out,0,7,sub-hc25_seg010,PD
leave_one_participant_out,0,7,sub-hc25_seg011,PD
leave_one_participant_out,0,7,sub-hc25_seg012,PD
leave_one_participant_out,0,7,sub-hc25_seg013,PD
leave_one_participant_out,0,7,sub-hc25_seg014,PD
leave_one_participant_out,0,7,sub-hc25_seg015,PD
leave_one_participant_out,0,7,sub-hc25_seg016,HC
leave_one_participant_out,0,7,sub-hc25_seg017,PD
leave_one_participant_out,0,7,sub-hc25_seg018,PD
leave_one_participant_out,0,7,sub-hc25_seg019,PD
leave_one_participant_out,0,8,sub-hc29_seg000,PD
leave_one_participant_out,0,8,sub-hc29_seg001,PD
leave_one_participant_out,0,8,sub-hc29_seg002,PD
leave_one_participant_out,0,8,sub-hc29_seg003,PD
leave_one_participant_out,0,8,sub-hc29_seg004,PD
leave_one_participant_out,0,8,sub-hc29_seg005,PD
leave_one_participant_out,0,8,sub-hc29_seg006,PD
leave_one_participant_out,0,8,sub-hc29_seg007,PD
leave_one_participant_out,0,8,sub-hc29_seg008,PD
leave_one_participant_out,0,8,sub-hc29_seg009,PD
leave_one_participant_out,0,8,sub-hc29_seg010,PD
leave_one_participant_out,0,8,sub-hc29_seg011,PD
leave_one_participant_out,0,8,sub-hc29_seg012,PD
leave_one_participant_out,0,8,sub-hc29_seg013,PD
leave_one_participant_out,0,8,sub-hc29_seg014,PD
leave_one_participant_out,0,8,sub-hc29_seg015,PD
leave_one_participant_out,0,8,sub-hc29_seg016,PD
leave_one_participant_out,0,8,sub-hc29_seg017,PD
leave_one_participant_out,0,8,sub-hc29_seg018,PD
leave_one_participant_out,0,9,sub-hc30_seg000,HC
leave_one_participant_out,0,9,sub-hc30_seg001,PD
leave_one_participant_out,0,9,sub-hc30_seg002,PD
leave_one_participant_out,0,9,sub-hc30_seg003,PD
leave_one_participant_out,0,9,sub-hc30_seg004,PD
leave_one_participant_out,0,9,sub-hc30_seg005,HC
leave_one_participant_out,0,9,sub-hc30_seg006,PD
leave_one_participant_out,0,9,sub-hc30_seg007,PD
leave_one_participant_out,0,9,sub-hc30_seg008,HC
leave_one_participant_out,0,9,sub-hc30_seg009,HC
leave_one_participant_out,0,9,sub-hc30_seg010,HC
leave_one_participant_out,0,9,sub-hc30_seg011,HC
leave_one_participant_out,0,9,sub-hc30_seg012,HC
leave_one_participant_out,0,9,sub-hc30_seg013,HC
leave_one_participant_out,0,9,sub-hc30_seg014,HC
leave_one_participant_out,0,9,sub-hc30_seg015,HC
leave_one_participant_out,0,9,sub-hc30_seg016,HC
leave_one_participant_out,0,9,sub-hc30_seg017,HC
leave_one_participant_out,0,10,sub-hc31_seg000,PD
leave_one_participant_out,0,10,sub-hc31_seg001,PD
leave_one_participant_out,0,10,sub-hc31_seg002,PD
leave_one_participant_out,0,10,sub-hc31_seg003,PD
leave_one_participant_out,0,10,sub-hc31_seg004,PD
leave_one_participant_out,0,10,sub-hc31_seg005,PD
leave_one_participant_out,0,10,sub-hc31_seg006,PD
leave_one_participant_out,0,10,sub-hc31_seg007,PD
leave_one_participant_out,0,10,sub-hc31_seg008,PD
leave_one_participant_out,0,10,sub-hc31_seg009,HC
leave_one_participant_out,0,10,sub-hc31_seg010,HC
leave_one_participant_out,0,10,sub-hc31_seg011,PD
leave_one_participant_out,0,10,sub-hc31_seg012,PD
leave_one_participant_out,0,10,sub-hc31_seg013,PD
leave_one_participant_out,0,10,sub-hc31_seg014,PD
leave_one_participant_out,0,10,sub-hc31_seg015,HC
leave_one_participant_out,0,10,sub-hc31_seg016,PD
leave_one_participant_out,0,10,sub-hc31_seg017,PD
leave_one_participant_out,0,11,sub-hc32_seg000,PD
leave_one_participant_out,0,11,sub-hc32_seg001,PD
leave_one_participant_out,0,11,sub-hc32_seg002,PD
leave_one_participant_out,0,11,sub-hc32_seg003,PD
leave_one_participant_out,0,11,sub-hc32_seg004,PD
leave_one_participant_out,0,11,sub-hc32_seg005,PD
leave_one_participant_out,0,11,sub-hc32_seg006,PD
leave_one_participant_out,0,11,sub-hc32_seg007,PD
leave_one_participant_out,0,11,sub-hc32_seg008,PD
leave_one_participant_out,0,11,sub-hc32_seg009,PD
leave_one_participant_out,0,11,sub-hc32_seg010,PD
leave_one_participant_out,0,11,sub-hc32_seg011,PD
leave_one_participant_out,0,11,sub-hc32_seg012,PD
leave_one_participant_out,0,11,sub-hc32_seg013,PD
leave_one_participant_out,0,11,sub-hc32_seg014,PD
leave_one_participant_out,0,11,sub-hc32_seg015,PD
leave_one_participant_out,0,11,sub-hc32_seg016,PD
leave_one_participant_out,0,11,sub-hc32_seg017,PD
leave_one_participant_out,0,11,sub-hc32_seg018,PD
leave_one_participant_out,0,12,sub-hc33_seg000,HC
leave_one_participant_out,0,12,sub-hc33_seg001,HC
leave_one_participant_out,0,12,sub-hc33_seg002,HC
leave_one_participant_out,0,12,sub-hc33_seg003,HC
leave_one_participant_out,0,12,sub-hc33_seg004,HC
leave_one_participant_out,0,12,sub-hc33_seg005,HC
leave_one_participant_out,0,12,sub-hc33_seg006,HC
leave_one_participant_out,0,12,sub-hc33_seg007,HC
leave_one_participant_out,0,12,sub-hc33_seg008,HC
leave_one_participant_out,0,12,sub-hc33_seg009,HC
leave_one_participant_out,0,12,sub-hc33_seg010,HC
leave_one_participant_out,0,12,sub-hc33_seg011,HC
leave_one_participant_out,0,12,sub-hc33_seg012,PD
leave_one_participant_out,0,12,sub-hc33_seg013,PD
leave_one_participant_out,0,12,sub-hc33_seg014,PD
leave_one_participant_out,0,12,sub-hc33_seg015,HC
leave_one_participant_out,0,12,sub-hc33_seg016,HC
leave_one_participant_out,0,12,sub-hc33_seg017,HC
leave_one_participant_out,0,12,sub-hc33_seg018,HC
leave_one_participant_out,0,27,sub-pd3_seg000,HC
leave_one_participant_out,0,27,sub-pd3_seg001,PD
leave_one_participant_out,0,27,sub-pd3_seg002,PD
leave_one_participant_out,0,27,sub-pd3_seg003,HC
leave_one_participant_out,0,27,sub-pd3_seg004,PD
leave_one_participant_out,0,27,sub-pd3_seg005,PD
leave_one_participant_out,0,27,sub-pd3_seg006,PD
leave_one_participant_out,0,27,sub-pd3_seg007,PD
leave_one_participant_out,0,27,sub-pd3_seg008,HC
leave_one_participant_out,0,27,sub-pd3_seg009,HC
leave_one_participant_out,0,27,sub-pd3_seg010,HC
leave_one_participant_out,0,27,sub-pd3_seg011,HC
leave_one_participant_out,0,27,sub-pd3_seg012,HC
leave_one_participant_out,0,27,sub-pd3_seg013,HC
leave_one_participant_out,0,27,sub-pd3_seg014,HC
leave_one_participant_out,0,27,sub-pd3_seg015,HC
leave_one_participant_out,0,27,sub-pd3_seg016,HC
leave_one_participant_out,0,27,sub-pd3_seg017,HC
leave_one_participant_out,0,27,sub-pd3_seg018,HC
leave_one_participant_out,0,27,sub-pd3_seg019,HC
leave_one_participant_out,0,28,sub-pd5_seg000,PD
leave_one_participant_out,0,28,sub-pd5_seg001,HC
leave_one_participant_out,0,28,sub-pd5_seg002,HC
leave_one_participant_out,0,28,sub-pd5_seg003,HC
leave_one_participant_out,0,28,sub-pd5_seg004,HC
leave_one_participant_out,0,28,sub-pd5_seg005,HC
leave_one_participant_out,0,28,sub-pd5_seg006,PD
leave_one_participant_out,0,28,sub-pd5_seg007,PD
leave_one_participant_out,0,28,sub-pd5_seg008,HC
leave_one_participant_out,0,28,sub-pd5_seg009,HC
leave_one_participant_out,0,28,sub-pd5_seg010,HC
leave_one_participant_out,0,28,sub-pd5_seg011,HC
leave_one_participant_out,0,28,sub-pd5_seg012,HC
leave_one_participant_out,0,28,sub-pd5_seg013,HC
leave_one_participant_out,0,28,sub-pd5_seg014,PD
leave_one_participant_out,0,28,sub-pd5_seg015,PD
leave_one_participant_out,0,28,sub-pd5_seg016,PD
leave_one_participant_out,0,28,sub-pd5_seg017,PD
leave_one_participant_out,0,28,sub-pd5_seg018,PD
leave_one_participant_out,0,29,sub-pd6_seg000,PD
leave_one_participant_out,0,29,sub-pd6_seg001,HC
leave_one_participant_out,0,29,sub-pd6_seg002,HC
leave_one_participant_out,0,29,sub-pd6_seg003,HC
leave_one_participant_out,0,29,sub-pd6_seg004,HC
leave_one_participant_out,0,29,sub-pd6_seg005,PD
leave_one_participant_out,0,29,sub-pd6_seg006,HC
leave_one_participant_out,0,29,sub-pd6_seg007,HC
leave_one_participant_out,0,29,sub-pd6_seg008,HC
leave_one_participant_out,0,29,sub-pd6_seg009,HC
leave_one_participant_out,0,29,sub-pd6_seg010,HC
leave_one_participant_out,0,29,sub-pd6_seg011,HC
leave_one_participant_out,0,29,sub-pd6_seg012,HC
leave_one_participant_out,0,29,sub-pd6_seg013,PD
leave_one_participant_out,0,29,sub-pd6_seg014,PD
leave_one_participant_out,0,29,sub-pd6_seg015,HC
leave_one_participant_out,0,29,sub-pd6_seg016,PD
leave_one_participant_out,0,29,sub-pd6_seg017,HC
leave_one_participant_out,0,29,sub-pd6_seg018,HC
leave_one_participant_out,0,30,sub-pd9_seg000,PD
leave_one_participant_out,0,30,sub-pd9_seg001,PD
leave_one_participant_out,0,30,sub-pd9_seg002,HC
leave_one_participant_out,0,30,sub-pd9_seg003,PD
leave_one_participant_out,0,30,sub-pd9_seg004,PD
leave_one_participant_out,0,30,sub-pd9_seg005,PD
leave_one_participant_out,0,30,sub-pd9_seg006,PD
leave_one_participant_out,0,30,sub-pd9_seg007,HC
leave_one_participant_out,0,30,sub-pd9_seg008,PD
leave_one_participant_out,0,30,sub-pd9_seg009,PD
leave_one_participant_out,0,30,sub-pd9_seg010,PD
leave_one_participant_out,0,30,sub-pd9_seg011,PD
leave_one_participant_out,0,30,sub-pd9_seg012,PD
leave_one_participant_out,0,30,sub-pd9_seg013,PD
leave_one_participant_out,0,30,sub-pd9_seg014,HC
leave_one_participant_out,0,30,sub-pd9_seg015,PD
leave_one_participant_out,0,30,sub-pd9_seg016,PD
leave_one_participant_out,0,30,sub-pd9_seg017,PD
leave_one_participant_out,0,30,sub-pd9_seg018,PD
leave_one_participant_out,0,17,sub-pd12_seg000,HC
leave_one_participant_out,0,17,sub-pd12_seg001,HC
leave_one_participant_out,0,17,sub-pd12_seg002,HC
leave_one_participant_out,0,17,sub-pd12_seg003,HC
leave_one_participant_out,0,17,sub-pd12_seg004,HC
leave_one_participant_out,0,17,sub-pd12_seg005,HC
leave_one_participant_out,0,17,sub-pd12_seg006,HC
leave_one_participant_out,0,17,sub-pd12_seg007,HC
leave_one_participant_out,0,17,sub-pd12_seg008,HC
leave_one_participant_out,0,17,sub-pd12_seg009,HC
leave_one_participant_out,0,17,sub-pd12_seg010,PD
leave_one_participant_out,0,17,sub-pd12_seg011,HC
leave_one_participant_out,0,17,sub-pd12_seg012,PD
leave_one_participant_out,0,17,sub-pd12_seg013,PD
leave_one_participant_out,0,17,sub-pd12_seg014,PD
leave_one_participant_out,0,17,sub-pd12_seg015,PD
leave_one_participant_out,0,17,sub-pd12_seg016,PD
leave_one_participant_out,0,17,sub-pd12_seg017,PD
leave_one_participant_out,0,17,sub-pd12_seg018,PD
leave_one_participant_out,0,17,sub-pd12_seg019,PD
leave_one_participant_out,0,16,sub-pd11_seg000,PD
leave_one_participant_out,0,16,sub-pd11_seg001,PD
leave_one_participant_out,0,16,sub-pd11_seg002,PD
leave_one_participant_out,0,16,sub-pd11_seg003,PD
leave_one_participant_out,0,16,sub-pd11_seg004,PD
leave_one_participant_out,0,16,sub-pd11_seg005,PD
leave_one_participant_out,0,16,sub-pd11_seg006,PD
leave_one_participant_out,0,16,sub-pd11_seg007,PD
leave_one_participant_out,0,16,sub-pd11_seg008,PD
leave_one_participant_out,0,16,sub-pd11_seg009,PD
leave_one_participant_out,0,16,sub-pd11_seg010,PD
leave_one_participant_out,0,16,sub-pd11_seg011,PD
leave_one_participant_out,0,16,sub-pd11_seg012,PD
leave_one_participant_out,0,16,sub-pd11_seg013,PD
leave_one_participant_out,0,16,sub-pd11_seg014,PD
leave_one_participant_out,0,16,sub-pd11_seg015,PD
leave_one_participant_out,0,16,sub-pd11_seg016,PD
leave_one_participant_out,0,16,sub-pd11_seg017,PD
leave_one_participant_out,0,18,sub-pd13_seg000,PD
leave_one_participant_out,0,18,sub-pd13_seg001,PD
leave_one_participant_out,0,18,sub-pd13_seg002,PD
leave_one_participant_out,0,18,sub-pd13_seg003,PD
leave_one_participant_out,0,18,sub-pd13_seg004,PD
leave_one_participant_out,0,18,sub-pd13_seg005,PD
leave_one_participant_out,0,18,sub-pd13_seg006,PD
leave_one_participant_out,0,18,sub-pd13_seg007,PD
leave_one_participant_out,0,18,sub-pd13_seg008,PD
leave_one_participant_out,0,18,sub-pd13_seg009,PD
leave_one_participant_out,0,18,sub-pd13_seg010,PD
leave_one_participant_out,0,18,sub-pd13_seg011,PD
leave_one_participant_out,0,18,sub-pd13_seg012,PD
leave_one_participant_out,0,18,sub-pd13_seg013,PD
leave_one_participant_out,0,18,sub-pd13_seg014,PD
leave_one_participant_out,0,18,sub-pd13_seg015,PD
leave_one_participant_out,0,18,sub-pd13_seg016,PD
leave_one_participant_out,0,18,sub-pd13_seg017,PD
leave_one_participant_out,0,19,sub-pd14_seg000,PD
leave_one_participant_out,0,19,sub-pd14_seg001,PD
leave_one_participant_out,0,19,sub-pd14_seg002,PD
leave_one_participant_out,0,19,sub-pd14_seg003,PD
leave_one_participant_out,0,19,sub-pd14_seg004,HC
leave_one_participant_out,0,19,sub-pd14_seg005,PD
leave_one_participant_out,0,19,sub-pd14_seg006,PD
leave_one_participant_out,0,19,sub-pd14_seg007,PD
leave_one_participant_out,0,19,sub-pd14_seg008,PD
leave_one_participant_out,0,19,sub-pd14_seg009,HC
leave_one_participant_out,0,19,sub-pd14_seg010,PD
leave_one_participant_out,0,19,sub-pd14_seg011,PD
leave_one_participant_out,0,19,sub-pd14_seg012,PD
leave_one_participant_out,0,19,sub-pd14_seg013,PD
leave_one_participant_out,0,19,sub-pd14_seg014,HC
leave_one_participant_out,0,19,sub-pd14_seg015,HC
leave_one_participant_out,0,19,sub-pd14_seg016,PD
leave_one_participant_out,0,19,sub-pd14_seg017,PD
leave_one_participant_out,0,19,sub-pd14_seg018,HC
leave_one_participant_out,0,19,sub-pd14_seg019,HC
leave_one_participant_out,0,19,sub-pd14_seg020,HC
leave_one_participant_out,0,19,sub-pd14_seg021,PD
leave_one_participant_out,0,19,sub-pd14_seg022,HC
leave_one_participant_out,0,19,sub-pd14_seg023,HC
leave_one_participant_out,0,19,sub-pd14_seg024,HC
leave_one_participant_out,0,19,sub-pd14_seg025,PD
leave_one_participant_out,0,19,sub-pd14_seg026,PD
leave_one_participant_out,0,19,sub-pd14_seg027,PD
leave_one_participant_out,0,19,sub-pd14_seg028,PD
leave_one_participant_out,0,20,sub-pd16_seg000,HC
leave_one_participant_out,0,20,sub-pd16_seg001,PD
leave_one_participant_out,0,20,sub-pd16_seg002,PD
leave_one_participant_out,0,20,sub-pd16_seg003,PD
leave_one_participant_out,0,20,sub-pd16_seg004,PD
leave_one_participant_out,0,20,sub-pd16_seg005,PD
leave_one_participant_out,0,20,sub-pd16_seg006,PD
leave_one_participant_out,0,20,sub-pd16_seg007,PD
leave_one_participant_out,0,20,sub-pd16_seg008,PD
leave_one_participant_out,0,20,sub-pd16_seg009,PD
leave_one_participant_out,0,20,sub-pd16_seg010,PD
leave_one_participant_out,0,20,sub-pd16_seg011,PD
leave_one_participant_out,0,20,sub-pd16_seg012,PD
leave_one_participant_out,0,20,sub-pd16_seg013,PD
leave_one_participant_out,0,20,sub-pd16_seg014,PD
leave_one_participant_out,0,20,sub-pd16_seg015,PD
leave_one_participant_out,0,20,sub-pd16_seg016,PD
leave_one_participant_out,0,20,sub-pd16_seg017,PD
leave_one_participant_out,0,21,sub-pd17_seg000,HC
leave_one_participant_out,0,21,sub-pd17_seg001,HC
leave_one_participant_out,0,21,sub-pd17_seg002,HC
leave_one_participant_out,0,21,sub-pd17_seg003,HC
leave_one_participant_out,0,21,sub-pd17_seg004,HC
leave_one_participant_out,0,21,sub-pd17_seg005,HC
leave_one_participant_out,0,21,sub-pd17_seg006,HC
leave_one_participant_out,0,21,sub-pd17_seg007,HC
leave_one_participant_out,0,21,sub-pd17_seg008,HC
leave_one_participant_out,0,21,sub-pd17_seg009,HC
leave_one_participant_out,0,21,sub-pd17_seg010,HC
leave_one_participant_out,0,21,sub-pd17_seg011,HC
leave_one_participant_out,0,21,sub-pd17_seg012,HC
leave_one_participant_out,0,21,sub-pd17_seg013,HC
leave_one_participant_out,0,21,sub-pd17_seg014,HC
leave_one_participant_out,0,21,sub-pd17_seg015,HC
leave_one_participant_out,0,21,sub-pd17_seg016,PD
leave_one_participant_out,0,21,sub-pd17_seg017,PD
leave_one_participant_out,0,22,sub-pd19_seg000,HC
leave_one_participant_out,0,22,sub-pd19_seg001,HC
leave_one_participant_out,0,22,sub-pd19_seg002,PD
leave_one_participant_out,0,22,sub-pd19_seg003,PD
leave_one_participant_out,0,22,sub-pd19_seg004,PD
leave_one_participant_out,0,22,sub-pd19_seg005,PD
leave_one_participant_out,0,22,sub-pd19_seg006,PD
leave_one_participant_out,0,22,sub-pd19_seg007,PD
leave_one_participant_out,0,22,sub-pd19_seg008,PD
leave_one_participant_out,0,22,sub-pd19_seg009,PD
leave_one_participant_out,0,22,sub-pd19_seg010,PD
leave_one_participant_out,0,22,sub-pd19_seg011,PD
leave_one_participant_out,0,22,sub-pd19_seg012,HC
leave_one_participant_out,0,22,sub-pd19_seg013,PD
leave_one_participant_out,0,22,sub-pd19_seg014,HC
leave_one_participant_out,0,22,sub-pd19_seg015,PD
leave_one_participant_out,0,22,sub-pd19_seg016,PD
leave_one_participant_out,0,22,sub-pd19_seg017,PD
leave_one_participant_out,0,23,sub-pd22_seg000,PD
leave_one_participant_out,0,23,sub-pd22_seg001,PD
leave_one_participant_out,0,23,sub-pd22_seg002,PD
leave_one_participant_out,0,23,sub-pd22_seg003,PD
leave_one_participant_out,0,23,sub-pd22_seg004,PD
leave_one_participant_out,0,23,sub-pd22_seg005,PD
leave_one_participant_out,0,23,sub-pd22_seg006,PD
leave_one_participant_out,0,23,sub-pd22_seg007,PD
leave_one_participant_out,0,23,sub-pd22_seg008,PD
leave_one_participant_out,0,23,sub-pd22_seg009,PD
leave_one_participant_out,0,23,sub-pd22_seg010,PD
leave_one_participant_out,0,23,sub-pd22_seg011,PD
leave_one_participant_out,0,23,sub-pd22_seg012,PD
leave_one_participant_out,0,23,sub-pd22_seg013,PD
leave_one_participant_out,0,23,sub-pd22_seg014,PD
leave_one_participant_out,0,23,sub-pd22_seg015,PD
leave_one_participant_out,0,23,sub-pd22_seg016,HC
leave_one_participant_out,0,23,sub-pd22_seg017,HC
leave_one_participant_out,0,24,sub-pd23_seg000,PD
leave_one_participant_out,0,24,sub-pd23_seg001,PD
leave_one_participant_out,0,24,sub-pd23_seg002,PD
leave_one_participant_out,0,24,sub-pd23_seg003,PD
leave_one_participant_out,0,24,sub-pd23_seg004,PD
leave_one_participant_out,0,24,sub-pd23_seg005,PD
leave_one_participant_out,0,24,sub-pd23_seg006,PD
leave_one_participant_out,0,24,sub-pd23_seg007,PD
leave_one_participant_out,0,24,sub-pd23_seg008,PD
leave_one_participant_out,0,24,sub-pd23_seg009,PD
leave_one_participant_out,0,24,sub-pd23_seg010,PD
leave_one_participant_out,0,24,sub-pd23_seg011,PD
leave_one_participant_out,0,24,sub-pd23_seg012,PD
leave_one_participant_out,0,24,sub-pd23_seg013,PD
leave_one_participant_out,0,24,sub-pd23_seg014,PD
leave_one_participant_out,0,24,sub-pd23_seg015,PD
leave_one_participant_out,0,24,sub-pd23_seg016,PD
leave_one_participant_out,0,24,sub-pd23_seg017,PD
leave_one_participant_out,0,24,sub-pd23_seg018,PD
leave_one_participant_out,0,24,sub-pd23_seg019,HC
leave_one_participant_out,0,25,sub-pd26_seg000,PD
leave_one_participant_out,0,25,sub-pd26_seg001,PD
leave_one_participant_out,0,25,sub-pd26_seg002,PD
leave_one_participant_out,0,25,sub-pd26_seg003,PD
leave_one_participant_out,0,25,sub-pd26_seg004,PD
leave_one_participant_out,0,25,sub-pd26_seg005,PD
leave_one_participant_out,0,25,sub-pd26_seg006,PD
leave_one_participant_out,0,25,sub-pd26_seg007,PD
leave_one_participant_out,0,25,sub-pd26_seg008,PD
leave_one_participant_out,0,25,sub-pd26_seg009,PD
leave_one_participant_out,0,25,sub-pd26_seg010,PD
leave_one_participant_out,0,25,sub-pd26_seg011,PD
leave_one_participant_out,0,25,sub-pd26_seg012,PD
leave_one_participant_out,0,25,sub-pd26_seg013,PD
leave_one_participant_out,0,25,sub-pd26_seg014,PD
leave_one_participant_out,0,25,sub-pd26_seg015,PD
leave_one_participant_out,0,25,sub-pd26_seg016,PD
leave_one_participant_out,0,25,sub-pd26_seg017,PD
leave_one_participant_out,0,25,sub-pd26_seg018,PD
leave_one_participant_out,0,26,sub-pd28_seg000,HC
leave_one_participant_out,0,26,sub-pd28_seg001,HC
leave_one_participant_out,0,26,sub-pd28_seg002,HC
leave_one_participant_out,0,26,sub-pd28_seg003,HC
leave_one_participant_out,0,26,sub-pd28_seg004,HC
leave_one_participant_out,0,26,sub-pd28_seg005,PD
leave_one_participant_out,0,26,sub-pd28_seg006,HC
leave_one_participant_out,0,26,sub-pd28_seg007,HC
leave_one_participant_out,0,26,sub-pd28_seg008,HC
leave_one_participant_out,0,26,sub-pd28_seg009,HC
leave_one_participant_out,0,26,sub-pd28_seg010,HC
leave_one_participant_out,0,26,sub-pd28_seg011,PD
leave_one_participant_out,0,26,sub-pd28_seg012,HC
leave_one_participant_out,0,26,sub-pd28_seg013,PD
leave_one_participant_out,0,26,sub-pd28_seg014,HC
leave_one_participant_out,0,26,sub-pd28_seg015,HC
leave_one_participant_out,0,26,sub-pd28_seg016,HC
leave_one_participant_out,0,26,sub-pd28_seg017,HC
leave_one_participant_out,0,26,sub-pd28_seg018,HC
leave_one_participant_out,0,26,sub-pd28_seg019,PD
participant_grouped_10x10,0,3,sub-hc1_seg000,PD
participant_grouped_10x10,0,3,sub-hc1_seg001,PD
participant_grouped_10x10,0,3,sub-hc1_seg002,PD
participant_grouped_10x10,0,3,sub-hc1_seg003,HC
participant_grouped_10x10,0,3,sub-hc1_seg004,HC
participant_grouped_10x10,0,3,sub-hc1_seg005,HC
participant_grouped_10x10,0,3,sub-hc1_seg006,HC
participant_grouped_10x10,0,3,sub-hc1_seg007,HC
participant_grouped_10x10,0,3,sub-hc1_seg008,PD
participant_grouped_10x10,0,3,sub-hc1_seg009,HC
participant_grouped_10x10,0,3,sub-hc1_seg010,HC
participant_grouped_10x10,0,3,sub-hc1_seg011,PD
participant_grouped_10x10,0,3,sub-hc1_seg012,PD
participant_grouped_10x10,0,3,sub-hc1_seg013,PD
participant_grouped_10x10,0,3,sub-hc1_seg014,HC
participant_grouped_10x10,0,3,sub-hc1_seg015,HC
participant_grouped_10x10,0,3,sub-hc1_seg016,HC
participant_grouped_10x10,0,3,sub-hc1_seg017,PD
participant_grouped_10x10,0,3,sub-hc1_seg018,HC
participant_grouped_10x10,0,2,sub-hc2_seg000,PD
participant_grouped_10x10,0,2,sub-hc2_seg001,PD
participant_grouped_10x10,0,2,sub-hc2_seg002,PD
participant_grouped_10x10,0,2,sub-hc2_seg003,PD
participant_grouped_10x10,0,2,sub-hc2_seg004,PD
participant_grouped_10x10,0,2,sub-hc2_seg005,PD
participant_grouped_10x10,0,2,sub-hc2_seg006,PD
participant_grouped_10x10,0,2,sub-hc2_seg007,PD
participant_grouped_10x10,0,2,sub-hc2_seg008,PD
participant_grouped_10x10,0,2,sub-hc2_seg009,PD
participant_grouped_10x10,0,2,sub-hc2_seg010,PD
participant_grouped_10x10,0,2,sub-hc2_seg011,PD
participant_grouped_10x10,0,2,sub-hc2_seg012,PD
participant_grouped_10x10,0,2,sub-hc2_seg013,PD
participant_grouped_10x10,0,2,sub-hc2_seg014,PD
participant_grouped_10x10,0,2,sub-hc2_seg015,PD
participant_grouped_10x10,0,2,sub-hc2_seg016,PD
participant_grouped_10x10,0,2,sub-hc2_seg017,PD
participant_grouped_10x10,0,2,sub-hc2_seg018,PD
participant_grouped_10x10,0,8,sub-hc4_seg000,PD
participant_grouped_10x10,0,8,sub-hc4_seg001,PD
participant_grouped_10x10,0,8,sub-hc4_seg002,PD
participant_grouped_10x10,0,8,sub-hc4_seg003,PD
participant_grouped_10x10,0,8,sub-hc4_seg004,PD
participant_grouped_10x10,0,8,sub-hc4_seg005,PD
participant_grouped_10x10,0,8,sub-hc4_seg006,PD
participant_grouped_10x10,0,8,sub-hc4_seg007,PD
participant_grouped_10x10,0,8,sub-hc4_seg008,PD
participant_grouped_10x10,0,8,sub-hc4_seg009,PD
participant_grouped_10x10,0,8,sub-hc4_seg010,PD
participant_grouped_10x10,0,8,sub-hc4_seg011,PD
participant_grouped_10x10,0,8,sub-hc4_seg012,PD
participant_grouped_10x10,0,8,sub-hc4_seg013,PD
participant_grouped_10x10,0,8,sub-hc4_seg014,PD
participant_grouped_10x10,0,8,sub-hc4_seg015,PD
participant_grouped_10x10,0,8,sub-hc4_seg016,PD
participant_grouped_10x10,0,8,sub-hc4_seg017,PD
participant_grouped_10x10,0,8,sub-hc7_seg000,HC
participant_grouped_10x10,0,8,sub-hc7_seg001,HC
participant_grouped_10x10,0,8,sub-hc7_seg002,HC
participant_grouped_10x10,0,8,sub-hc7_seg003,PD
participant_grouped_10x10,0,8,sub-hc7_seg004,HC
participant_grouped_10x10,0,8,sub-hc7_seg005,PD
participant_grouped_10x10,0,8,sub-hc7_seg006,PD
participant_grouped_10x10,0,8,sub-hc7_seg007,PD
participant_grouped_10x10,0,8,sub-hc7_seg008,PD
participant_grouped_10x10,0,8,sub-hc7_seg009,PD
participant_grouped_10x10,0,8,sub-hc7_seg010,PD
participant_grouped_10x10,0,8,sub-hc7_seg011,PD
participant_grouped_10x10,0,8,sub-hc7_seg012,PD
participant_grouped_10x10,0,8,sub-hc7_seg013,PD
participant_grouped_10x10,0,8,sub-hc7_seg014,PD
participant_grouped_10x10,0,8,sub-hc7_seg015,PD
participant_grouped_10x10,0,8,sub-hc7_seg016,PD
participant_grouped_10x10,0,8,sub-hc7_seg017,PD
participant_grouped_10x10,0,8,sub-hc7_seg018,PD
participant_grouped_10x10,0,6,sub-hc8_seg000,PD
participant_grouped_10x10,0,6,sub-hc8_seg001,PD
participant_grouped_10x10,0,6,sub-hc8_seg002,PD
participant_grouped_10x10,0,6,sub-hc8_seg003,PD
participant_grouped_10x10,0,6,sub-hc8_seg004,PD
participant_grouped_10x10,0,6,sub-hc8_seg005,PD
participant_grouped_10x10,0,6,sub-hc8_seg006,PD
participant_grouped_10x10,0,6,sub-hc8_seg007,PD
participant_grouped_10x10,0,6,sub-hc8_seg008,PD
participant_grouped_10x10,0,6,sub-hc8_seg009,PD
participant_grouped_10x10,0,6,sub-hc8_seg010,PD
participant_grouped_10x10,0,6,sub-hc8_seg011,PD
participant_grouped_10x10,0,6,sub-hc8_seg012,PD
participant_grouped_10x10,0,6,sub-hc8_seg013,PD
participant_grouped_10x10,0,6,sub-hc8_seg014,PD
participant_grouped_10x10,0,6,sub-hc8_seg015,PD
participant_grouped_10x10,0,6,sub-hc8_seg016,PD
participant_grouped_10x10,0,6,sub-hc8_seg017,PD
participant_grouped_10x10,0,6,sub-hc8_seg018,PD
participant_grouped_10x10,0,4,sub-hc10_seg000,PD
participant_grouped_10x10,0,4,sub-hc10_seg001,PD
participant_grouped_10x10,0,4,sub-hc10_seg002,PD
participant_grouped_10x10,0,4,sub-hc10_seg003,HC
participant_grouped_10x10,0,4,sub-hc10_seg004,PD
participant_grouped_10x10,0,4,sub-hc10_seg005,PD
participant_grouped_10x10,0,4,sub-hc10_seg006,PD
participant_grouped_10x10,0,4,sub-hc10_seg007,PD
participant_grouped_10x10,0,4,sub-hc10_seg008,HC
participant_grouped_10x10,0,4,sub-hc10_seg009,HC
participant_grouped_10x10,0,4,sub-hc10_seg010,PD
participant_grouped_10x10,0,4,sub-hc10_seg011,PD
participant_grouped_10x10,0,4,sub-hc10_seg012,HC
participant_grouped_10x10,0,4,sub-hc10_seg013,HC
participant_grouped_10x10,0,4,sub-hc10_seg014,HC
participant_grouped_10x10,0,4,sub-hc10_seg015,PD
participant_grouped_10x10,0,4,sub-hc10_seg016,PD
participant_grouped_10x10,0,4,sub-hc10_seg017,PD
participant_grouped_10x10,0,4,sub-hc10_seg018,PD
participant_grouped_10x10,0,4,sub-hc10_seg019,PD
participant_grouped_10x10,0,7,sub-hc18_seg000,HC
participant_grouped_10x10,0,7,sub-hc18_seg001,HC
participant_grouped_10x10,0,7,sub-hc18_seg002,HC
participant_grouped_10x10,0,7,sub-hc18_seg003,PD
participant_grouped_10x10,0,7,sub-hc18_seg004,PD
participant_grouped_10x10,0,7,sub-hc18_seg005,HC
participant_grouped_10x10,0,7,sub-hc18_seg006,HC
participant_grouped_10x10,0,7,sub-hc18_seg007,HC
participant_grouped_10x10,0,7,sub-hc18_seg008,HC
participant_grouped_10x10,0,7,sub-hc18_seg009,HC
participant_grouped_10x10,0,7,sub-hc18_seg010,HC
participant_grouped_10x10,0,7,sub-hc18_seg011,HC
participant_grouped_10x10,0,7,sub-hc18_seg012,HC
participant_grouped_10x10,0,7,sub-hc18_seg013,PD
participant_grouped_10x10,0,7,sub-hc18_seg014,PD
participant_grouped_10x10,0,7,sub-hc18_seg015,PD
participant_grouped_10x10,0,7,sub-hc18_seg016,PD
participant_grouped_10x10,0,7,sub-hc18_seg017,PD
participant_grouped_10x10,0,2,sub-hc20_seg000,HC
participant_grouped_10x10,0,2,sub-hc20_seg001,PD
participant_grouped_10x10,0,2,sub-hc20_seg002,PD
participant_grouped_10x10,0,2,sub-hc20_seg003,PD
participant_grouped_10x10,0,2,sub-hc20_seg004,PD
participant_grouped_10x10,0,2,sub-hc20_seg005,PD
participant_grouped_10x10,0,2,sub-hc20_seg006,PD
participant_grouped_10x10,0,2,sub-hc20_seg007,PD
participant_grouped_10x10,0,2,sub-hc20_seg008,PD
participant_grouped_10x10,0,2,sub-hc20_seg009,PD
participant_grouped_10x10,0,2,sub-hc20_seg010,PD
participant_grouped_10x10,0,2,sub-hc20_seg011,HC
participant_grouped_10x10,0,2,sub-hc20_seg012,HC
participant_grouped_10x10,0,2,sub-hc20_seg013,HC
participant_grouped_10x10,0,2,sub-hc20_seg014,HC
participant_grouped_10x10,0,2,sub-hc20_seg015,PD
participant_grouped_10x10,0,2,sub-hc20_seg016,PD
participant_grouped_10x10,0,2,sub-hc20_seg017,PD
participant_grouped_10x10,0,1,sub-hc21_seg000,HC
participant_grouped_10x10,0,1,sub-hc21_seg001,PD
participant_grouped_10x10,0,1,sub-hc21_seg002,HC
participant_grouped_10x10,0,1,sub-hc21_seg003,HC
participant_grouped_10x10,0,1,sub-hc21_seg004,PD
participant_grouped_10x10,0,1,sub-hc21_seg005,PD
participant_grouped_10x10,0,1,sub-hc21_seg006,HC
participant_grouped_10x10,0,1,sub-hc21_seg007,HC
participant_grouped_10x10,0,1,sub-hc21_seg008,HC
participant_grouped_10x10,0,1,sub-hc21_seg009,HC
participant_grouped_10x10,0,1,sub-hc21_seg010,PD
participant_grouped_10x10,0,1,sub-hc21_seg011,PD
participant_grouped_10x10,0,1,sub-hc21_seg012,PD
participant_grouped_10x10,0,1,sub-hc21_seg013,HC
participant_grouped_10x10,0,1,sub-hc21_seg014,PD
participant_grouped_10x10,0,1,sub-hc21_seg015,PD
participant_grouped_10x10,0,1,sub-hc21_seg016,PD
participant_grouped_10x10,0,1,sub-hc21_seg017,PD
participant_grouped_10x10,0,1,sub-hc24_seg000,PD
participant_grouped_10x10,0,1,sub-hc24_seg001,PD
participant_grouped_10x10,0,1,sub-hc24_seg002,PD
participant_grouped_10x10,0,1,sub-hc24_seg003,PD
participant_grouped_10x10,0,1,sub-hc24_seg004,PD
participant_grouped_10x10,0,1,sub-hc24_seg005,PD
participant_grouped_10x10,0,1,sub-hc24_seg006,PD
participant_grouped_10x10,0,1,sub-hc24_seg007,PD
participant_grouped_10x10,0,1,sub-hc24_seg008,PD
participant_grouped_10x10,0,1,sub-hc24_seg009,PD
participant_grouped_10x10,0,1,sub-hc24_seg010,PD
participant_grouped_10x10,0,1,sub-hc24_seg011,PD
participant_grouped_10x10,0,1,sub-hc24_seg012,PD
participant_grouped_10x10,0,1,sub-hc24_seg013,PD
participant_grouped_10x10,0,1,sub-hc24_seg014,PD
participant_grouped_10x10,0,1,sub-hc24_seg015,PD
participant_grouped_10x10,0,1,sub-hc24_seg016,PD
participant_grouped_10x10,0,1,sub-hc24_seg017,PD
participant_grouped_10x10,0,1,sub-hc24_seg018,PD
participant_grouped_10x10,0,5,sub-hc25_seg000,PD
participant_grouped_10x10,0,5,sub-hc25_seg001,PD
participant_grouped_10x10,0,5,sub-hc25_seg002,PD
participant_grouped_10x10,0,5,sub-hc25_seg003,PD
participant_grouped_10x10,0,5,sub-hc25_seg004,PD
participant_grouped_10x10,0,5,sub-hc25_seg005,PD
participant_grouped_10x10,0,5,sub-hc25_seg006,PD
participant_grouped_10x10,0,5,sub-hc25_seg007,PD
participant_grouped_10x10,0,5,sub-hc25_seg008,PD
participant_grouped_10x10,0,5,sub-hc25_seg009,PD
participant_grouped_10x10,0,5,sub-hc25_seg010,PD
participant_grouped_10x10,0,5,sub-hc25_seg011,PD
participant_grouped_10x10,0,5,sub-hc25_seg012,PD
participant_grouped_10x10,0,5,sub-hc25_seg013,PD
participant_grouped_10x10,0,5,sub-hc25_seg014,PD
participant_grouped_10x10,0,5,sub-hc25_seg015,PD
participant_grouped_10x10,0,5,sub-hc25_seg016,HC
participant_grouped_10x10,0,5,sub-hc25_seg017,PD
participant_grouped_10x10,0,5,sub-hc25_seg018,PD
participant_grouped_10x10,0,5,sub-hc25_seg019,PD
participant_grouped_10x10,0,7,sub-hc29_seg000,PD
participant_grouped_10x10,0,7,sub-hc29_seg001,PD
participant_grouped_10x10,0,7,sub-hc29_seg002,PD
participant_grouped_10x10,0,7,sub-hc29_seg003,PD
participant_grouped_10x10,0,7,sub-hc29_seg004,PD
participant_grouped_10x10,0,7,sub-hc29_seg005,PD
participant_grouped_10x10,0,7,sub-hc29_seg006,PD
participant_grouped_10x10,0,7,sub-hc29_seg007,PD
participant_grouped_10x10,0,7,sub-hc29_seg008,PD
participant_grouped_10x10,0,7,sub-hc29_seg009,PD
participant_grouped_10x10,0,7,sub-hc29_seg010,PD
participant_grouped_10x10,0,7,sub-hc29_seg011,PD
participant_grouped_10x10,0,7,sub-hc29_seg012,PD
participant_grouped_10x10,0,7,sub-hc29_seg013,PD
participant_grouped_10x10,0,7,sub-hc29_seg014,PD
participant_grouped_10x10,0,7,sub-hc29_seg015,PD
participant_grouped_10x10,0,7,sub-hc29_seg016,PD
participant_grouped_10x10,0,7,sub-hc29_seg017,PD
participant_grouped_10x10,0,7,sub-hc29_seg018,PD
participant_grouped_10x10,0,3,sub-hc30_seg000,HC
participant_grouped_10x10,0,3,sub-hc30_seg001,PD
participant_grouped_10x10,0,3,sub-hc30_seg002,PD
participant_grouped_10x10,0,3,sub-hc30_seg003,PD
participant_grouped_10x10,0,3,sub-hc30_seg004,PD
participant_grouped_10x10,0,3,sub-hc30_seg005,HC
participant_grouped_10x10,0,3,sub-hc30_seg006,PD
participant_grouped_10x10,0,3,sub-hc30_seg007,PD
participant_grouped_10x10,0,3,sub-hc30_seg008,HC
participant_grouped_10x10,0,3,sub-hc30_seg009,HC
participant_grouped_10x10,0,3,sub-hc30_seg010,HC
participant_grouped_10x10,0,3,sub-hc30_seg011,HC
participant_grouped_10x10,0,3,sub-hc30_seg012,HC
participant_grouped_10x10,0,3,sub-hc30_seg013,HC
participant_grouped_10x10,0,3,sub-hc30_seg014,HC
participant_grouped_10x10,0,3,sub-hc30_seg015,HC
participant_grouped_10x10,0,3,sub-hc30_seg016,HC
participant_grouped_10x10,0,3,sub-hc30_seg017,HC
participant_grouped_10x10,0,9,sub-hc31_seg000,PD
participant_grouped_10x10,0,9,sub-hc31_seg001,PD
participant_grouped_10x10,0,9,sub-hc31_seg002,PD
participant_grouped_10x10,0,9,sub-hc31_seg003,PD
participant_grouped_10x10,0,9,sub-hc31_seg004,PD
participant_grouped_10x10,0,9,sub-hc31_seg005,PD
participant_grouped_10x10,0,9,sub-hc31_seg006,PD
participant_grouped_10x10,0,9,sub-hc31_seg007,PD
participant_grouped_10x10,0,9,sub-hc31_seg008,PD
participant_grouped_10x10,0,9,sub-hc31_seg009,HC
participant_grouped_10x10,0,9,sub-hc31_seg010,HC
participant_grouped_10x10,0,9,sub-hc31_seg011,PD
participant_grouped_10x10,0,9,sub-hc31_seg012,PD
participant_grouped_10x10,0,9,sub-hc31_seg013,PD
participant_grouped_10x10,0,9,sub-hc31_seg014,PD
participant_grouped_10x10,0,9,sub-hc31_seg015,HC
participant_grouped_10x10,0,9,sub-hc31_seg016,PD
participant_grouped_10x10,0,9,sub-hc31_seg017,PD
participant_grouped_10x10,0,9,sub-hc32_seg000,PD
participant_grouped_10x10,0,9,sub-hc32_seg001,PD
participant_grouped_10x10,0,9,sub-hc32_seg002,PD
participant_grouped_10x10,0,9,sub-hc32_seg003,PD
participant_grouped_10x10,0,9,sub-hc32_seg004,PD
participant_grouped_10x10,0,9,sub-hc32_seg005,PD
participant_grouped_10x10,0,9,sub-hc32_seg006,PD
participant_grouped_10x10,0,9,sub-hc32_seg007,PD
participant_grouped_10x10,0,9,sub-hc32_seg008,PD
participant_grouped_10x10,0,9,sub-hc32_seg009,PD
participant_grouped_10x10,0,9,sub-hc32_seg010,PD
participant_grouped_10x10,0,9,sub-hc32_seg011,PD
participant_grouped_10x10,0,9,sub-hc32_seg012,PD
participant_grouped_10x10,0,9,sub-hc32_seg013,PD
participant_grouped_10x10,0,9,sub-hc32_seg014,PD
participant_grouped_10x10,0,9,sub-hc32_seg015,PD
participant_grouped_10x10,0,9,sub-hc32_seg016,PD
participant_grouped_10x10,0,9,sub-hc32_seg017,PD
participant_grouped_10x10,0,9,sub-hc32_seg018,PD
participant_grouped_10x10,0,0,sub-hc33_seg000,HC
participant_grouped_10x10,0,0,sub-hc33_seg001,HC
participant_grouped_10x10,0,0,sub-hc33_seg002,HC
participant_grouped_10x10,0,0,sub-hc33_seg003,HC
participant_grouped_10x10,0,0,sub-hc33_seg004,HC
participant_grouped_10x10,0,0,sub-hc33_seg005,HC
participant_grouped_10x10,0,0,sub-hc33_seg006,HC
participant_grouped_10x10,0,0,sub-hc33_seg007,HC
participant_grouped_10x10,0,0,sub-hc33_seg008,HC
participant_grouped_10x10,0,0,sub-hc33_seg009,HC
participant_grouped_10x10,0,0,sub-hc33_seg010,HC
participant_grouped_10x10,0,0,sub-hc33_seg011,HC
participant_grouped_10x10,0,0,sub-hc33_seg012,PD
participant_grouped_10x10,0,0,sub-hc33_seg013,PD
participant_grouped_10x10,0,0,sub-hc33_seg014,PD
participant_grouped_10x10,0,0,sub-hc33_seg015,HC
participant_grouped_10x10,0,0,sub-hc33_seg016,HC
participant_grouped_10x10,0,0,sub-hc33_seg017,HC
participant_grouped_10x10,0,0,sub-hc33_seg018,HC
participant_grouped_10x10,0,1,sub-pd3_seg000,HC
participant_grouped_10x10,0,1,sub-pd3_seg001,PD
participant_grouped_10x10,0,1,sub-pd3_seg002,PD
participant_grouped_10x10,0,1,sub-pd3_seg003,HC
participant_grouped_10x10,0,1,sub-pd3_seg004,PD
participant_grouped_10x10,0,1,sub-pd3_seg005,PD
participant_grouped_10x10,0,1,sub-pd3_seg006,PD
participant_grouped_10x10,0,1,sub-pd3_seg007,PD
participant_grouped_10x10,0,1,sub-pd3_seg008,HC
participant_grouped_10x10,0,1,sub-pd3_seg009,HC
participant_grouped_10x10,0,1,sub-pd3_seg010,HC
participant_grouped_10x10,0,1,sub-pd3_seg011,HC
participant_grouped_10x10,0,1,sub-pd3_seg012,HC
participant_grouped_10x10,0,1,sub-pd3_seg013,HC
participant_grouped_10x10,0,1,sub-pd3_seg014,HC
participant_grouped_10x10,0,1,sub-pd3_seg015,HC
participant_grouped_10x10,0,1,sub-pd3_seg016,HC
participant_grouped_10x10,0,1,sub-pd3_seg017,HC
participant_grouped_10x10,0,1,sub-pd3_seg018,HC
participant_grouped_10x10,0,1,sub-pd3_seg019,HC
participant_grouped_10x10,0,4,sub-pd5_seg000,PD
participant_grouped_10x10,0,4,sub-pd5_seg001,HC
participant_grouped_10x10,0,4,sub-pd5_seg002,HC
participant_grouped_10x10,0,4,sub-pd5_seg003,HC
participant_grouped_10x10,0,4,sub-pd5_seg004,HC
participant_grouped_10x10,0,4,sub-pd5_seg005,HC
participant_grouped_10x10,0,4,sub-pd5_seg006,PD
participant_grouped_10x10,0,4,sub-pd5_seg007,PD
participant_grouped_10x10,0,4,sub-pd5_seg008,HC
participant_grouped_10x10,0,4,sub-pd5_seg009,HC
participant_grouped_10x10,0,4,sub-pd5_seg010,HC
participant_grouped_10x10,0,4,sub-pd5_seg011,HC
participant_grouped_10x10,0,4,sub-pd5_seg012,HC
participant_grouped_10x10,0,4,sub-pd5_seg013,HC
participant_grouped_10x10,0,4,sub-pd5_seg014,PD
participant_grouped_10x10,0,4,sub-pd5_seg015,PD
participant_grouped_10x10,0,4,sub-pd5_seg016,PD
participant_grouped_10x10,0,4,sub-pd5_seg017,PD
participant_grouped_10x10,0,4,sub-pd5_seg018,PD
participant_grouped_10x10,0,7,sub-pd6_seg000,PD
participant_grouped_10x10,0,7,sub-pd6_seg001,HC
participant_grouped_10x10,0,7,sub-pd6_seg002,HC
participant_grouped_10x10,0,7,sub-pd6_seg003,HC
participant_grouped_10x10,0,7,sub-pd6_seg004,HC
participant_grouped_10x10,0,7,sub-pd6_seg005,PD
participant_grouped_10x10,0,7,sub-pd6_seg006,HC
participant_grouped_10x10,0,7,sub-pd6_seg007,HC
participant_grouped_10x10,0,7,sub-pd6_seg008,HC
participant_grouped_10x10,0,7,sub-pd6_seg009,HC
participant_grouped_10x10,0,7,sub-pd6_seg010,HC
participant_grouped_10x10,0,7,sub-pd6_seg011,HC
participant_grouped_10x10,0,7,sub-pd6_seg012,HC
participant_grouped_10x10,0,7,sub-pd6_seg013,PD
participant_grouped_10x10,0,7,sub-pd6_seg014,PD
participant_grouped_10x10,0,7,sub-pd6_seg015,HC
participant_grouped_10x10,0,7,sub-pd6_seg016,PD
participant_grouped_10x10,0,7,sub-pd6_seg017,HC
participant_grouped_10x10,0,7,sub-pd6_seg018,HC
participant_grouped_10x10,0,9,sub-pd9_seg000,PD
participant_grouped_10x10,0,9,sub-pd9_seg001,PD
participant_grouped_10x10,0,9,sub-pd9_seg002,HC
participant_grouped_10x10,0,9,sub-pd9_seg003,PD
participant_grouped_10x10,0,9,sub-pd9_seg004,PD
participant_grouped_10x10,0,9,sub-pd9_seg005,PD
participant_grouped_10x10,0,9,sub-pd9_seg006,PD
participant_grouped_10x10,0,9,sub-pd9_seg007,HC
participant_grouped_10x10,0,9,sub-pd9_seg008,PD
participant_grouped_10x10,0,9,sub-pd9_seg009,PD
participant_grouped_10x10,0,9,sub-pd9_seg010,PD
participant_grouped_10x10,0,9,sub-pd9_seg011,PD
participant_grouped_10x10,0,9,sub-pd9_seg012,PD
participant_grouped_10x10,0,9,sub-pd9_seg013,PD
participant_grouped_10x10,0,9,sub-pd9_seg014,HC
participant_grouped_10x10,0,9,sub-pd9_seg015,PD
participant_grouped_10x10,0,9,sub-pd9_seg016,PD
participant_grouped_10x10,0,9,sub-pd9_seg017,PD
participant_grouped_10x10,0,9,sub-pd9_seg018,PD
participant_grouped_10x10,0,2,sub-pd12_seg000,HC
participant_grouped_10x10,0,2,sub-pd12_seg001,HC
participant_grouped_10x10,0,2,sub-pd12_seg002,HC
participant_grouped_10x10,0,2,sub-pd12_seg003,HC
participant_grouped_10x10,0,2,sub-pd12_seg004,HC
participant_grouped_10x10,0,2,sub-pd12_seg005,HC
participant_grouped_10x10,0,2,sub-pd12_seg006,HC
participant_grouped_10x10,0,2,sub-pd12_seg007,HC
participant_grouped_10x10,0,2,sub-pd12_seg008,HC
participant_grouped_10x10,0,2,sub-pd12_seg009,HC
participant_grouped_10x10,0,2,sub-pd12_seg010,PD
participant_grouped_10x10,0,2,sub-pd12_seg011,HC
participant_grouped_10x10,0,2,sub-pd12_seg012,PD
participant_grouped_10x10,0,2,sub-pd12_seg013,PD
participant_grouped_10x10,0,2,sub-pd12_seg014,PD
participant_grouped_10x10,0,2,sub-pd12_seg015,PD
participant_grouped_10x10,0,2,sub-pd12_seg016,PD
participant_grouped_10x10,0,2,sub-pd12_seg017,PD
participant_grouped_10x10,0,2,sub-pd12_seg018,PD
participant_grouped_10x10,0,2,sub-pd12_seg019,PD
participant_grouped_10x10,0,4,sub-pd11_seg000,PD
participant_grouped_10x10,0,4,sub-pd11_seg001,PD
participant_grouped_10x10,0,4,sub-pd11_seg002,PD
participant_grouped_10x10,0,4,sub-pd11_seg003,PD
participant_grouped_10x10,0,4,sub-pd11_seg004,PD
participant_grouped_10x10,0,4,sub-pd11_seg005,PD
participant_grouped_10x10,0,4,sub-pd11_seg006,PD
participant_grouped_10x10,0,4,sub-pd11_seg007,PD
participant_grouped_10x10,0,4,sub-pd11_seg008,PD
participant_grouped_10x10,0,4,sub-pd11_seg009,PD
participant_grouped_10x10,0,4,sub-pd11_seg010,PD
participant_grouped_10x10,0,4,sub-pd11_seg011,PD
participant_grouped_10x10,0,4,sub-pd11_seg012,PD
participant_grouped_10x10,0,4,sub-pd11_seg013,PD
participant_grouped_10x10,0,4,sub-pd11_seg014,PD
participant_grouped_10x10,0,4,sub-pd11_seg015,PD
participant_grouped_10x10,0,4,sub-pd11_seg016,PD
participant_grouped_10x10,0,4,sub-pd11_seg017,PD
participant_grouped_10x10,0,8,sub-pd13_seg000,PD
participant_grouped_10x10,0,8,sub-pd13_seg001,PD
participant_grouped_10x10,0,8,sub-pd13_seg002,PD
participant_grouped_10x10,0,8,sub-pd13_seg003,PD
participant_grouped_10x10,0,8,sub-pd13_seg004,PD
participant_grouped_10x10,0,8,sub-pd13_seg005,PD
participant_grouped_10x10,0,8,sub-pd13_seg006,PD
participant_grouped_10x10,0,8,sub-pd13_seg007,PD
participant_grouped_10x10,0,8,sub-pd13_seg008,PD
participant_grouped_10x10,0,8,sub-pd13_seg009,PD
participant_grouped_10x10,0,8,sub-pd13_seg010,PD
participant_grouped_10x10,0,8,sub-pd13_seg011,PD
participant_grouped_10x10,0,8,sub-pd13_seg012,PD
participant_grouped_10x10,0,8,sub-pd13_seg013,PD
participant_grouped_10x10,0,8,sub-pd13_seg014,PD
participant_grouped_10x10,0,8,sub-pd13_seg015,PD
participant_grouped_10x10,0,8,sub-pd13_seg016,PD
participant_grouped_10x10,0,8,sub-pd13_seg017,PD
participant_grouped_10x10,0,0,sub-pd14_seg000,PD
participant_grouped_10x10,0,0,sub-pd14_seg001,PD
participant_grouped_10x10,0,0,sub-pd14_seg002,PD
participant_grouped_10x10,0,0,sub-pd14_seg003,PD
participant_grouped_10x10,0,0,sub-pd14_seg004,HC
participant_grouped_10x10,0,0,sub-pd14_seg005,PD
participant_grouped_10x10,0,0,sub-pd14_seg006,PD
participant_grouped_10x10,0,0,sub-pd14_seg007,PD
participant_grouped_10x10,0,0,sub-pd14_seg008,PD
participant_grouped_10x10,0,0,sub-pd14_seg009,HC
participant_grouped_10x10,0,0,sub-pd14_seg010,PD
participant_grouped_10x10,0,0,sub-pd14_seg011,PD
participant_grouped_10x10,0,0,sub-pd14_seg012,PD
participant_grouped_10x10,0,0,sub-pd14_seg013,PD
participant_grouped_10x10,0,0,sub-pd14_seg014,HC
participant_grouped_10x10,0,0,sub-pd14_seg015,HC
participant_grouped_10x10,0,0,sub-pd14_seg016,PD
participant_grouped_10x10,0,0,sub-pd14_seg017,PD
participant_grouped_10x10,0,0,sub-pd14_seg018,HC
participant_grouped_10x10,0,0,sub-pd14_seg019,HC
participant_grouped_10x10,0,0,sub-pd14_seg020,HC
participant_grouped_10x10,0,0,sub-pd14_seg021,PD
participant_grouped_10x10,0,0,sub-pd14_seg022,HC
participant_grouped_10x10,0,0,sub-pd14_seg023,HC
participant_grouped_10x10,0,0,sub-pd14_seg024,HC
participant_grouped_10x10,0,0,sub-pd14_seg025,PD
participant_grouped_10x10,0,0,sub-pd14_seg026,PD
participant_grouped_10x10,0,0,sub-pd14_seg027,PD
participant_grouped_10x10,0,0,sub-pd14_seg028,PD
participant_grouped_10x10,0,7,sub-pd16_seg000,HC
participant_grouped_10x10,0,7,sub-pd16_seg001,PD
participant_grouped_10x10,0,7,sub-pd16_seg002,PD
participant_grouped_10x10,0,7,sub-pd16_seg003,PD
participant_grouped_10x10,0,7,sub-pd16_seg004,PD
participant_grouped_10x10,0,7,sub-pd16_seg005,PD
participant_grouped_10x10,0,7,sub-pd16_seg006,PD
participant_grouped_10x10,0,7,sub-pd16_seg007,PD
participant_grouped_10x10,0,7,sub-pd16_seg008,PD
participant_grouped_10x10,0,7,sub-pd16_seg009,PD
participant_grouped_10x10,0,7,sub-pd16_seg010,PD
participant_grouped_10x10,0,7,sub-pd16_seg011,PD
participant_grouped_10x10,0,7,sub-pd16_seg012,PD
participant_grouped_10x10,0,7,sub-pd16_seg013,PD
participant_grouped_10x10,0,7,sub-pd16_seg014,PD
participant_grouped_10x10,0,7,sub-pd16_seg015,PD
participant_grouped_10x10,0,7,sub-pd16_seg016,PD
participant_grouped_10x10,0,7,sub-pd16_seg017,PD
participant_grouped_10x10,0,9,sub-pd17_seg000,HC
participant_grouped_10x10,0,9,sub-pd17_seg001,HC
participant_grouped_10x10,0,9,sub-pd17_seg002,HC
participant_grouped_10x10,0,9,sub-pd17_seg003,HC
participant_grouped_10x10,0,9,sub-pd17_seg004,HC
participant_grouped_10x10,0,9,sub-pd17_seg005,HC
participant_grouped_10x10,0,9,sub-pd17_seg006,HC
participant_grouped_10x10,0,9,sub-pd17_seg007,HC
participant_grouped_10x10,0,9,sub-pd17_seg008,HC
participant_grouped_10x10,0,9,sub-pd17_seg009,HC
participant_grouped_10x10,0,9,sub-pd17_seg010,HC
participant_grouped_10x10,0,9,sub-pd17_seg011,HC
participant_grouped_10x10,0,9,sub-pd17_seg012,HC
participant_grouped_10x10,0,9,sub-pd17_seg013,HC
participant_grouped_10x10,0,9,sub-pd17_seg014,HC
participant_grouped_10x10,0,9,sub-pd17_seg015,HC
participant_grouped_10x10,0,9,sub-pd17_seg016,PD
participant_grouped_10x10,0,9,sub-pd17_seg017,PD
participant_grouped_10x10,0,5,sub-pd19_seg000,HC
participant_grouped_10x10,0,5,sub-pd19_seg001,HC
participant_grouped_10x10,0,5,sub-pd19_seg002,PD
participant_grouped_10x10,0,5,sub-pd19_seg003,PD
participant_grouped_10x10,0,5,sub-pd19_seg004,PD
participant_grouped_10x10,0,5,sub-pd19_seg005,PD
participant_grouped_10x10,0,5,sub-pd19_seg006,PD
participant_grouped_10x10,0,5,sub-pd19_seg007,PD
participant_grouped_10x10,0,5,sub-pd19_seg008,PD
participant_grouped_10x10,0,5,sub-pd19_seg009,PD
participant_grouped_10x10,0,5,sub-pd19_seg010,PD
participant_grouped_10x10,0,5,sub-pd19_seg011,PD
participant_grouped_10x10,0,5,sub-pd19_seg012,HC
participant_grouped_10x10,0,5,sub-pd19_seg013,PD
participant_grouped_10x10,0,5,sub-pd19_seg014,HC
participant_grouped_10x10,0,5,sub-pd19_seg015,PD
participant_grouped_10x10,0,5,sub-pd19_seg016,PD
participant_grouped_10x10,0,5,sub-pd19_seg017,PD
participant_grouped_10x10,0,5,sub-pd22_seg000,PD
participant_grouped_10x10,0,5,sub-pd22_seg001,PD
participant_grouped_10x10,0,5,sub-pd22_seg002,PD
participant_grouped_10x10,0,5,sub-pd22_seg003,PD
participant_grouped_10x10,0,5,sub-pd22_seg004,PD
participant_grouped_10x10,0,5,sub-pd22_seg005,PD
participant_grouped_10x10,0,5,sub-pd22_seg006,PD
participant_grouped_10x10,0,5,sub-pd22_seg007,PD
participant_grouped_10x10,0,5,sub-pd22_seg008,PD
participant_grouped_10x10,0,5,sub-pd22_seg009,PD
participant_grouped_10x10,0,5,sub-pd22_seg010,PD
participant_grouped_10x10,0,5,sub-pd22_seg011,PD
participant_grouped_10x10,0,5,sub-pd22_seg012,HC
participant_grouped_10x10,0,5,sub-pd22_seg013,HC
participant_grouped_10x10,0,5,sub-pd22_seg014,PD
participant_grouped_10x10,0,5,sub-pd22_seg015,HC
participant_grouped_10x10,0,5,sub-pd22_seg016,HC
participant_grouped_10x10,0,5,sub-pd22_seg017,HC
participant_grouped_10x10,0,3,sub-pd23_seg000,PD
participant_grouped_10x10,0,3,sub-pd23_seg001,PD
participant_grouped_10x10,0,3,sub-pd23_seg002,PD
participant_grouped_10x10,0,3,sub-pd23_seg003,PD
participant_grouped_10x10,0,3,sub-pd23_seg004,PD
participant_grouped_10x10,0,3,sub-pd23_seg005,PD
participant_grouped_10x10,0,3,sub-pd23_seg006,PD
participant_grouped_10x10,0,3,sub-pd23_seg007,PD
participant_grouped_10x10,0,3,sub-pd23_seg008,PD
participant_grouped_10x10,0,3,sub-pd23_seg009,PD
participant_grouped_10x10,0,3,sub-pd23_seg010,PD
participant_grouped_10x10,0,3,sub-pd23_seg011,PD
participant_grouped_10x10,0,3,sub-pd23_seg012,PD
participant_grouped_10x10,0,3,sub-pd23_seg013,PD
participant_grouped_10x10,0,3,sub-pd23_seg014,PD
participant_grouped_10x10,0,3,sub-pd23_seg015,PD
participant_grouped_10x10,0,3,sub-pd23_seg016,PD
participant_grouped_10x10,0,3,sub-pd23_seg017,PD
participant_grouped_10x10,0,3,sub-pd23_seg018,PD
participant_grouped_10x10,0,3,sub-pd23_seg019,HC
participant_grouped_10x10,0,8,sub-pd26_seg000,PD
participant_grouped_10x10,0,8,sub-pd26_seg001,PD
participant_grouped_10x10,0,8,sub-pd26_seg002,PD
participant_grouped_10x10,0,8,sub-pd26_seg003,PD
participant_grouped_10x10,0,8,sub-pd26_seg004,PD
participant_grouped_10x10,0,8,sub-pd26_seg005,PD
participant_grouped_10x10,0,8,sub-pd26_seg006,PD
participant_grouped_10x10,0,8,sub-pd26_seg007,PD
participant_grouped_10x10,0,8,sub-pd26_seg008,PD
participant_grouped_10x10,0,8,sub-pd26_seg009,PD
participant_grouped_10x10,0,8,sub-pd26_seg010,PD
participant_grouped_10x10,0,8,sub-pd26_seg011,PD
participant_grouped_10x10,0,8,sub-pd26_seg012,PD
participant_grouped_10x10,0,8,sub-pd26_seg013,PD
participant_grouped_10x10,0,8,sub-pd26_seg014,PD
participant_grouped_10x10,0,8,sub-pd26_seg015,PD
participant_grouped_10x10,0,8,sub-pd26_seg016,PD
participant_grouped_10x10,0,8,sub-pd26_seg017,PD
participant_grouped_10x10,0,8,sub-pd26_seg018,PD
participant_grouped_10x10,0,6,sub-pd28_seg000,HC
participant_grouped_10x10,0,6,sub-pd28_seg001,HC
participant_grouped_10x10,0,6,sub-pd28_seg002,HC
participant_grouped_10x10,0,6,sub-pd28_seg003,HC
participant_grouped_10x10,0,6,sub-pd28_seg004,HC
participant_grouped_10x10,0,6,sub-pd28_seg005,PD
participant_grouped_10x10,0,6,sub-pd28_seg006,HC
participant_grouped_10x10,0,6,sub-pd28_seg007,HC
participant_grouped_10x10,0,6,sub-pd28_seg008,HC
participant_grouped_10x10,0,6,sub-pd28_seg009,HC
participant_grouped_10x10,0,6,sub-pd28_seg010,HC
participant_grouped_10x10,0,6,sub-pd28_seg011,PD
participant_grouped_10x10,0,6,sub-pd28_seg012,HC
participant_grouped_10x10,0,6,sub-pd28_seg013,PD
participant_grouped_10x10,0,6,sub-pd28_seg014,HC
participant_grouped_10x10,0,6,sub-pd28_seg015,HC
participant_grouped_10x10,0,6,sub-pd28_seg016,HC
participant_grouped_10x10,0,6,sub-pd28_seg017,HC
participant_grouped_10x10,0,6,sub-pd28_seg018,HC
participant_grouped_10x10,0,6,sub-pd28_seg019,PD
participant_grouped_10x10,1,1,sub-hc1_seg000,PD
participant_grouped_10x10,1,1,sub-hc1_seg001,PD
participant_grouped_10x10,1,1,sub-hc1_seg002,PD
participant_grouped_10x10,1,1,sub-hc1_seg003,HC
participant_grouped_10x10,1,1,sub-hc1_seg004,HC
participant_grouped_10x10,1,1,sub-hc1_seg005,HC
participant_grouped_10x10,1,1,sub-hc1_seg006,HC
participant_grouped_10x10,1,1,sub-hc1_seg007,HC
participant_grouped_10x10,1,1,sub-hc1_seg008,PD
participant_grouped_10x10,1,1,sub-hc1_seg009,HC
participant_grouped_10x10,1,1,sub-hc1_seg010,HC
participant_grouped_10x10,1,1,sub-hc1_seg011,PD
participant_grouped_10x10,1,1,sub-hc1_seg012,PD
participant_grouped_10x10,1,1,sub-hc1_seg013,PD
participant_grouped_10x10,1,1,sub-hc1_seg014,HC
participant_grouped_10x10,1,1,sub-hc1_seg015,HC
participant_grouped_10x10,1,1,sub-hc1_seg016,HC
participant_grouped_10x10,1,1,sub-hc1_seg017,PD
participant_grouped_10x10,1,1,sub-hc1_seg018,HC
participant_grouped_10x10,1,7,sub-hc2_seg000,PD
participant_grouped_10x10,1,7,sub-hc2_seg001,HC
participant_grouped_10x10,1,7,sub-hc2_seg002,HC
participant_grouped_10x10,1,7,sub-hc2_seg003,PD
participant_grouped_10x10,1,7,sub-hc2_seg004,HC
participant_grouped_10x10,1,7,sub-hc2_seg005,PD
participant_grouped_10x10,1,7,sub-hc2_seg006,PD
participant_grouped_10x10,1,7,sub-hc2_seg007,PD
participant_grouped_10x10,1,7,sub-hc2_seg008,PD
participant_grouped_10x10,1,7,sub-hc2_seg009,PD
participant_grouped_10x10,1,7,sub-hc2_seg010,PD
participant_grouped_10x10,1,7,sub-hc2_seg011,PD
participant_grouped_10x10,1,7,sub-hc2_seg012,PD
participant_grouped_10x10,1,7,sub-hc2_seg013,PD
participant_grouped_10x10,1,7,sub-hc2_seg014,PD
participant_grouped_10x10,1,7,sub-hc2_seg015,PD
participant_grouped_10x10,1,7,sub-hc2_seg016,PD
participant_grouped_10x10,1,7,sub-hc2_seg017,PD
participant_grouped_10x10,1,7,sub-hc2_seg018,PD
participant_grouped_10x10,1,3,sub-hc4_seg000,PD
participant_grouped_10x10,1,3,sub-hc4_seg001,PD
participant_grouped_10x10,1,3,sub-hc4_seg002,PD
participant_grouped_10x10,1,3,sub-hc4_seg003,PD
participant_grouped_10x10,1,3,sub-hc4_seg004,PD
participant_grouped_10x10,1,3,sub-hc4_seg005,PD
participant_grouped_10x10,1,3,sub-hc4_seg006,PD
participant_grouped_10x10,1,3,sub-hc4_seg007,PD
participant_grouped_10x10,1,3,sub-hc4_seg008,PD
participant_grouped_10x10,1,3,sub-hc4_seg009,PD
participant_grouped_10x10,1,3,sub-hc4_seg010,PD
participant_grouped_10x10,1,3,sub-hc4_seg011,PD
participant_grouped_10x10,1,3,sub-hc4_seg012,PD
participant_grouped_10x10,1,3,sub-hc4_seg013,PD
participant_grouped_10x10,1,3,sub-hc4_seg014,PD
participant_grouped_10x10,1,3,sub-hc4_seg015,PD
participant_grouped_10x10,1,3,sub-hc4_seg016,PD
participant_grouped_10x10,1,3,sub-hc4_seg017,PD
participant_grouped_10x10,1,9,sub-hc7_seg000,HC
participant_grouped_10x10,1,9,sub-hc7_seg001,HC
participant_grouped_10x10,1,9,sub-hc7_seg002,HC
participant_grouped_10x10,1,9,sub-hc7_seg003,PD
participant_grouped_10x10,1,9,sub-hc7_seg004,HC
participant_grouped_10x10,1,9,sub-hc7_seg005,PD
participant_grouped_10x10,1,9,sub-hc7_seg006,PD
participant_grouped_10x10,1,9,sub-hc7_seg007,PD
participant_grouped_10x10,1,9,sub-hc7_seg008,PD
participant_grouped_10x10,1,9,sub-hc7_seg009,PD
participant_grouped_10x10,1,9,sub-hc7_seg010,PD
participant_grouped_10x10,1,9,sub-hc7_seg011,PD
participant_grouped_10x10,1,9,sub-hc7_seg012,PD
participant_grouped_10x10,1,9,sub-hc7_seg013,PD
participant_grouped_10x10,1,9,sub-hc7_seg014,PD
participant_grouped_10x10,1,9,sub-hc7_seg015,PD
participant_grouped_10x10,1,9,sub-hc7_seg016,PD
participant_grouped_10x10,1,9,sub-hc7_seg017,PD
participant_grouped_10x10,1,9,sub-hc7_seg018,PD
participant_grouped_10x10,1,2,sub-hc8_seg000,PD
participant_grouped_10x10,1,2,sub-hc8_seg001,PD
participant_grouped_10x10,1,2,sub-hc8_seg002,PD
participant_grouped_10x10,1,2,sub-hc8_seg003,PD
participant_grouped_10x10,1,2,sub-hc8_seg004,PD
participant_grouped_10x10,1,2,sub-hc8_seg005,PD
participant_grouped_10x10,1,2,sub-hc8_seg006,PD
participant_grouped_10x10,1,2,sub-hc8_seg007,PD
participant_grouped_10x10,1,2,sub-hc8_seg008,PD
participant_grouped_10x10,1,2,sub-hc8_seg009,PD
participant_grouped_10x10,1,2,sub-hc8_seg010,PD
participant_grouped_10x10,1,2,sub-hc8_seg011,PD
participant_grouped_10x10,1,2,sub-hc8_seg012,PD
participant_grouped_10x10,1,2,sub-hc8_seg013,PD
participant_grouped_10x10,1,2,sub-hc8_seg014,PD
participant_grouped_10x10,1,2,sub-hc8_seg015,PD
participant_grouped_10x10,1,2,sub-hc8_seg016,PD
participant_grouped_10x10,1,2,sub-hc8_seg017,PD
participant_grouped_10x10,1,2,sub-hc8_seg018,PD
participant_grouped_10x10,1,6,sub-hc10_seg000,PD
participant_grouped_10x10,1,6,sub-hc10_seg001,PD
participant_grouped_10x10,1,6,sub-hc10_seg002,PD
participant_grouped_10x10,1,6,sub-hc10_seg003,HC
participant_grouped_10x10,1,6,sub-hc10_seg004,PD
participant_grouped_10x10,1,6,sub-hc10_seg005,PD
participant_grouped_10x10,1,6,sub-hc10_seg006,PD
participant_grouped_10x10,1,6,sub-hc10_seg007,PD
participant_grouped_10x10,1,6,sub-hc10_seg008,HC
participant_grouped_10x10,1,6,sub-hc10_seg009,HC
participant_grouped_10x10,1,6,sub-hc10_seg010,PD
participant_grouped_10x10,1,6,sub-hc10_seg011,PD
participant_grouped_10x10,1,6,sub-hc10_seg012,HC
participant_grouped_10x10,1,6,sub-hc10_seg013,HC
participant_grouped_10x10,1,6,sub-hc10_seg014,HC
participant_grouped_10x10,1,6,sub-hc10_seg015,PD
participant_grouped_10x10,1,6,sub-hc10_seg016,PD
participant_grouped_10x10,1,6,sub-hc10_seg017,PD
participant_grouped_10x10,1,6,sub-hc10_seg018,PD
participant_grouped_10x10,1,6,sub-hc10_seg019,PD
participant_grouped_10x10,1,7,sub-hc18_seg000,HC
participant_grouped_10x10,1,7,sub-hc18_seg001,HC
participant_grouped_10x10,1,7,sub-hc18_seg002,HC
participant_grouped_10x10,1,7,sub-hc18_seg003,PD
participant_grouped_10x10,1,7,sub-hc18_seg004,PD
participant_grouped_10x10,1,7,sub-hc18_seg005,HC
participant_grouped_10x10,1,7,sub-hc18_seg006,HC
participant_grouped_10x10,1,7,sub-hc18_seg007,HC
participant_grouped_10x10,1,7,sub-hc18_seg008,HC
participant_grouped_10x10,1,7,sub-hc18_seg009,HC
participant_grouped_10x10,1,7,sub-hc18_seg010,HC
participant_grouped_10x10,1,7,sub-hc18_seg011,HC
participant_grouped_10x10,1,7,sub-hc18_seg012,HC
participant_grouped_10x10,1,7,sub-hc18_seg013,PD
participant_grouped_10x10,1,7,sub-hc18_seg014,PD
participant_grouped_10x10,1,7,sub-hc18_seg015,PD
participant_grouped_10x10,1,7,sub-hc18_seg016,PD
participant_grouped_10x10,1,7,sub-hc18_seg017,PD
participant_grouped_10x10,1,1,sub-hc20_seg000,HC
participant_grouped_10x10,1,1,sub-hc20_seg001,PD
participant_grouped_10x10,1,1,sub-hc20_seg002,PD
participant_grouped_10x10,1,1,sub-hc20_seg003,PD
participant_grouped_10x10,1,1,sub-hc20_seg004,PD
participant_grouped_10x10,1,1,sub-hc20_seg005,HC
participant_grouped_10x10,1,1,sub-hc20_seg006,PD
participant_grouped_10x10,1,1,sub-hc20_seg007,PD
participant_grouped_10x10,1,1,sub-hc20_seg008,PD
participant_grouped_10x10,1,1,sub-hc20_seg009,PD
participant_grouped_10x10,1,1,sub-hc20_seg010,PD
participant_grouped_10x10,1,1,sub-hc20_seg011,HC
participant_grouped_10x10,1,1,sub-hc20_seg012,HC
participant_grouped_10x10,1,1,sub-hc20_seg013,HC
participant_grouped_10x10,1,1,sub-hc20_seg014,HC
participant_grouped_10x10,1,1,sub-hc20_seg015,PD
participant_grouped_10x10,1,1,sub-hc20_seg016,PD
participant_grouped_10x10,1,1,sub-hc20_seg017,PD
participant_grouped_10x10,1,4,sub-hc21_seg000,HC
participant_grouped_10x10,1,4,sub-hc21_seg001,PD
participant_grouped_10x10,1,4,sub-hc21_seg002,HC
participant_grouped_10x10,1,4,sub-hc21_seg003,HC
participant_grouped_10x10,1,4,sub-hc21_seg004,PD
participant_grouped_10x10,1,4,sub-hc21_seg005,PD
participant_grouped_10x10,1,4,sub-hc21_seg006,HC
participant_grouped_10x10,1,4,sub-hc21_seg007,HC
participant_grouped_10x10,1,4,sub-hc21_seg008,HC
participant_grouped_10x10,1,4,sub-hc21_seg009,HC
participant_grouped_10x10,1,4,sub-hc21_seg010,PD
participant_grouped_10x10,1,4,sub-hc21_seg011,PD
participant_grouped_10x10,1,4,sub-hc21_seg012,PD
participant_grouped_10x10,1,4,sub-hc21_seg013,HC
participant_grouped_10x10,1,4,sub-hc21_seg014,PD
participant_grouped_10x10,1,4,sub-hc21_seg015,PD
participant_grouped_10x10,1,4,sub-hc21_seg016,PD
participant_grouped_10x10,1,4,sub-hc21_seg017,PD
participant_grouped_10x10,1,8,sub-hc24_seg000,PD
participant_grouped_10x10,1,8,sub-hc24_seg001,PD
participant_grouped_10x10,1,8,sub-hc24_seg002,PD
participant_grouped_10x10,1,8,sub-hc24_seg003,PD
participant_grouped_10x10,1,8,sub-hc24_seg004,PD
participant_grouped_10x10,1,8,sub-hc24_seg005,PD
participant_grouped_10x10,1,8,sub-hc24_seg006,PD
participant_grouped_10x10,1,8,sub-hc24_seg007,PD
participant_grouped_10x10,1,8,sub-hc24_seg008,PD
participant_grouped_10x10,1,8,sub-hc24_seg009,PD
participant_grouped_10x10,1,8,sub-hc24_seg010,PD
participant_grouped_10x10,1,8,sub-hc24_seg011,PD
participant_grouped_10x10,1,8,sub-hc24_seg012,PD
participant_grouped_10x10,1,8,sub-hc24_seg013,PD
participant_grouped_10x10,1,8,sub-hc24_seg014,PD
participant_grouped_10x10,1,8,sub-hc24_seg015,PD
participant_grouped_10x10,1,8,sub-hc24_seg016,PD
participant_grouped_10x10,1,8,sub-hc24_seg017,PD
participant_grouped_10x10,1,8,sub-hc24_seg018,PD
participant_grouped_10x10,1,5,sub-hc25_seg000,PD
participant_grouped_10x10,1,5,sub-hc25_seg001,PD
participant_grouped_10x10,1,5,sub-hc25_seg002,PD
participant_grouped_10x10,1,5,sub-hc25_seg003,PD
participant_grouped_10x10,1,5,sub-hc25_seg004,PD
participant_grouped_10x10,1,5,sub-hc25_seg005,PD
participant_grouped_10x10,1,5,sub-hc25_seg006,PD
participant_grouped_10x10,1,5,sub-hc25_seg007,PD
participant_grouped_10x10,1,5,sub-hc25_seg008,PD
participant_grouped_10x10,1,5,sub-hc25_seg009,PD
participant_grouped_10x10,1,5,sub-hc25_seg010,PD
participant_grouped_10x10,1,5,sub-hc25_seg011,PD
participant_grouped_10x10,1,5,sub-hc25_seg012,PD
participant_grouped_10x10,1,5,sub-hc25_seg013,PD
participant_grouped_10x10,1,5,sub-hc25_seg014,PD
participant_grouped_10x10,1,5,sub-hc25_seg015,PD
participant_grouped_10x10,1,5,sub-hc25_seg016,HC
participant_grouped_10x10,1,5,sub-hc25_seg017,PD
participant_grouped_10x10,1,5,sub-hc25_seg018,PD
participant_grouped_10x10,1,5,sub-hc25_seg019,PD
participant_grouped_10x10,1,3,sub-hc29_seg000,PD
participant_grouped_10x10,1,3,sub-hc29_seg001,PD
participant_grouped_10x10,1,3,sub-hc29_seg002,PD
participant_grouped_10x10,1,3,sub-hc29_seg003,PD
participant_grouped_10x10,1,3,sub-hc29_seg004,PD
participant_grouped_10x10,1,3,sub-hc29_seg005,PD
participant_grouped_10x10,1,3,sub-hc29_seg006,PD
participant_grouped_10x10,1,3,sub-hc29_seg007,PD
participant_grouped_10x10,1,3,sub-hc29_seg008,PD
participant_grouped_10x10,1,3,sub-hc29_seg009,PD
participant_grouped_10x10,1,3,sub-hc29_seg010,PD
participant_grouped_10x10,1,3,sub-hc29_seg011,PD
participant_grouped_10x10,1,3,sub-hc29_seg012,PD
participant_grouped_10x10,1,3,sub-hc29_seg013,PD
participant_grouped_10x10,1,3,sub-hc29_seg014,PD
participant_grouped_10x10,1,3,sub-hc29_seg015,PD
participant_grouped_10x10,1,3,sub-hc29_seg016,PD
participant_grouped_10x10,1,3,sub-hc29_seg017,PD
participant_grouped_10x10,1,3,sub-hc29_seg018,PD
participant_grouped_10x10,1,2,sub-hc30_seg000,HC
participant_grouped_10x10,1,2,sub-hc30_seg001,PD
participant_grouped_10x10,1,2,sub-hc30_seg002,PD
participant_grouped_10x10,1,2,sub-hc30_seg003,PD
participant_grouped_10x10,1,2,sub-hc30_seg004,PD
participant_grouped_10x10,1,2,sub-hc30_seg005,HC
participant_grouped_10x10,1,2,sub-hc30_seg006,PD
participant_grouped_10x10,1,2,sub-hc30_seg007,PD
participant_grouped_10x10,1,2,sub-hc30_seg008,HC
participant_grouped_10x10,1,2,sub-hc30_seg009,HC
participant_grouped_10x10,1,2,sub-hc30_seg010,HC
participant_grouped_10x10,1,2,sub-hc30_seg011,HC
participant_grouped_10x10,1,2,sub-hc30_seg012,HC
participant_grouped_10x10,1,2,sub-hc30_seg013,HC
participant_grouped_10x10,1,2,sub-hc30_seg014,HC
participant_grouped_10x10,1,2,sub-hc30_seg015,HC
participant_grouped_10x10,1,2,sub-hc30_seg016,HC
participant_grouped_10x10,1,2,sub-hc30_seg017,HC
participant_grouped_10x10,1,8,sub-hc31_seg000,PD
participant_grouped_10x10,1,8,sub-hc31_seg001,PD
participant_grouped_10x10,1,8,sub-hc31_seg002,PD
participant_grouped_10x10,1,8,sub-hc31_seg003,PD
participant_grouped_10x10,1,8,sub-hc31_seg004,PD
participant_grouped_10x10,1,8,sub-hc31_seg005,PD
participant_grouped_10x10,1,8,sub-hc31_seg006,PD
participant_grouped_10x10,1,8,sub-hc31_seg007,PD
participant_grouped_10x10,1,8,sub-hc31_seg008,PD
participant_grouped_10x10,1,8,sub-hc31_seg009,HC
participant_grouped_10x10,1,8,sub-hc31_seg010,HC
participant_grouped_10x10,1,8,sub-hc31_seg011,PD
participant_grouped_10x10,1,8,sub-hc31_seg012,PD
participant_grouped_10x10,1,8,sub-hc31_seg013,PD
participant_grouped_10x10,1,8,sub-hc31_seg014,PD
participant_grouped_10x10,1,8,sub-hc31_seg015,HC
participant_grouped_10x10,1,8,sub-hc31_seg016,PD
participant_grouped_10x10,1,8,sub-hc31_seg017,PD
participant_grouped_10x10,1,0,sub-hc32_seg000,PD
participant_grouped_10x10,1,0,sub-hc32_seg001,PD
participant_grouped_10x10,1,0,sub-hc32_seg002,PD
participant_grouped_10x10,1,0,sub-hc32_seg003,PD
participant_grouped_10x10,1,0,sub-hc32_seg004,PD
participant_grouped_10x10,1,0,sub-hc32_seg005,PD
participant_grouped_10x10,1,0,sub-hc32_seg006,PD
participant_grouped_10x10,1,0,sub-hc32_seg007,PD
participant_grouped_10x10,1,0,sub-hc32_seg008,PD
participant_grouped_10x10,1,0,sub-hc32_seg009,PD
participant_grouped_10x10,1,0,sub-hc32_seg010,PD
participant_grouped_10x10,1,0,sub-hc32_seg011,PD
participant_grouped_10x10,1,0,sub-hc32_seg012,PD
participant_grouped_10x10,1,0,sub-hc32_seg013,PD
participant_grouped_10x10,1,0,sub-hc32_seg014,PD
participant_grouped_10x10,1,0,sub-hc32_seg015,PD
participant_grouped_10x10,1,0,sub-hc32_seg016,PD
participant_grouped_10x10,1,0,sub-hc32_seg017,PD
participant_grouped_10x10,1,0,sub-hc32_seg018,PD
participant_grouped_10x10,1,4,sub-hc33_seg000,HC
participant_grouped_10x10,1,4,sub-hc33_seg001,HC
participant_grouped_10x10,1,4,sub-hc33_seg002,HC
participant_grouped_10x10,1,4,sub-hc33_seg003,PD
participant_grouped_10x10,1,4,sub-hc33_seg004,PD
participant_grouped_10x10,1,4,sub-hc33_seg005,PD
participant_grouped_10x10,1,4,sub-hc33_seg006,PD
participant_grouped_10x10,1,4,sub-hc33_seg007,PD
participant_grouped_10x10,1,4,sub-hc33_seg008,PD
participant_grouped_10x10,1,4,sub-hc33_seg009,PD
participant_grouped_10x10,1,4,sub-hc33_seg010,PD
participant_grouped_10x10,1,4,sub-hc33_seg011,PD
participant_grouped_10x10,1,4,sub-hc33_seg012,PD
participant_grouped_10x10,1,4,sub-hc33_seg013,PD
participant_grouped_10x10,1,4,sub-hc33_seg014,PD
participant_grouped_10x10,1,4,sub-hc33_seg015,PD
participant_grouped_10x10,1,4,sub-hc33_seg016,HC
participant_grouped_10x10,1,4,sub-hc33_seg017,HC
participant_grouped_10x10,1,4,sub-hc33_seg018,HC
participant_grouped_10x10,1,1,sub-pd3_seg000,HC
participant_grouped_10x10,1,1,sub-pd3_seg001,PD
participant_grouped_10x10,1,1,sub-pd3_seg002,PD
participant_grouped_10x10,1,1,sub-pd3_seg003,PD
participant_grouped_10x10,1,1,sub-pd3_seg004,PD
participant_grouped_10x10,1,1,sub-pd3_seg005,PD
participant_grouped_10x10,1,1,sub-pd3_seg006,PD
participant_grouped_10x10,1,1,sub-pd3_seg007,PD
participant_grouped_10x10,1,1,sub-pd3_seg008,HC
participant_grouped_10x10,1,1,sub-pd3_seg009,HC
participant_grouped_10x10,1,1,sub-pd3_seg010,HC
participant_grouped_10x10,1,1,sub-pd3_seg011,HC
participant_grouped_10x10,1,1,sub-pd3_seg012,HC
participant_grouped_10x10,1,1,sub-pd3_seg013,HC
participant_grouped_10x10,1,1,sub-pd3_seg014,HC
participant_grouped_10x10,1,1,sub-pd3_seg015,HC
participant_grouped_10x10,1,1,sub-pd3_seg016,HC
participant_grouped_10x10,1,1,sub-pd3_seg017,HC
participant_grouped_10x10,1,1,sub-pd3_seg018,HC
participant_grouped_10x10,1,1,sub-pd3_seg019,HC
participant_grouped_10x10,1,7,sub-pd5_seg000,PD
participant_grouped_10x10,1,7,sub-pd5_seg001,HC
participant_grouped_10x10,1,7,sub-pd5_seg002,HC
participant_grouped_10x10,1,7,sub-pd5_seg003,HC
participant_grouped_10x10,1,7,sub-pd5_seg004,HC
participant_grouped_10x10,1,7,sub-pd5_seg005,HC
participant_grouped_10x10,1,7,sub-pd5_seg006,PD
participant_grouped_10x10,1,7,sub-pd5_seg007,PD
participant_grouped_10x10,1,7,sub-pd5_seg008,HC
participant_grouped_10x10,1,7,sub-pd5_seg009,HC
participant_grouped_10x10,1,7,sub-pd5_seg010,HC
participant_grouped_10x10,1,7,sub-pd5_seg011,HC
participant_grouped_10x10,1,7,sub-pd5_seg012,HC
participant_grouped_10x10,1,7,sub-pd5_seg013,HC
participant_grouped_10x10,1,7,sub-pd5_seg014,PD
participant_grouped_10x10,1,7,sub-pd5_seg015,PD
participant_grouped_10x10,1,7,sub-pd5_seg016,PD
participant_grouped_10x10,1,7,sub-pd5_seg017,PD
participant_grouped_10x10,1,7,sub-pd5_seg018,PD
participant_grouped_10x10,1,5,sub-pd6_seg000,PD
participant_grouped_10x10,1,5,sub-pd6_seg001,HC
participant_grouped_10x10,1,5,sub-pd6_seg002,HC
participant_grouped_10x10,1,5,sub-pd6_seg003,HC
participant_grouped_10x10,1,5,sub-pd6_seg004,HC
participant_grouped_10x10,1,5,sub-pd6_seg005,PD
participant_grouped_10x10,1,5,sub-pd6_seg006,HC
participant_grouped_10x10,1,5,sub-pd6_seg007,HC
participant_grouped_10x10,1,5,sub-pd6_seg008,HC
participant_grouped_10x10,1,5,sub-pd6_seg009,HC
participant_grouped_10x10,1,5,sub-pd6_seg010,HC
participant_grouped_10x10,1,5,sub-pd6_seg011,HC
participant_grouped_10x10,1,5,sub-pd6_seg012,HC
participant_grouped_10x10,1,5,sub-pd6_seg013,PD
participant_grouped_10x10,1,5,sub-pd6_seg014,PD
participant_grouped_10x10,1,5,sub-pd6_seg015,HC
participant_grouped_10x10,1,5,sub-pd6_seg016,PD
participant_grouped_10x10,1,5,sub-pd6_seg017,HC
participant_grouped_10x10,1,5,sub-pd6_seg018,HC
participant_grouped_10x10,1,9,sub-pd9_seg000,PD
participant_grouped_10x10,1,9,sub-pd9_seg001,PD
participant_grouped_10x10,1,9,sub-pd9_seg002,HC
participant_grouped_10x10,1,9,sub-pd9_seg003,PD
participant_grouped_10x10,1,9,sub-pd9_seg004,PD
participant_grouped_10x10,1,9,sub-pd9_seg005,PD
participant_grouped_10x10,1,9,sub-pd9_seg006,PD
participant_grouped_10x10,1,9,sub-pd9_seg007,HC
participant_grouped_10x10,1,9,sub-pd9_seg008,PD
participant_grouped_10x10,1,9,sub-pd9_seg009,PD
participant_grouped_10x10,1,9,sub-pd9_seg010,PD
participant_grouped_10x10,1,9,sub-pd9_seg011,PD
participant_grouped_10x10,1,9,sub-pd9_seg012,PD
participant_grouped_10x10,1,9,sub-pd9_seg013,PD
participant_grouped_10x10,1,9,sub-pd9_seg014,HC
participant_grouped_10x10,1,9,sub-pd9_seg015,PD
participant_grouped_10x10,1,9,sub-pd9_seg016,PD
participant_grouped_10x10,1,9,sub-pd9_seg017,PD
participant_grouped_10x10,1,9,sub-pd9_seg018,PD
participant_grouped_10x10,1,2,sub-pd12_seg000,HC
participant_grouped_10x10,1,2,sub-pd12_seg001,HC
participant_grouped_10x10,1,2,sub-pd12_seg002,HC
participant_grouped_10x10,1,2,sub-pd12_seg003,HC
participant_grouped_10x10,1,2,sub-pd12_seg004,HC
participant_grouped_10x10,1,2,sub-pd12_seg005,HC
participant_grouped_10x10,1,2,sub-pd12_seg006,HC
participant_grouped_10x10,1,2,sub-pd12_seg007,HC
participant_grouped_10x10,1,2,sub-pd12_seg008,HC
participant_grouped_10x10,1,2,sub-pd12_seg009,HC
participant_grouped_10x10,1,2,sub-pd12_seg010,PD
participant_grouped_10x10,1,2,sub-pd12_seg011,HC
participant_grouped_10x10,1,2,sub-pd12_seg012,PD
participant_grouped_10x10,1,2,sub-pd12_seg013,PD
participant_grouped_10x10,1,2,sub-pd12_seg014,PD
participant_grouped_10x10,1,2,sub-pd12_seg015,PD
participant_grouped_10x10,1,2,sub-pd12_seg016,PD
participant_grouped_10x10,1,2,sub-pd12_seg017,PD
participant_grouped_10x10,1,2,sub-pd12_seg018,PD
participant_grouped_10x10,1,2,sub-pd12_seg019,PD
participant_grouped_10x10,1,5,sub-pd11_seg000,PD
participant_grouped_10x10,1,5,sub-pd11_seg001,PD
participant_grouped_10x10,1,5,sub-pd11_seg002,PD
participant_grouped_10x10,1,5,sub-pd11_seg003,PD
participant_grouped_10x10,1,5,sub-pd11_seg004,PD
participant_grouped_10x10,1,5,sub-pd11_seg005,PD
participant_grouped_10x10,1,5,sub-pd11_seg006,PD
participant_grouped_10x10,1,5,sub-pd11_seg007,PD
participant_grouped_10x10,1,5,sub-pd11_seg008,PD
participant_grouped_10x10,1,5,sub-pd11_seg009,PD
participant_grouped_10x10,1,5,sub-pd11_seg010,PD
participant_grouped_10x10,1,5,sub-pd11_seg011,PD
participant_grouped_10x10,1,5,sub-pd11_seg012,PD
participant_grouped_10x10,1,5,sub-pd11_seg013,PD
participant_grouped_10x10,1,5,sub-pd11_seg014,PD
participant_grouped_10x10,1,5,sub-pd11_seg015,PD
participant_grouped_10x10,1,5,sub-pd11_seg016,PD
participant_grouped_10x10,1,5,sub-pd11_seg017,PD
participant_grouped_10x10,1,9,sub-pd13_seg000,PD
participant_grouped_10x10,1,9,sub-pd13_seg001,HC
participant_grouped_10x10,1,9,sub-pd13_seg002,HC
participant_grouped_10x10,1,9,sub-pd13_seg003,PD
participant_grouped_10x10,1,9,sub-pd13_seg004,PD
participant_grouped_10x10,1,9,sub-pd13_seg005,HC
participant_grouped_10x10,1,9,sub-pd13_seg006,PD
participant_grouped_10x10,1,9,sub-pd13_seg007,PD
participant_grouped_10x10,1,9,sub-pd13_seg008,HC
participant_grouped_10x10,1,9,sub-pd13_seg009,PD
participant_grouped_10x10,1,9,sub-pd13_seg010,HC
participant_grouped_10x10,1,9,sub-pd13_seg011,PD
participant_grouped_10x10,1,9,sub-pd13_seg012,PD
participant_grouped_10x10,1,9,sub-pd13_seg013,PD
participant_grouped_10x10,1,9,sub-pd13_seg014,PD
participant_grouped_10x10,1,9,sub-pd13_seg015,HC
participant_grouped_10x10,1,9,sub-pd13_seg016,PD
participant_grouped_10x10,1,9,sub-pd13_seg017,PD
participant_grouped_10x10,1,0,sub-pd14_seg000,PD
participant_grouped_10x10,1,0,sub-pd14_seg001,PD
participant_grouped_10x10,1,0,sub-pd14_seg002,PD
participant_grouped_10x10,1,0,sub-pd14_seg003,PD
participant_grouped_10x10,1,0,sub-pd14_seg004,HC
participant_grouped_10x10,1,0,sub-pd14_seg005,PD
participant_grouped_10x10,1,0,sub-pd14_seg006,PD
participant_grouped_10x10,1,0,sub-pd14_seg007,PD
participant_grouped_10x10,1,0,sub-pd14_seg008,PD
participant_grouped_10x10,1,0,sub-pd14_seg009,HC
participant_grouped_10x10,1,0,sub-pd14_seg010,PD
participant_grouped_10x10,1,0,sub-pd14_seg011,PD
participant_grouped_10x10,1,0,sub-pd14_seg012,PD
participant_grouped_10x10,1,0,sub-pd14_seg013,PD
participant_grouped_10x10,1,0,sub-pd14_seg014,HC
participant_grouped_10x10,1,0,sub-pd14_seg015,HC
participant_grouped_10x10,1,0,sub-pd14_seg016,PD
participant_grouped_10x10,1,0,sub-pd14_seg017,PD
participant_grouped_10x10,1,0,sub-pd14_seg018,HC
participant_grouped_10x10,1,0,sub-pd14_seg019,HC
participant_grouped_10x10,1,0,sub-pd14_seg020,HC
participant_grouped_10x10,1,0,sub-pd14_seg021,PD
participant_grouped_10x10,1,0,sub-pd14_seg022,HC
participant_grouped_10x10,1,0,sub-pd14_seg023,HC
participant_grouped_10x10,1,0,sub-pd14_seg024,HC
participant_grouped_10x10,1,0,sub-pd14_seg025,PD
participant_grouped_10x10,1,0,sub-pd14_seg026,PD
participant_grouped_10x10,1,0,sub-pd14_seg027,PD
participant_grouped_10x10,1,0,sub-pd14_seg028,PD
participant_grouped_10x10,1,8,sub-pd16_seg000,PD
participant_grouped_10x10,1,8,sub-pd16_seg001,PD
participant_grouped_10x10,1,8,sub-pd16_seg002,PD
participant_grouped_10x10,1,8,sub-pd16_seg003,PD
participant_grouped_10x10,1,8,sub-pd16_seg004,PD
participant_grouped_10x10,1,8,sub-pd16_seg005,PD
participant_grouped_10x10,1,8,sub-pd16_seg006,PD
participant_grouped_10x10,1,8,sub-pd16_seg007,PD
participant_grouped_10x10,1,8,sub-pd16_seg008,PD
participant_grouped_10x10,1,8,sub-pd16_seg009,PD
participant_grouped_10x10,1,8,sub-pd16_seg010,PD
participant_grouped_10x10,1,8,sub-pd16_seg011,PD
participant_grouped_10x10,1,8,sub-pd16_seg012,PD
participant_grouped_10x10,1,8,sub-pd16_seg013,PD
participant_grouped_10x10,1,8,sub-pd16_seg014,PD
participant_grouped_10x10,1,8,sub-pd16_seg015,PD
participant_grouped_10x10,1,8,sub-pd16_seg016,PD
participant_grouped_10x10,1,8,sub-pd16_seg017,PD
participant_grouped_10x10,1,7,sub-pd17_seg000,HC
participant_grouped_10x10,1,7,sub-pd17_seg001,HC
participant_grouped_10x10,1,7,sub-pd17_seg002,HC
participant_grouped_10x10,1,7,sub-pd17_seg003,HC
participant_grouped_10x10,1,7,sub-pd17_seg004,HC
participant_grouped_10x10,1,7,sub-pd17_seg005,HC
participant_grouped_10x10,1,7,sub-pd17_seg006,HC
participant_grouped_10x10,1,7,sub-pd17_seg007,HC
participant_grouped_10x10,1,7,sub-pd17_seg008,HC
participant_grouped_10x10,1,7,sub-pd17_seg009,HC
participant_grouped_10x10,1,7,sub-pd17_seg010,HC
participant_grouped_10x10,1,7,sub-pd17_seg011,HC
participant_grouped_10x10,1,7,sub-pd17_seg012,HC
participant_grouped_10x10,1,7,sub-pd17_seg013,HC
participant_grouped_10x10,1,7,sub-pd17_seg014,HC
participant_grouped_10x10,1,7,sub-pd17_seg015,HC
participant_grouped_10x10,1,7,sub-pd17_seg016,PD
participant_grouped_10x10,1,7,sub-pd17_seg017,PD
participant_grouped_10x10,1,6,sub-pd19_seg000,HC
participant_grouped_10x10,1,6,sub-pd19_seg001,PD
participant_grouped_10x10,1,6,sub-pd19_seg002,PD
participant_grouped_10x10,1,6,sub-pd19_seg003,PD
participant_grouped_10x10,1,6,sub-pd19_seg004,PD
participant_grouped_10x10,1,6,sub-pd19_seg005,PD
participant_grouped_10x10,1,6,sub-pd19_seg006,PD
participant_grouped_10x10,1,6,sub-pd19_seg007,PD
participant_grouped_10x10,1,6,sub-pd19_seg008,PD
participant_grouped_10x10,1,6,sub-pd19_seg009,PD
participant_grouped_10x10,1,6,sub-pd19_seg010,PD
participant_grouped_10x10,1,6,sub-pd19_seg011,PD
participant_grouped_10x10,1,6,sub-pd19_seg012,PD
participant_grouped_10x10,1,6,sub-pd19_seg013,PD
participant_grouped_10x10,1,6,sub-pd19_seg014,PD
participant_grouped_10x10,1,6,sub-pd19_seg015,PD
participant_grouped_10x10,1,6,sub-pd19_seg016,PD
participant_grouped_10x10,1,6,sub-pd19_seg017,PD
participant_grouped_10x10,1,6,sub-pd22_seg000,PD
participant_grouped_10x10,1,6,sub-pd22_seg001,PD
participant_grouped_10x10,1,6,sub-pd22_seg002,PD
participant_grouped_10x10,1,6,sub-pd22_seg003,PD
participant_grouped_10x10,1,6,sub-pd22_seg004,PD
participant_grouped_10x10,1,6,sub-pd22_seg005,PD
participant_grouped_10x10,1,6,sub-pd22_seg006,PD
participant_grouped_10x10,1,6,sub-pd22_seg007,PD
participant_grouped_10x10,1,6,sub-pd22_seg008,PD
participant_grouped_10x10,1,6,sub-pd22_seg009,PD
participant_grouped_10x10,1,6,sub-pd22_seg010,PD
participant_grouped_10x10,1,6,sub-pd22_seg011,PD
participant_grouped_10x10,1,6,sub-pd22_seg012,HC
participant_grouped_10x10,1,6,sub-pd22_seg013,HC
participant_grouped_10x10,1,6,sub-pd22_seg014,PD
participant_grouped_10x10,1,6,sub-pd22_seg015,HC
participant_grouped_10x10,1,6,sub-pd22_seg016,HC
participant_grouped_10x10,1,6,sub-pd22_seg017,HC
participant_grouped_10x10,1,3,sub-pd23_seg000,PD
participant_grouped_10x10,1,3,sub-pd23_seg001,PD
participant_grouped_10x10,1,3,sub-pd23_seg002,PD
participant_grouped_10x10,1,3,sub-pd23_seg003,PD
participant_grouped_10x10,1,3,sub-pd23_seg004,PD
participant_grouped_10x10,1,3,sub-pd23_seg005,PD
participant_grouped_10x10,1,3,sub-pd23_seg006,PD
participant_grouped_10x10,1,3,sub-pd23_seg007,PD
participant_grouped_10x10,1,3,sub-pd23_seg008,PD
participant_grouped_10x10,1,3,sub-pd23_seg009,PD
participant_grouped_10x10,1,3,sub-pd23_seg010,PD
participant_grouped_10x10,1,3,sub-pd23_seg011,PD
participant_grouped_10x10,1,3,sub-pd23_seg012,PD
participant_grouped_10x10,1,3,sub-pd23_seg013,PD
participant_grouped_10x10,1,3,sub-pd23_seg014,PD
participant_grouped_10x10,1,3,sub-pd23_seg015,PD
participant_grouped_10x10,1,3,sub-pd23_seg016,PD
participant_grouped_10x10,1,3,sub-pd23_seg017,PD
participant_grouped_10x10,1,3,sub-pd23_seg018,PD
participant_grouped_10x10,1,3,sub-pd23_seg019,HC
participant_grouped_10x10,1,8,sub-pd26_seg000,PD
participant_grouped_10x10,1,8,sub-pd26_seg001,PD
participant_grouped_10x10,1,8,sub-pd26_seg002,PD
participant_grouped_10x10,1,8,sub-pd26_seg003,PD
participant_grouped_10x10,1,8,sub-pd26_seg004,PD
participant_grouped_10x10,1,8,sub-pd26_seg005,PD
participant_grouped_10x10,1,8,sub-pd26_seg006,PD
participant_grouped_10x10,1,8,sub-pd26_seg007,PD
participant_grouped_10x10,1,8,sub-pd26_seg008,PD
participant_grouped_10x10,1,8,sub-pd26_seg009,PD
participant_grouped_10x10,1,8,sub-pd26_seg010,PD
participant_grouped_10x10,1,8,sub-pd26_seg011,PD
participant_grouped_10x10,1,8,sub-pd26_seg012,PD
participant_grouped_10x10,1,8,sub-pd26_seg013,PD
participant_grouped_10x10,1,8,sub-pd26_seg014,PD
participant_grouped_10x10,1,8,sub-pd26_seg015,PD
participant_grouped_10x10,1,8,sub-pd26_seg016,PD
participant_grouped_10x10,1,8,sub-pd26_seg017,PD
participant_grouped_10x10,1,8,sub-pd26_seg018,PD
participant_grouped_10x10,1,4,sub-pd28_seg000,HC
participant_grouped_10x10,1,4,sub-pd28_seg001,HC
participant_grouped_10x10,1,4,sub-pd28_seg002,HC
participant_grouped_10x10,1,4,sub-pd28_seg003,HC
participant_grouped_10x10,1,4,sub-pd28_seg004,HC
participant_grouped_10x10,1,4,sub-pd28_seg005,PD
participant_grouped_10x10,1,4,sub-pd28_seg006,HC
participant_grouped_10x10,1,4,sub-pd28_seg007,HC
participant_grouped_10x10,1,4,sub-pd28_seg008,HC
participant_grouped_10x10,1,4,sub-pd28_seg009,HC
participant_grouped_10x10,1,4,sub-pd28_seg010,HC
participant_grouped_10x10,1,4,sub-pd28_seg011,PD
participant_grouped_10x10,1,4,sub-pd28_seg012,HC
participant_grouped_10x10,1,4,sub-pd28_seg013,PD
participant_grouped_10x10,1,4,sub-pd28_seg014,HC
participant_grouped_10x10,1,4,sub-pd28_seg015,HC
participant_grouped_10x10,1,4,sub-pd28_seg016,HC
participant_grouped_10x10,1,4,sub-pd28_seg017,HC
participant_grouped_10x10,1,4,sub-pd28_seg018,HC
participant_grouped_10x10,1,4,sub-pd28_seg019,PD
participant_grouped_10x10,2,7,sub-hc1_seg000,PD
participant_grouped_10x10,2,7,sub-hc1_seg001,PD
participant_grouped_10x10,2,7,sub-hc1_seg002,PD
participant_grouped_10x10,2,7,sub-hc1_seg003,HC
participant_grouped_10x10,2,7,sub-hc1_seg004,HC
participant_grouped_10x10,2,7,sub-hc1_seg005,HC
participant_grouped_10x10,2,7,sub-hc1_seg006,HC
participant_grouped_10x10,2,7,sub-hc1_seg007,HC
participant_grouped_10x10,2,7,sub-hc1_seg008,PD
participant_grouped_10x10,2,7,sub-hc1_seg009,HC
participant_grouped_10x10,2,7,sub-hc1_seg010,HC
participant_grouped_10x10,2,7,sub-hc1_seg011,PD
participant_grouped_10x10,2,7,sub-hc1_seg012,PD
participant_grouped_10x10,2,7,sub-hc1_seg013,PD
participant_grouped_10x10,2,7,sub-hc1_seg014,HC
participant_grouped_10x10,2,7,sub-hc1_seg015,HC
participant_grouped_10x10,2,7,sub-hc1_seg016,HC
participant_grouped_10x10,2,7,sub-hc1_seg017,PD
participant_grouped_10x10,2,7,sub-hc1_seg018,HC
participant_grouped_10x10,2,2,sub-hc2_seg000,PD
participant_grouped_10x10,2,2,sub-hc2_seg001,PD
participant_grouped_10x10,2,2,sub-hc2_seg002,HC
participant_grouped_10x10,2,2,sub-hc2_seg003,PD
participant_grouped_10x10,2,2,sub-hc2_seg004,HC
participant_grouped_10x10,2,2,sub-hc2_seg005,PD
participant_grouped_10x10,2,2,sub-hc2_seg006,PD
participant_grouped_10x10,2,2,sub-hc2_seg007,PD
participant_grouped_10x10,2,2,sub-hc2_seg008,PD
participant_grouped_10x10,2,2,sub-hc2_seg009,PD
participant_grouped_10x10,2,2,sub-hc2_seg010,PD
participant_grouped_10x10,2,2,sub-hc2_seg011,PD
participant_grouped_10x10,2,2,sub-hc2_seg012,PD
participant_grouped_10x10,2,2,sub-hc2_seg013,PD
participant_grouped_10x10,2,2,sub-hc2_seg014,PD
participant_grouped_10x10,2,2,sub-hc2_seg015,PD
participant_grouped_10x10,2,2,sub-hc2_seg016,PD
participant_grouped_10x10,2,2,sub-hc2_seg017,PD
participant_grouped_10x10,2,2,sub-hc2_seg018,PD
participant_grouped_10x10,2,4,sub-hc4_seg000,PD
participant_grouped_10x10,2,4,sub-hc4_seg001,PD
participant_grouped_10x10,2,4,sub-hc4_seg002,PD
participant_grouped_10x10,2,4,sub-hc4_seg003,PD
participant_grouped_10x10,2,4,sub-hc4_seg004,PD
participant_grouped_10x10,2,4,sub-hc4_seg005,PD
participant_grouped_10x10,2,4,sub-hc4_seg006,PD
participant_grouped_10x10,2,4,sub-hc4_seg007,PD
participant_grouped_10x10,2,4,sub-hc4_seg008,PD
participant_grouped_10x10,2,4,sub-hc4_seg009,PD
participant_grouped_10x10,2,4,sub-hc4_seg010,PD
participant_grouped_10x10,2,4,sub-hc4_seg011,PD
participant_grouped_10x10,2,4,sub-hc4_seg012,PD
participant_grouped_10x10,2,4,sub-hc4_seg013,PD
participant_grouped_10x10,2,4,sub-hc4_seg014,PD
participant_grouped_10x10,2,4,sub-hc4_seg015,PD
participant_grouped_10x10,2,4,sub-hc4_seg016,PD
participant_grouped_10x10,2,4,sub-hc4_seg017,PD
participant_grouped_10x10,2,9,sub-hc7_seg000,HC
participant_grouped_10x10,2,9,sub-hc7_seg001,HC
participant_grouped_10x10,2,9,sub-hc7_seg002,HC
participant_grouped_10x10,2,9,sub-hc7_seg003,PD
participant_grouped_10x10,2,9,sub-hc7_seg004,HC
participant_grouped_10x10,2,9,sub-hc7_seg005,PD
participant_grouped_10x10,2,9,sub-hc7_seg006,PD
participant_grouped_10x10,2,9,sub-hc7_seg007,PD
participant_grouped_10x10,2,9,sub-hc7_seg008,PD
participant_grouped_10x10,2,9,sub-hc7_seg009,PD
participant_grouped_10x10,2,9,sub-hc7_seg010,PD
participant_grouped_10x10,2,9,sub-hc7_seg011,PD
participant_grouped_10x10,2,9,sub-hc7_seg012,PD
participant_grouped_10x10,2,9,sub-hc7_seg013,PD
participant_grouped_10x10,2,9,sub-hc7_seg014,PD
participant_grouped_10x10,2,9,sub-hc7_seg015,PD
participant_grouped_10x10,2,9,sub-hc7_seg016,PD
participant_grouped_10x10,2,9,sub-hc7_seg017,PD
participant_grouped_10x10,2,9,sub-hc7_seg018,PD
participant_grouped_10x10,2,4,sub-hc8_seg000,PD
participant_grouped_10x10,2,4,sub-hc8_seg001,PD
participant_grouped_10x10,2,4,sub-hc8_seg002,PD
participant_grouped_10x10,2,4,sub-hc8_seg003,PD
participant_grouped_10x10,2,4,sub-hc8_seg004,PD
participant_grouped_10x10,2,4,sub-hc8_seg005,PD
participant_grouped_10x10,2,4,sub-hc8_seg006,PD
participant_grouped_10x10,2,4,sub-hc8_seg007,PD
participant_grouped_10x10,2,4,sub-hc8_seg008,PD
participant_grouped_10x10,2,4,sub-hc8_seg009,PD
participant_grouped_10x10,2,4,sub-hc8_seg010,PD
participant_grouped_10x10,2,4,sub-hc8_seg011,PD
participant_grouped_10x10,2,4,sub-hc8_seg012,PD
participant_grouped_10x10,2,4,sub-hc8_seg013,PD
participant_grouped_10x10,2,4,sub-hc8_seg014,PD
participant_grouped_10x10,2,4,sub-hc8_seg015,PD
participant_grouped_10x10,2,4,sub-hc8_seg016,PD
participant_grouped_10x10,2,4,sub-hc8_seg017,PD
participant_grouped_10x10,2,4,sub-hc8_seg018,PD
participant_grouped_10x10,2,3,sub-hc10_seg000,PD
participant_grouped_10x10,2,3,sub-hc10_seg001,PD
participant_grouped_10x10,2,3,sub-hc10_seg002,PD
participant_grouped_10x10,2,3,sub-hc10_seg003,HC
participant_grouped_10x10,2,3,sub-hc10_seg004,PD
participant_grouped_10x10,2,3,sub-hc10_seg005,PD
participant_grouped_10x10,2,3,sub-hc10_seg006,PD
participant_grouped_10x10,2,3,sub-hc10_seg007,PD
participant_grouped_10x10,2,3,sub-hc10_seg008,HC
participant_grouped_10x10,2,3,sub-hc10_seg009,HC
participant_grouped_10x10,2,3,sub-hc10_seg010,PD
participant_grouped_10x10,2,3,sub-hc10_seg011,PD
participant_grouped_10x10,2,3,sub-hc10_seg012,HC
participant_grouped_10x10,2,3,sub-hc10_seg013,HC
participant_grouped_10x10,2,3,sub-hc10_seg014,HC
participant_grouped_10x10,2,3,sub-hc10_seg015,PD
participant_grouped_10x10,2,3,sub-hc10_seg016,PD
participant_grouped_10x10,2,3,sub-hc10_seg017,PD
participant_grouped_10x10,2,3,sub-hc10_seg018,PD
participant_grouped_10x10,2,3,sub-hc10_seg019,PD
participant_grouped_10x10,2,2,sub-hc18_seg000,HC
participant_grouped_10x10,2,2,sub-hc18_seg001,HC
participant_grouped_10x10,2,2,sub-hc18_seg002,HC
participant_grouped_10x10,2,2,sub-hc18_seg003,PD
participant_grouped_10x10,2,2,sub-hc18_seg004,PD
participant_grouped_10x10,2,2,sub-hc18_seg005,HC
participant_grouped_10x10,2,2,sub-hc18_seg006,HC
participant_grouped_10x10,2,2,sub-hc18_seg007,HC
participant_grouped_10x10,2,2,sub-hc18_seg008,HC
participant_grouped_10x10,2,2,sub-hc18_seg009,HC
participant_grouped_10x10,2,2,sub-hc18_seg010,HC
participant_grouped_10x10,2,2,sub-hc18_seg011,HC
participant_grouped_10x10,2,2,sub-hc18_seg012,HC
participant_grouped_10x10,2,2,sub-hc18_seg013,PD
participant_grouped_10x10,2,2,sub-hc18_seg014,PD
participant_grouped_10x10,2,2,sub-hc18_seg015,PD
participant_grouped_10x10,2,2,sub-hc18_seg016,PD
participant_grouped_10x10,2,2,sub-hc18_seg017,PD
participant_grouped_10x10,2,9,sub-hc20_seg000,HC
participant_grouped_10x10,2,9,sub-hc20_seg001,PD
participant_grouped_10x10,2,9,sub-hc20_seg002,PD
participant_grouped_10x10,2,9,sub-hc20_seg003,PD
participant_grouped_10x10,2,9,sub-hc20_seg004,PD
participant_grouped_10x10,2,9,sub-hc20_seg005,PD
participant_grouped_10x10,2,9,sub-hc20_seg006,PD
participant_grouped_10x10,2,9,sub-hc20_seg007,PD
participant_grouped_10x10,2,9,sub-hc20_seg008,PD
participant_grouped_10x10,2,9,sub-hc20_seg009,PD
participant_grouped_10x10,2,9,sub-hc20_seg010,PD
participant_grouped_10x10,2,9,sub-hc20_seg011,HC
participant_grouped_10x10,2,9,sub-hc20_seg012,HC
participant_grouped_10x10,2,9,sub-hc20_seg013,HC
participant_grouped_10x10,2,9,sub-hc20_seg014,HC
participant_grouped_10x10,2,9,sub-hc20_seg015,PD
participant_grouped_10x10,2,9,sub-hc20_seg016,PD
participant_grouped_10x10,2,9,sub-hc20_seg017,PD
participant_grouped_10x10,2,1,sub-hc21_seg000,HC
participant_grouped_10x10,2,1,sub-hc21_seg001,PD
participant_grouped_10x10,2,1,sub-hc21_seg002,HC
participant_grouped_10x10,2,1,sub-hc21_seg003,HC
participant_grouped_10x10,2,1,sub-hc21_seg004,PD
participant_grouped_10x10,2,1,sub-hc21_seg005,PD
participant_grouped_10x10,2,1,sub-hc21_seg006,HC
participant_grouped_10x10,2,1,sub-hc21_seg007,HC
participant_grouped_10x10,2,1,sub-hc21_seg008,HC
participant_grouped_10x10,2,1,sub-hc21_seg009,HC
participant_grouped_10x10,2,1,sub-hc21_seg010,PD
participant_grouped_10x10,2,1,sub-hc21_seg011,PD
participant_grouped_10x10,2,1,sub-hc21_seg012,PD
participant_grouped_10x10,2,1,sub-hc21_seg013,HC
participant_grouped_10x10,2,1,sub-hc21_seg014,PD
participant_grouped_10x10,2,1,sub-hc21_seg015,PD
participant_grouped_10x10,2,1,sub-hc21_seg016,PD
participant_grouped_10x10,2,1,sub-hc21_seg017,PD
participant_grouped_10x10,2,1,sub-hc24_seg000,HC
participant_grouped_10x10,2,1,sub-hc24_seg001,HC
participant_grouped_10x10,2,1,sub-hc24_seg002,HC
participant_grouped_10x10,2,1,sub-hc24_seg003,HC
participant_grouped_10x10,2,1,sub-hc24_seg004,HC
participant_grouped_10x10,2,1,sub-hc24_seg005,HC
participant_grouped_10x10,2,1,sub-hc24_seg006,HC
participant_grouped_10x10,2,1,sub-hc24_seg007,PD
participant_grouped_10x10,2,1,sub-hc24_seg008,HC
participant_grouped_10x10,2,1,sub-hc24_seg009,HC
participant_grouped_10x10,2,1,sub-hc24_seg010,HC
participant_grouped_10x10,2,1,sub-hc24_seg011,HC
participant_grouped_10x10,2,1,sub-hc24_seg012,PD
participant_grouped_10x10,2,1,sub-hc24_seg013,HC
participant_grouped_10x10,2,1,sub-hc24_seg014,HC
participant_grouped_10x10,2,1,sub-hc24_seg015,HC
participant_grouped_10x10,2,1,sub-hc24_seg016,HC
participant_grouped_10x10,2,1,sub-hc24_seg017,PD
participant_grouped_10x10,2,1,sub-hc24_seg018,PD
participant_grouped_10x10,2,5,sub-hc25_seg000,PD
participant_grouped_10x10,2,5,sub-hc25_seg001,PD
participant_grouped_10x10,2,5,sub-hc25_seg002,PD
participant_grouped_10x10,2,5,sub-hc25_seg003,PD
participant_grouped_10x10,2,5,sub-hc25_seg004,PD
participant_grouped_10x10,2,5,sub-hc25_seg005,PD
participant_grouped_10x10,2,5,sub-hc25_seg006,PD
participant_grouped_10x10,2,5,sub-hc25_seg007,PD
participant_grouped_10x10,2,5,sub-hc25_seg008,PD
participant_grouped_10x10,2,5,sub-hc25_seg009,PD
participant_grouped_10x10,2,5,sub-hc25_seg010,PD
participant_grouped_10x10,2,5,sub-hc25_seg011,PD
participant_grouped_10x10,2,5,sub-hc25_seg012,PD
participant_grouped_10x10,2,5,sub-hc25_seg013,PD
participant_grouped_10x10,2,5,sub-hc25_seg014,PD
participant_grouped_10x10,2,5,sub-hc25_seg015,PD
participant_grouped_10x10,2,5,sub-hc25_seg016,HC
participant_grouped_10x10,2,5,sub-hc25_seg017,PD
participant_grouped_10x10,2,5,sub-hc25_seg018,PD
participant_grouped_10x10,2,5,sub-hc25_seg019,PD
participant_grouped_10x10,2,0,sub-hc29_seg000,PD
participant_grouped_10x10,2,0,sub-hc29_seg001,PD
participant_grouped_10x10,2,0,sub-hc29_seg002,PD
participant_grouped_10x10,2,0,sub-hc29_seg003,PD
participant_grouped_10x10,2,0,sub-hc29_seg004,PD
participant_grouped_10x10,2,0,sub-hc29_seg005,PD
participant_grouped_10x10,2,0,sub-hc29_seg006,PD
participant_grouped_10x10,2,0,sub-hc29_seg007,PD
participant_grouped_10x10,2,0,sub-hc29_seg008,PD
participant_grouped_10x10,2,0,sub-hc29_seg009,PD
participant_grouped_10x10,2,0,sub-hc29_seg010,PD
participant_grouped_10x10,2,0,sub-hc29_seg011,PD
participant_grouped_10x10,2,0,sub-hc29_seg012,PD
participant_grouped_10x10,2,0,sub-hc29_seg013,PD
participant_grouped_10x10,2,0,sub-hc29_seg014,PD
participant_grouped_10x10,2,0,sub-hc29_seg015,PD
participant_grouped_10x10,2,0,sub-hc29_seg016,PD
participant_grouped_10x10,2,0,sub-hc29_seg017,PD
participant_grouped_10x10,2,0,sub-hc29_seg018,PD
participant_grouped_10x10,2,7,sub-hc30_seg000,HC
participant_grouped_10x10,2,7,sub-hc30_seg001,PD
participant_grouped_10x10,2,7,sub-hc30_seg002,PD
participant_grouped_10x10,2,7,sub-hc30_seg003,PD
participant_grouped_10x10,2,7,sub-hc30_seg004,PD
participant_grouped_10x10,2,7,sub-hc30_seg005,HC
participant_grouped_10x10,2,7,sub-hc30_seg006,PD
participant_grouped_10x10,2,7,sub-hc30_seg007,PD
participant_grouped_10x10,2,7,sub-hc30_seg008,HC
participant_grouped_10x10,2,7,sub-hc30_seg009,HC
participant_grouped_10x10,2,7,sub-hc30_seg010,HC
participant_grouped_10x10,2,7,sub-hc30_seg011,HC
participant_grouped_10x10,2,7,sub-hc30_seg012,HC
participant_grouped_10x10,2,7,sub-hc30_seg013,HC
participant_grouped_10x10,2,7,sub-hc30_seg014,HC
participant_grouped_10x10,2,7,sub-hc30_seg015,HC
participant_grouped_10x10,2,7,sub-hc30_seg016,HC
participant_grouped_10x10,2,7,sub-hc30_seg017,HC
participant_grouped_10x10,2,8,sub-hc31_seg000,PD
participant_grouped_10x10,2,8,sub-hc31_seg001,PD
participant_grouped_10x10,2,8,sub-hc31_seg002,PD
participant_grouped_10x10,2,8,sub-hc31_seg003,PD
participant_grouped_10x10,2,8,sub-hc31_seg004,PD
participant_grouped_10x10,2,8,sub-hc31_seg005,PD
participant_grouped_10x10,2,8,sub-hc31_seg006,PD
participant_grouped_10x10,2,8,sub-hc31_seg007,PD
participant_grouped_10x10,2,8,sub-hc31_seg008,PD
participant_grouped_10x10,2,8,sub-hc31_seg009,HC
participant_grouped_10x10,2,8,sub-hc31_seg010,HC
participant_grouped_10x10,2,8,sub-hc31_seg011,PD
participant_grouped_10x10,2,8,sub-hc31_seg012,PD
participant_grouped_10x10,2,8,sub-hc31_seg013,PD
participant_grouped_10x10,2,8,sub-hc31_seg014,PD
participant_grouped_10x10,2,8,sub-hc31_seg015,HC
participant_grouped_10x10,2,8,sub-hc31_seg016,PD
participant_grouped_10x10,2,8,sub-hc31_seg017,PD
participant_grouped_10x10,2,6,sub-hc32_seg000,PD
participant_grouped_10x10,2,6,sub-hc32_seg001,PD
participant_grouped_10x10,2,6,sub-hc32_seg002,PD
participant_grouped_10x10,2,6,sub-hc32_seg003,PD
participant_grouped_10x10,2,6,sub-hc32_seg004,PD
participant_grouped_10x10,2,6,sub-hc32_seg005,PD
participant_grouped_10x10,2,6,sub-hc32_seg006,PD
participant_grouped_10x10,2,6,sub-hc32_seg007,PD
participant_grouped_10x10,2,6,sub-hc32_seg008,PD
participant_grouped_10x10,2,6,sub-hc32_seg009,PD
participant_grouped_10x10,2,6,sub-hc32_seg010,PD
participant_grouped_10x10,2,6,sub-hc32_seg011,PD
participant_grouped_10x10,2,6,sub-hc32_seg012,PD
participant_grouped_10x10,2,6,sub-hc32_seg013,PD
participant_grouped_10x10,2,6,sub-hc32_seg014,PD
participant_grouped_10x10,2,6,sub-hc32_seg015,PD
participant_grouped_10x10,2,6,sub-hc32_seg016,PD
participant_grouped_10x10,2,6,sub-hc32_seg017,PD
participant_grouped_10x10,2,6,sub-hc32_seg018,PD
participant_grouped_10x10,2,8,sub-hc33_seg000,HC
participant_grouped_10x10,2,8,sub-hc33_seg001,HC
participant_grouped_10x10,2,8,sub-hc33_seg002,HC
participant_grouped_10x10,2,8,sub-hc33_seg003,HC
participant_grouped_10x10,2,8,sub-hc33_seg004,HC
participant_grouped_10x10,2,8,sub-hc33_seg005,HC
participant_grouped_10x10,2,8,sub-hc33_seg006,HC
participant_grouped_10x10,2,8,sub-hc33_seg007,HC
participant_grouped_10x10,2,8,sub-hc33_seg008,HC
participant_grouped_10x10,2,8,sub-hc33_seg009,HC
participant_grouped_10x10,2,8,sub-hc33_seg010,HC
participant_grouped_10x10,2,8,sub-hc33_seg011,HC
participant_grouped_10x10,2,8,sub-hc33_seg012,PD
participant_grouped_10x10,2,8,sub-hc33_seg013,PD
participant_grouped_10x10,2,8,sub-hc33_seg014,PD
participant_grouped_10x10,2,8,sub-hc33_seg015,HC
participant_grouped_10x10,2,8,sub-hc33_seg016,HC
participant_grouped_10x10,2,8,sub-hc33_seg017,HC
participant_grouped_10x10,2,8,sub-hc33_seg018,HC
participant_grouped_10x10,2,6,sub-pd3_seg000,HC
participant_grouped_10x10,2,6,sub-pd3_seg001,PD
participant_grouped_10x10,2,6,sub-pd3_seg002,PD
participant_grouped_10x10,2,6,sub-pd3_seg003,HC
participant_grouped_10x10,2,6,sub-pd3_seg004,PD
participant_grouped_10x10,2,6,sub-pd3_seg005,PD
participant_grouped_10x10,2,6,sub-pd3_seg006,PD
participant_grouped_10x10,2,6,sub-pd3_seg007,PD
participant_grouped_10x10,2,6,sub-pd3_seg008,HC
participant_grouped_10x10,2,6,sub-pd3_seg009,HC
participant_grouped_10x10,2,6,sub-pd3_seg010,HC
participant_grouped_10x10,2,6,sub-pd3_seg011,HC
participant_grouped_10x10,2,6,sub-pd3_seg012,HC
participant_grouped_10x10,2,6,sub-pd3_seg013,HC
participant_grouped_10x10,2,6,sub-pd3_seg014,HC
participant_grouped_10x10,2,6,sub-pd3_seg015,HC
participant_grouped_10x10,2,6,sub-pd3_seg016,HC
participant_grouped_10x10,2,6,sub-pd3_seg017,HC
participant_grouped_10x10,2,6,sub-pd3_seg018,HC
participant_grouped_10x10,2,6,sub-pd3_seg019,HC
participant_grouped_10x10,2,9,sub-pd5_seg000,PD
participant_grouped_10x10,2,9,sub-pd5_seg001,HC
participant_grouped_10x10,2,9,sub-pd5_seg002,HC
participant_grouped_10x10,2,9,sub-pd5_seg003,HC
participant_grouped_10x10,2,9,sub-pd5_seg004,HC
participant_grouped_10x10,2,9,sub-pd5_seg005,HC
participant_grouped_10x10,2,9,sub-pd5_seg006,PD
participant_grouped_10x10,2,9,sub-pd5_seg007,PD
participant_grouped_10x10,2,9,sub-pd5_seg008,HC
participant_grouped_10x10,2,9,sub-pd5_seg009,HC
participant_grouped_10x10,2,9,sub-pd5_seg010,HC
participant_grouped_10x10,2,9,sub-pd5_seg011,HC
participant_grouped_10x10,2,9,sub-pd5_seg012,HC
participant_grouped_10x10,2,9,sub-pd5_seg013,HC
participant_grouped_10x10,2,9,sub-pd5_seg014,PD
participant_grouped_10x10,2,9,sub-pd5_seg015,PD
participant_grouped_10x10,2,9,sub-pd5_seg016,PD
participant_grouped_10x10,2,9,sub-pd5_seg017,PD
participant_grouped_10x10,2,9,sub-pd5_seg018,PD
participant_grouped_10x10,2,7,sub-pd6_seg000,PD
participant_grouped_10x10,2,7,sub-pd6_seg001,HC
participant_grouped_10x10,2,7,sub-pd6_seg002,HC
participant_grouped_10x10,2,7,sub-pd6_seg003,HC
participant_grouped_10x10,2,7,sub-pd6_seg004,HC
participant_grouped_10x10,2,7,sub-pd6_seg005,PD
participant_grouped_10x10,2,7,sub-pd6_seg006,HC
participant_grouped_10x10,2,7,sub-pd6_seg007,HC
participant_grouped_10x10,2,7,sub-pd6_seg008,HC
participant_grouped_10x10,2,7,sub-pd6_seg009,HC
participant_grouped_10x10,2,7,sub-pd6_seg010,HC
participant_grouped_10x10,2,7,sub-pd6_seg011,HC
participant_grouped_10x10,2,7,sub-pd6_seg012,HC
participant_grouped_10x10,2,7,sub-pd6_seg013,PD
participant_grouped_10x10,2,7,sub-pd6_seg014,PD
participant_grouped_10x10,2,7,sub-pd6_seg015,HC
participant_grouped_10x10,2,7,sub-pd6_seg016,PD
participant_grouped_10x10,2,7,sub-pd6_seg017,HC
participant_grouped_10x10,2,7,sub-pd6_seg018,HC
participant_grouped_10x10,2,3,sub-pd9_seg000,PD
participant_grouped_10x10,2,3,sub-pd9_seg001,PD
participant_grouped_10x10,2,3,sub-pd9_seg002,HC
participant_grouped_10x10,2,3,sub-pd9_seg003,PD
participant_grouped_10x10,2,3,sub-pd9_seg004,PD
participant_grouped_10x10,2,3,sub-pd9_seg005,PD
participant_grouped_10x10,2,3,sub-pd9_seg006,PD
participant_grouped_10x10,2,3,sub-pd9_seg007,HC
participant_grouped_10x10,2,3,sub-pd9_seg008,PD
participant_grouped_10x10,2,3,sub-pd9_seg009,PD
participant_grouped_10x10,2,3,sub-pd9_seg010,PD
participant_grouped_10x10,2,3,sub-pd9_seg011,PD
participant_grouped_10x10,2,3,sub-pd9_seg012,PD
participant_grouped_10x10,2,3,sub-pd9_seg013,PD
participant_grouped_10x10,2,3,sub-pd9_seg014,HC
participant_grouped_10x10,2,3,sub-pd9_seg015,PD
participant_grouped_10x10,2,3,sub-pd9_seg016,PD
participant_grouped_10x10,2,3,sub-pd9_seg017,PD
participant_grouped_10x10,2,3,sub-pd9_seg018,PD
participant_grouped_10x10,2,4,sub-pd12_seg000,HC
participant_grouped_10x10,2,4,sub-pd12_seg001,HC
participant_grouped_10x10,2,4,sub-pd12_seg002,HC
participant_grouped_10x10,2,4,sub-pd12_seg003,HC
participant_grouped_10x10,2,4,sub-pd12_seg004,PD
participant_grouped_10x10,2,4,sub-pd12_seg005,HC
participant_grouped_10x10,2,4,sub-pd12_seg006,HC
participant_grouped_10x10,2,4,sub-pd12_seg007,HC
participant_grouped_10x10,2,4,sub-pd12_seg008,HC
participant_grouped_10x10,2,4,sub-pd12_seg009,HC
participant_grouped_10x10,2,4,sub-pd12_seg010,PD
participant_grouped_10x10,2,4,sub-pd12_seg011,PD
participant_grouped_10x10,2,4,sub-pd12_seg012,PD
participant_grouped_10x10,2,4,sub-pd12_seg013,PD
participant_grouped_10x10,2,4,sub-pd12_seg014,PD
participant_grouped_10x10,2,4,sub-pd12_seg015,PD
participant_grouped_10x10,2,4,sub-pd12_seg016,PD
participant_grouped_10x10,2,4,sub-pd12_seg017,PD
participant_grouped_10x10,2,4,sub-pd12_seg018,PD
participant_grouped_10x10,2,4,sub-pd12_seg019,PD
participant_grouped_10x10,2,5,sub-pd11_seg000,PD
participant_grouped_10x10,2,5,sub-pd11_seg001,PD
participant_grouped_10x10,2,5,sub-pd11_seg002,PD
participant_grouped_10x10,2,5,sub-pd11_seg003,PD
participant_grouped_10x10,2,5,sub-pd11_seg004,PD
participant_grouped_10x10,2,5,sub-pd11_seg005,PD
participant_grouped_10x10,2,5,sub-pd11_seg006,PD
participant_grouped_10x10,2,5,sub-pd11_seg007,PD
participant_grouped_10x10,2,5,sub-pd11_seg008,PD
participant_grouped_10x10,2,5,sub-pd11_seg009,PD
participant_grouped_10x10,2,5,sub-pd11_seg010,PD
participant_grouped_10x10,2,5,sub-pd11_seg011,PD
participant_grouped_10x10,2,5,sub-pd11_seg012,PD
participant_grouped_10x10,2,5,sub-pd11_seg013,PD
participant_grouped_10x10,2,5,sub-pd11_seg014,PD
participant_grouped_10x10,2,5,sub-pd11_seg015,PD
participant_grouped_10x10,2,5,sub-pd11_seg016,PD
participant_grouped_10x10,2,5,sub-pd11_seg017,PD
participant_grouped_10x10,2,8,sub-pd13_seg000,PD
participant_grouped_10x10,2,8,sub-pd13_seg001,PD
participant_grouped_10x10,2,8,sub-pd13_seg002,PD
participant_grouped_10x10,2,8,sub-pd13_seg003,PD
participant_grouped_10x10,2,8,sub-pd13_seg004,PD
participant_grouped_10x10,2,8,sub-pd13_seg005,PD
participant_grouped_10x10,2,8,sub-pd13_seg006,PD
participant_grouped_10x10,2,8,sub-pd13_seg007,PD
participant_grouped_10x10,2,8,sub-pd13_seg008,PD
participant_grouped_10x10,2,8,sub-pd13_seg009,PD
participant_grouped_10x10,2,8,sub-pd13_seg010,PD
participant_grouped_10x10,2,8,sub-pd13_seg011,PD
participant_grouped_10x10,2,8,sub-pd13_seg012,PD
participant_grouped_10x10,2,8,sub-pd13_seg013,PD
participant_grouped_10x10,2,8,sub-pd13_seg014,PD
participant_grouped_10x10,2,8,sub-pd13_seg015,PD
participant_grouped_10x10,2,8,sub-pd13_seg016,PD
participant_grouped_10x10,2,8,sub-pd13_seg017,PD
participant_grouped_10x10,2,0,sub-pd14_seg000,PD
participant_grouped_10x10,2,0,sub-pd14_seg001,PD
participant_grouped_10x10,2,0,sub-pd14_seg002,PD
participant_grouped_10x10,2,0,sub-pd14_seg003,PD
participant_grouped_10x10,2,0,sub-pd14_seg004,HC
participant_grouped_10x10,2,0,sub-pd14_seg005,PD
participant_grouped_10x10,2,0,sub-pd14_seg006,PD
participant_grouped_10x10,2,0,sub-pd14_seg007,PD
participant_grouped_10x10,2,0,sub-pd14_seg008,PD
participant_grouped_10x10,2,0,sub-pd14_seg009,HC
participant_grouped_10x10,2,0,sub-pd14_seg010,PD
participant_grouped_10x10,2,0,sub-pd14_seg011,PD
participant_grouped_10x10,2,0,sub-pd14_seg012,PD
participant_grouped_10x10,2,0,sub-pd14_seg013,PD
participant_grouped_10x10,2,0,sub-pd14_seg014,HC
participant_grouped_10x10,2,0,sub-pd14_seg015,HC
participant_grouped_10x10,2,0,sub-pd14_seg016,PD
participant_grouped_10x10,2,0,sub-pd14_seg017,PD
participant_grouped_10x10,2,0,sub-pd14_seg018,HC
participant_grouped_10x10,2,0,sub-pd14_seg019,HC
participant_grouped_10x10,2,0,sub-pd14_seg020,HC
participant_grouped_10x10,2,0,sub-pd14_seg021,PD
participant_grouped_10x10,2,0,sub-pd14_seg022,HC
participant_grouped_10x10,2,0,sub-pd14_seg023,HC
participant_grouped_10x10,2,0,sub-pd14_seg024,HC
participant_grouped_10x10,2,0,sub-pd14_seg025,PD
participant_grouped_10x10,2,0,sub-pd14_seg026,PD
participant_grouped_10x10,2,0,sub-pd14_seg027,PD
participant_grouped_10x10,2,0,sub-pd14_seg028,PD
participant_grouped_10x10,2,5,sub-pd16_seg000,HC
participant_grouped_10x10,2,5,sub-pd16_seg001,PD
participant_grouped_10x10,2,5,sub-pd16_seg002,PD
participant_grouped_10x10,2,5,sub-pd16_seg003,PD
participant_grouped_10x10,2,5,sub-pd16_seg004,PD
participant_grouped_10x10,2,5,sub-pd16_seg005,PD
participant_grouped_10x10,2,5,sub-pd16_seg006,PD
participant_grouped_10x10,2,5,sub-pd16_seg007,PD
participant_grouped_10x10,2,5,sub-pd16_seg008,PD
participant_grouped_10x10,2,5,sub-pd16_seg009,PD
participant_grouped_10x10,2,5,sub-pd16_seg010,PD
participant_grouped_10x10,2,5,sub-pd16_seg011,PD
participant_grouped_10x10,2,5,sub-pd16_seg012,PD
participant_grouped_10x10,2,5,sub-pd16_seg013,PD
participant_grouped_10x10,2,5,sub-pd16_seg014,PD
participant_grouped_10x10,2,5,sub-pd16_seg015,PD
participant_grouped_10x10,2,5,sub-pd16_seg016,PD
participant_grouped_10x10,2,5,sub-pd16_seg017,PD
participant_grouped_10x10,2,3,sub-pd17_seg000,HC
participant_grouped_10x10,2,3,sub-pd17_seg001,HC
participant_grouped_10x10,2,3,sub-pd17_seg002,HC
participant_grouped_10x10,2,3,sub-pd17_seg003,HC
participant_grouped_10x10,2,3,sub-pd17_seg004,HC
participant_grouped_10x10,2,3,sub-pd17_seg005,HC
participant_grouped_10x10,2,3,sub-pd17_seg006,HC
participant_grouped_10x10,2,3,sub-pd17_seg007,HC
participant_grouped_10x10,2,3,sub-pd17_seg008,HC
participant_grouped_10x10,2,3,sub-pd17_seg009,HC
participant_grouped_10x10,2,3,sub-pd17_seg010,HC
participant_grouped_10x10,2,3,sub-pd17_seg011,HC
participant_grouped_10x10,2,3,sub-pd17_seg012,HC
participant_grouped_10x10,2,3,sub-pd17_seg013,HC
participant_grouped_10x10,2,3,sub-pd17_seg014,HC
participant_grouped_10x10,2,3,sub-pd17_seg015,HC
participant_grouped_10x10,2,3,sub-pd17_seg016,PD
participant_grouped_10x10,2,3,sub-pd17_seg017,PD
participant_grouped_10x10,2,9,sub-pd19_seg000,HC
participant_grouped_10x10,2,9,sub-pd19_seg001,HC
participant_grouped_10x10,2,9,sub-pd19_seg002,PD
participant_grouped_10x10,2,9,sub-pd19_seg003,PD
participant_grouped_10x10,2,9,sub-pd19_seg004,PD
participant_grouped_10x10,2,9,sub-pd19_seg005,PD
participant_grouped_10x10,2,9,sub-pd19_seg006,PD
participant_grouped_10x10,2,9,sub-pd19_seg007,PD
participant_grouped_10x10,2,9,sub-pd19_seg008,PD
participant_grouped_10x10,2,9,sub-pd19_seg009,PD
participant_grouped_10x10,2,9,sub-pd19_seg010,PD
participant_grouped_10x10,2,9,sub-pd19_seg011,PD
participant_grouped_10x10,2,9,sub-pd19_seg012,HC
participant_grouped_10x10,2,9,sub-pd19_seg013,PD
participant_grouped_10x10,2,9,sub-pd19_seg014,HC
participant_grouped_10x10,2,9,sub-pd19_seg015,PD
participant_grouped_10x10,2,9,sub-pd19_seg016,PD
participant_grouped_10x10,2,9,sub-pd19_seg017,PD
participant_grouped_10x10,2,7,sub-pd22_seg000,PD
participant_grouped_10x10,2,7,sub-pd22_seg001,PD
participant_grouped_10x10,2,7,sub-pd22_seg002,PD
participant_grouped_10x10,2,7,sub-pd22_seg003,PD
participant_grouped_10x10,2,7,sub-pd22_seg004,PD
participant_grouped_10x10,2,7,sub-pd22_seg005,PD
participant_grouped_10x10,2,7,sub-pd22_seg006,PD
participant_grouped_10x10,2,7,sub-pd22_seg007,PD
participant_grouped_10x10,2,7,sub-pd22_seg008,PD
participant_grouped_10x10,2,7,sub-pd22_seg009,PD
participant_grouped_10x10,2,7,sub-pd22_seg010,PD
participant_grouped_10x10,2,7,sub-pd22_seg011,PD
participant_grouped_10x10,2,7,sub-pd22_seg012,PD
participant_grouped_10x10,2,7,sub-pd22_seg013,PD
participant_grouped_10x10,2,7,sub-pd22_seg014,PD
participant_grouped_10x10,2,7,sub-pd22_seg015,PD
participant_grouped_10x10,2,7,sub-pd22_seg016,HC
participant_grouped_10x10,2,7,sub-pd22_seg017,HC
participant_grouped_10x10,2,2,sub-pd23_seg000,PD
participant_grouped_10x10,2,2,sub-pd23_seg001,PD
participant_grouped_10x10,2,2,sub-pd23_seg002,PD
participant_grouped_10x10,2,2,sub-pd23_seg003,PD
participant_grouped_10x10,2,2,sub-pd23_seg004,PD
participant_grouped_10x10,2,2,sub-pd23_seg005,PD
participant_grouped_10x10,2,2,sub-pd23_seg006,PD
participant_grouped_10x10,2,2,sub-pd23_seg007,PD
participant_grouped_10x10,2,2,sub-pd23_seg008,PD
participant_grouped_10x10,2,2,sub-pd23_seg009,PD
participant_grouped_10x10,2,2,sub-pd23_seg010,PD
participant_grouped_10x10,2,2,sub-pd23_seg011,PD
participant_grouped_10x10,2,2,sub-pd23_seg012,PD
participant_grouped_10x10,2,2,sub-pd23_seg013,PD
participant_grouped_10x10,2,2,sub-pd23_seg014,PD
participant_grouped_10x10,2,2,sub-pd23_seg015,PD
participant_grouped_10x10,2,2,sub-pd23_seg016,PD
participant_grouped_10x10,2,2,sub-pd23_seg017,PD
participant_grouped_10x10,2,2,sub-pd23_seg018,PD
participant_grouped_10x10,2,2,sub-pd23_seg019,HC
participant_grouped_10x10,2,8,sub-pd26_seg000,PD
participant_grouped_10x10,2,8,sub-pd26_seg001,PD
participant_grouped_10x10,2,8,sub-pd26_seg002,PD
participant_grouped_10x10,2,8,sub-pd26_seg003,PD
participant_grouped_10x10,2,8,sub-pd26_seg004,PD
participant_grouped_10x10,2,8,sub-pd26_seg005,PD
participant_grouped_10x10,2,8,sub-pd26_seg006,PD
participant_grouped_10x10,2,8,sub-pd26_seg007,PD
participant_grouped_10x10,2,8,sub-pd26_seg008,PD
participant_grouped_10x10,2,8,sub-pd26_seg009,PD
participant_grouped_10x10,2,8,sub-pd26_seg010,PD
participant_grouped_10x10,2,8,sub-pd26_seg011,PD
participant_grouped_10x10,2,8,sub-pd26_seg012,PD
participant_grouped_10x10,2,8,sub-pd26_seg013,PD
participant_grouped_10x10,2,8,sub-pd26_seg014,PD
participant_grouped_10x10,2,8,sub-pd26_seg015,PD
participant_grouped_10x10,2,8,sub-pd26_seg016,PD
participant_grouped_10x10,2,8,sub-pd26_seg017,PD
participant_grouped_10x10,2,8,sub-pd26_seg018,PD
participant_grouped_10x10,2,1,sub-pd28_seg000,HC
participant_grouped_10x10,2,1,sub-pd28_seg001,HC
participant_grouped_10x10,2,1,sub-pd28_seg002,HC
participant_grouped_10x10,2,1,sub-pd28_seg003,HC
participant_grouped_10x10,2,1,sub-pd28_seg004,HC
participant_grouped_10x10,2,1,sub-pd28_seg005,PD
participant_grouped_10x10,2,1,sub-pd28_seg006,HC
participant_grouped_10x10,2,1,sub-pd28_seg007,HC
participant_grouped_10x10,2,1,sub-pd28_seg008,HC
participant_grouped_10x10,2,1,sub-pd28_seg009,HC
participant_grouped_10x10,2,1,sub-pd28_seg010,HC
participant_grouped_10x10,2,1,sub-pd28_seg011,PD
participant_grouped_10x10,2,1,sub-pd28_seg012,HC
participant_grouped_10x10,2,1,sub-pd28_seg013,PD
participant_grouped_10x10,2,1,sub-pd28_seg014,HC
participant_grouped_10x10,2,1,sub-pd28_seg015,HC
participant_grouped_10x10,2,1,sub-pd28_seg016,HC
participant_grouped_10x10,2,1,sub-pd28_seg017,HC
participant_grouped_10x10,2,1,sub-pd28_seg018,HC
participant_grouped_10x10,2,1,sub-pd28_seg019,PD
participant_grouped_10x10,3,5,sub-hc1_seg000,PD
participant_grouped_10x10,3,5,sub-hc1_seg001,PD
participant_grouped_10x10,3,5,sub-hc1_seg002,PD
participant_grouped_10x10,3,5,sub-hc1_seg003,HC
participant_grouped_10x10,3,5,sub-hc1_seg004,HC
participant_grouped_10x10,3,5,sub-hc1_seg005,HC
participant_grouped_10x10,3,5,sub-hc1_seg006,HC
participant_grouped_10x10,3,5,sub-hc1_seg007,HC
participant_grouped_10x10,3,5,sub-hc1_seg008,PD
participant_grouped_10x10,3,5,sub-hc1_seg009,HC
participant_grouped_10x10,3,5,sub-hc1_seg010,HC
participant_grouped_10x10,3,5,sub-hc1_seg011,PD
participant_grouped_10x10,3,5,sub-hc1_seg012,PD
participant_grouped_10x10,3,5,sub-hc1_seg013,PD
participant_grouped_10x10,3,5,sub-hc1_seg014,HC
participant_grouped_10x10,3,5,sub-hc1_seg015,HC
participant_grouped_10x10,3,5,sub-hc1_seg016,HC
participant_grouped_10x10,3,5,sub-hc1_seg017,PD
participant_grouped_10x10,3,5,sub-hc1_seg018,HC
participant_grouped_10x10,3,0,sub-hc2_seg000,PD
participant_grouped_10x10,3,0,sub-hc2_seg001,PD
participant_grouped_10x10,3,0,sub-hc2_seg002,HC
participant_grouped_10x10,3,0,sub-hc2_seg003,PD
participant_grouped_10x10,3,0,sub-hc2_seg004,HC
participant_grouped_10x10,3,0,sub-hc2_seg005,PD
participant_grouped_10x10,3,0,sub-hc2_seg006,PD
participant_grouped_10x10,3,0,sub-hc2_seg007,PD
participant_grouped_10x10,3,0,sub-hc2_seg008,PD
participant_grouped_10x10,3,0,sub-hc2_seg009,PD
participant_grouped_10x10,3,0,sub-hc2_seg010,PD
participant_grouped_10x10,3,0,sub-hc2_seg011,PD
participant_grouped_10x10,3,0,sub-hc2_seg012,PD
participant_grouped_10x10,3,0,sub-hc2_seg013,PD
participant_grouped_10x10,3,0,sub-hc2_seg014,PD
participant_grouped_10x10,3,0,sub-hc2_seg015,PD
participant_grouped_10x10,3,0,sub-hc2_seg016,PD
participant_grouped_10x10,3,0,sub-hc2_seg017,PD
participant_grouped_10x10,3,0,sub-hc2_seg018,PD
participant_grouped_10x10,3,1,sub-hc4_seg000,PD
participant_grouped_10x10,3,1,sub-hc4_seg001,PD
participant_grouped_10x10,3,1,sub-hc4_seg002,PD
participant_grouped_10x10,3,1,sub-hc4_seg003,PD
participant_grouped_10x10,3,1,sub-hc4_seg004,PD
participant_grouped_10x10,3,1,sub-hc4_seg005,PD
participant_grouped_10x10,3,1,sub-hc4_seg006,PD
participant_grouped_10x10,3,1,sub-hc4_seg007,PD
participant_grouped_10x10,3,1,sub-hc4_seg008,PD
participant_grouped_10x10,3,1,sub-hc4_seg009,PD
participant_grouped_10x10,3,1,sub-hc4_seg010,PD
participant_grouped_10x10,3,1,sub-hc4_seg011,PD
participant_grouped_10x10,3,1,sub-hc4_seg012,PD
participant_grouped_10x10,3,1,sub-hc4_seg013,PD
participant_grouped_10x10,3,1,sub-hc4_seg014,PD
participant_grouped_10x10,3,1,sub-hc4_seg015,PD
participant_grouped_10x10,3,1,sub-hc4_seg016,PD
participant_grouped_10x10,3,1,sub-hc4_seg017,HC
participant_grouped_10x10,3,8,sub-hc7_seg000,HC
participant_grouped_10x10,3,8,sub-hc7_seg001,HC
participant_grouped_10x10,3,8,sub-hc7_seg002,HC
participant_grouped_10x10,3,8,sub-hc7_seg003,PD
participant_grouped_10x10,3,8,sub-hc7_seg004,HC
participant_grouped_10x10,3,8,sub-hc7_seg005,HC
participant_grouped_10x10,3,8,sub-hc7_seg006,PD
participant_grouped_10x10,3,8,sub-hc7_seg007,PD
participant_grouped_10x10,3,8,sub-hc7_seg008,PD
participant_grouped_10x10,3,8,sub-hc7_seg009,PD
participant_grouped_10x10,3,8,sub-hc7_seg010,PD
participant_grouped_10x10,3,8,sub-hc7_seg011,PD
participant_grouped_10x10,3,8,sub-hc7_seg012,PD
participant_grouped_10x10,3,8,sub-hc7_seg013,PD
participant_grouped_10x10,3,8,sub-hc7_seg014,PD
participant_grouped_10x10,3,8,sub-hc7_seg015,PD
participant_grouped_10x10,3,8,sub-hc7_seg016,PD
participant_grouped_10x10,3,8,sub-hc7_seg017,PD
participant_grouped_10x10,3,8,sub-hc7_seg018,PD
participant_grouped_10x10,3,7,sub-hc8_seg000,PD
participant_grouped_10x10,3,7,sub-hc8_seg001,PD
participant_grouped_10x10,3,7,sub-hc8_seg002,PD
participant_grouped_10x10,3,7,sub-hc8_seg003,PD
participant_grouped_10x10,3,7,sub-hc8_seg004,PD
participant_grouped_10x10,3,7,sub-hc8_seg005,PD
participant_grouped_10x10,3,7,sub-hc8_seg006,PD
participant_grouped_10x10,3,7,sub-hc8_seg007,PD
participant_grouped_10x10,3,7,sub-hc8_seg008,PD
participant_grouped_10x10,3,7,sub-hc8_seg009,PD
participant_grouped_10x10,3,7,sub-hc8_seg010,PD
participant_grouped_10x10,3,7,sub-hc8_seg011,PD
participant_grouped_10x10,3,7,sub-hc8_seg012,PD
participant_grouped_10x10,3,7,sub-hc8_seg013,PD
participant_grouped_10x10,3,7,sub-hc8_seg014,PD
participant_grouped_10x10,3,7,sub-hc8_seg015,PD
participant_grouped_10x10,3,7,sub-hc8_seg016,PD
participant_grouped_10x10,3,7,sub-hc8_seg017,PD
participant_grouped_10x10,3,7,sub-hc8_seg018,PD
participant_grouped_10x10,3,3,sub-hc10_seg000,PD
participant_grouped_10x10,3,3,sub-hc10_seg001,PD
participant_grouped_10x10,3,3,sub-hc10_seg002,PD
participant_grouped_10x10,3,3,sub-hc10_seg003,HC
participant_grouped_10x10,3,3,sub-hc10_seg004,PD
participant_grouped_10x10,3,3,sub-hc10_seg005,PD
participant_grouped_10x10,3,3,sub-hc10_seg006,PD
participant_grouped_10x10,3,3,sub-hc10_seg007,PD
participant_grouped_10x10,3,3,sub-hc10_seg008,HC
participant_grouped_10x10,3,3,sub-hc10_seg009,HC
participant_grouped_10x10,3,3,sub-hc10_seg010,PD
participant_grouped_10x10,3,3,sub-hc10_seg011,PD
participant_grouped_10x10,3,3,sub-hc10_seg012,HC
participant_grouped_10x10,3,3,sub-hc10_seg013,HC
participant_grouped_10x10,3,3,sub-hc10_seg014,HC
participant_grouped_10x10,3,3,sub-hc10_seg015,PD
participant_grouped_10x10,3,3,sub-hc10_seg016,PD
participant_grouped_10x10,3,3,sub-hc10_seg017,PD
participant_grouped_10x10,3,3,sub-hc10_seg018,PD
participant_grouped_10x10,3,3,sub-hc10_seg019,PD
participant_grouped_10x10,3,9,sub-hc18_seg000,HC
participant_grouped_10x10,3,9,sub-hc18_seg001,HC
participant_grouped_10x10,3,9,sub-hc18_seg002,HC
participant_grouped_10x10,3,9,sub-hc18_seg003,PD
participant_grouped_10x10,3,9,sub-hc18_seg004,PD
participant_grouped_10x10,3,9,sub-hc18_seg005,HC
participant_grouped_10x10,3,9,sub-hc18_seg006,HC
participant_grouped_10x10,3,9,sub-hc18_seg007,HC
participant_grouped_10x10,3,9,sub-hc18_seg008,HC
participant_grouped_10x10,3,9,sub-hc18_seg009,HC
participant_grouped_10x10,3,9,sub-hc18_seg010,HC
participant_grouped_10x10,3,9,sub-hc18_seg011,HC
participant_grouped_10x10,3,9,sub-hc18_seg012,HC
participant_grouped_10x10,3,9,sub-hc18_seg013,PD
participant_grouped_10x10,3,9,sub-hc18_seg014,PD
participant_grouped_10x10,3,9,sub-hc18_seg015,PD
participant_grouped_10x10,3,9,sub-hc18_seg016,PD
participant_grouped_10x10,3,9,sub-hc18_seg017,PD
participant_grouped_10x10,3,2,sub-hc20_seg000,HC
participant_grouped_10x10,3,2,sub-hc20_seg001,PD
participant_grouped_10x10,3,2,sub-hc20_seg002,PD
participant_grouped_10x10,3,2,sub-hc20_seg003,PD
participant_grouped_10x10,3,2,sub-hc20_seg004,PD
participant_grouped_10x10,3,2,sub-hc20_seg005,PD
participant_grouped_10x10,3,2,sub-hc20_seg006,PD
participant_grouped_10x10,3,2,sub-hc20_seg007,PD
participant_grouped_10x10,3,2,sub-hc20_seg008,PD
participant_grouped_10x10,3,2,sub-hc20_seg009,PD
participant_grouped_10x10,3,2,sub-hc20_seg010,PD
participant_grouped_10x10,3,2,sub-hc20_seg011,HC
participant_grouped_10x10,3,2,sub-hc20_seg012,HC
participant_grouped_10x10,3,2,sub-hc20_seg013,HC
participant_grouped_10x10,3,2,sub-hc20_seg014,HC
participant_grouped_10x10,3,2,sub-hc20_seg015,PD
participant_grouped_10x10,3,2,sub-hc20_seg016,PD
participant_grouped_10x10,3,2,sub-hc20_seg017,PD
participant_grouped_10x10,3,7,sub-hc21_seg000,HC
participant_grouped_10x10,3,7,sub-hc21_seg001,PD
participant_grouped_10x10,3,7,sub-hc21_seg002,HC
participant_grouped_10x10,3,7,sub-hc21_seg003,HC
participant_grouped_10x10,3,7,sub-hc21_seg004,PD
participant_grouped_10x10,3,7,sub-hc21_seg005,PD
participant_grouped_10x10,3,7,sub-hc21_seg006,HC
participant_grouped_10x10,3,7,sub-hc21_seg007,HC
participant_grouped_10x10,3,7,sub-hc21_seg008,HC
participant_grouped_10x10,3,7,sub-hc21_seg009,HC
participant_grouped_10x10,3,7,sub-hc21_seg010,PD
participant_grouped_10x10,3,7,sub-hc21_seg011,PD
participant_grouped_10x10,3,7,sub-hc21_seg012,PD
participant_grouped_10x10,3,7,sub-hc21_seg013,HC
participant_grouped_10x10,3,7,sub-hc21_seg014,PD
participant_grouped_10x10,3,7,sub-hc21_seg015,PD
participant_grouped_10x10,3,7,sub-hc21_seg016,PD
participant_grouped_10x10,3,7,sub-hc21_seg017,PD
participant_grouped_10x10,3,1,sub-hc24_seg000,PD
participant_grouped_10x10,3,1,sub-hc24_seg001,PD
participant_grouped_10x10,3,1,sub-hc24_seg002,PD
participant_grouped_10x10,3,1,sub-hc24_seg003,PD
participant_grouped_10x10,3,1,sub-hc24_seg004,PD
participant_grouped_10x10,3,1,sub-hc24_seg005,PD
participant_grouped_10x10,3,1,sub-hc24_seg006,PD
participant_grouped_10x10,3,1,sub-hc24_seg007,PD
participant_grouped_10x10,3,1,sub-hc24_seg008,PD
participant_grouped_10x10,3,1,sub-hc24_seg009,PD
participant_grouped_10x10,3,1,sub-hc24_seg010,PD
participant_grouped_10x10,3,1,sub-hc24_seg011,PD
participant_grouped_10x10,3,1,sub-hc24_seg012,PD
participant_grouped_10x10,3,1,sub-hc24_seg013,PD
participant_grouped_10x10,3,1,sub-hc24_seg014,PD
participant_grouped_10x10,3,1,sub-hc24_seg015,PD
participant_grouped_10x10,3,1,sub-hc24_seg016,PD
participant_grouped_10x10,3,1,sub-hc24_seg017,PD
participant_grouped_10x10,3,1,sub-hc24_seg018,PD
participant_grouped_10x10,3,4,sub-hc25_seg000,PD
participant_grouped_10x10,3,4,sub-hc25_seg001,PD
participant_grouped_10x10,3,4,sub-hc25_seg002,PD
participant_grouped_10x10,3,4,sub-hc25_seg003,PD
participant_grouped_10x10,3,4,sub-hc25_seg004,PD
participant_grouped_10x10,3,4,sub-hc25_seg005,PD
participant_grouped_10x10,3,4,sub-hc25_seg006,PD
participant_grouped_10x10,3,4,sub-hc25_seg007,PD
participant_grouped_10x10,3,4,sub-hc25_seg008,PD
participant_grouped_10x10,3,4,sub-hc25_seg009,PD
participant_grouped_10x10,3,4,sub-hc25_seg010,PD
participant_grouped_10x10,3,4,sub-hc25_seg011,PD
participant_grouped_10x10,3,4,sub-hc25_seg012,PD
participant_grouped_10x10,3,4,sub-hc25_seg013,PD
participant_grouped_10x10,3,4,sub-hc25_seg014,PD
participant_grouped_10x10,3,4,sub-hc25_seg015,PD
participant_grouped_10x10,3,4,sub-hc25_seg016,HC
participant_grouped_10x10,3,4,sub-hc25_seg017,PD
participant_grouped_10x10,3,4,sub-hc25_seg018,PD
participant_grouped_10x10,3,4,sub-hc25_seg019,PD
participant_grouped_10x10,3,6,sub-hc29_seg000,PD
participant_grouped_10x10,3,6,sub-hc29_seg001,PD
participant_grouped_10x10,3,6,sub-hc29_seg002,PD
participant_grouped_10x10,3,6,sub-hc29_seg003,PD
participant_grouped_10x10,3,6,sub-hc29_seg004,PD
participant_grouped_10x10,3,6,sub-hc29_seg005,PD
participant_grouped_10x10,3,6,sub-hc29_seg006,PD
participant_grouped_10x10,3,6,sub-hc29_seg007,PD
participant_grouped_10x10,3,6,sub-hc29_seg008,PD
participant_grouped_10x10,3,6,sub-hc29_seg009,PD
participant_grouped_10x10,3,6,sub-hc29_seg010,PD
participant_grouped_10x10,3,6,sub-hc29_seg011,PD
participant_grouped_10x10,3,6,sub-hc29_seg012,PD
participant_grouped_10x10,3,6,sub-hc29_seg013,PD
participant_grouped_10x10,3,6,sub-hc29_seg014,PD
participant_grouped_10x10,3,6,sub-hc29_seg015,PD
participant_grouped_10x10,3,6,sub-hc29_seg016,PD
participant_grouped_10x10,3,6,sub-hc29_seg017,PD
participant_grouped_10x10,3,6,sub-hc29_seg018,PD
participant_grouped_10x10,3,5,sub-hc30_seg000,HC
participant_grouped_10x10,3,5,sub-hc30_seg001,PD
participant_grouped_10x10,3,5,sub-hc30_seg002,PD
participant_grouped_10x10,3,5,sub-hc30_seg003,PD
participant_grouped_10x10,3,5,sub-hc30_seg004,PD
participant_grouped_10x10,3,5,sub-hc30_seg005,HC
participant_grouped_10x10,3,5,sub-hc30_seg006,PD
participant_grouped_10x10,3,5,sub-hc30_seg007,PD
participant_grouped_10x10,3,5,sub-hc30_seg008,HC
participant_grouped_10x10,3,5,sub-hc30_seg009,HC
participant_grouped_10x10,3,5,sub-hc30_seg010,HC
participant_grouped_10x10,3,5,sub-hc30_seg011,HC
participant_grouped_10x10,3,5,sub-hc30_seg012,HC
participant_grouped_10x10,3,5,sub-hc30_seg013,HC
participant_grouped_10x10,3,5,sub-hc30_seg014,HC
participant_grouped_10x10,3,5,sub-hc30_seg015,HC
participant_grouped_10x10,3,5,sub-hc30_seg016,HC
participant_grouped_10x10,3,5,sub-hc30_seg017,HC
participant_grouped_10x10,3,6,sub-hc31_seg000,PD
participant_grouped_10x10,3,6,sub-hc31_seg001,PD
participant_grouped_10x10,3,6,sub-hc31_seg002,PD
participant_grouped_10x10,3,6,sub-hc31_seg003,PD
participant_grouped_10x10,3,6,sub-hc31_seg004,PD
participant_grouped_10x10,3,6,sub-hc31_seg005,PD
participant_grouped_10x10,3,6,sub-hc31_seg006,PD
participant_grouped_10x10,3,6,sub-hc31_seg007,PD
participant_grouped_10x10,3,6,sub-hc31_seg008,PD
participant_grouped_10x10,3,6,sub-hc31_seg009,HC
participant_grouped_10x10,3,6,sub-hc31_seg010,HC
participant_grouped_10x10,3,6,sub-hc31_seg011,PD
participant_grouped_10x10,3,6,sub-hc31_seg012,PD
participant_grouped_10x10,3,6,sub-hc31_seg013,PD
participant_grouped_10x10,3,6,sub-hc31_seg014,PD
participant_grouped_10x10,3,6,sub-hc31_seg015,HC
participant_grouped_10x10,3,6,sub-hc31_seg016,PD
participant_grouped_10x10,3,6,sub-hc31_seg017,PD
participant_grouped_10x10,3,2,sub-hc32_seg000,PD
participant_grouped_10x10,3,2,sub-hc32_seg001,PD
participant_grouped_10x10,3,2,sub-hc32_seg002,PD
participant_grouped_10x10,3,2,sub-hc32_seg003,PD
participant_grouped_10x10,3,2,sub-hc32_seg004,PD
participant_grouped_10x10,3,2,sub-hc32_seg005,PD
participant_grouped_10x10,3,2,sub-hc32_seg006,PD
participant_grouped_10x10,3,2,sub-hc32_seg007,PD
participant_grouped_10x10,3,2,sub-hc32_seg008,PD
participant_grouped_10x10,3,2,sub-hc32_seg009,PD
participant_grouped_10x10,3,2,sub-hc32_seg010,PD
participant_grouped_10x10,3,2,sub-hc32_seg011,PD
participant_grouped_10x10,3,2,sub-hc32_seg012,PD
participant_grouped_10x10,3,2,sub-hc32_seg013,PD
participant_grouped_10x10,3,2,sub-hc32_seg014,PD
participant_grouped_10x10,3,2,sub-hc32_seg015,PD
participant_grouped_10x10,3,2,sub-hc32_seg016,PD
participant_grouped_10x10,3,2,sub-hc32_seg017,PD
participant_grouped_10x10,3,2,sub-hc32_seg018,PD
participant_grouped_10x10,3,9,sub-hc33_seg000,HC
participant_grouped_10x10,3,9,sub-hc33_seg001,HC
participant_grouped_10x10,3,9,sub-hc33_seg002,HC
participant_grouped_10x10,3,9,sub-hc33_seg003,HC
participant_grouped_10x10,3,9,sub-hc33_seg004,HC
participant_grouped_10x10,3,9,sub-hc33_seg005,HC
participant_grouped_10x10,3,9,sub-hc33_seg006,HC
participant_grouped_10x10,3,9,sub-hc33_seg007,HC
participant_grouped_10x10,3,9,sub-hc33_seg008,HC
participant_grouped_10x10,3,9,sub-hc33_seg009,HC
participant_grouped_10x10,3,9,sub-hc33_seg010,HC
participant_grouped_10x10,3,9,sub-hc33_seg011,HC
participant_grouped_10x10,3,9,sub-hc33_seg012,PD
participant_grouped_10x10,3,9,sub-hc33_seg013,PD
participant_grouped_10x10,3,9,sub-hc33_seg014,PD
participant_grouped_10x10,3,9,sub-hc33_seg015,HC
participant_grouped_10x10,3,9,sub-hc33_seg016,HC
participant_grouped_10x10,3,9,sub-hc33_seg017,HC
participant_grouped_10x10,3,9,sub-hc33_seg018,HC
participant_grouped_10x10,3,1,sub-pd3_seg000,HC
participant_grouped_10x10,3,1,sub-pd3_seg001,PD
participant_grouped_10x10,3,1,sub-pd3_seg002,PD
participant_grouped_10x10,3,1,sub-pd3_seg003,HC
participant_grouped_10x10,3,1,sub-pd3_seg004,PD
participant_grouped_10x10,3,1,sub-pd3_seg005,PD
participant_grouped_10x10,3,1,sub-pd3_seg006,PD
participant_grouped_10x10,3,1,sub-pd3_seg007,PD
participant_grouped_10x10,3,1,sub-pd3_seg008,HC
participant_grouped_10x10,3,1,sub-pd3_seg009,HC
participant_grouped_10x10,3,1,sub-pd3_seg010,HC
participant_grouped_10x10,3,1,sub-pd3_seg011,HC
participant_grouped_10x10,3,1,sub-pd3_seg012,HC
participant_grouped_10x10,3,1,sub-pd3_seg013,HC
participant_grouped_10x10,3,1,sub-pd3_seg014,HC
participant_grouped_10x10,3,1,sub-pd3_seg015,HC
participant_grouped_10x10,3,1,sub-pd3_seg016,HC
participant_grouped_10x10,3,1,sub-pd3_seg017,HC
participant_grouped_10x10,3,1,sub-pd3_seg018,HC
participant_grouped_10x10,3,1,sub-pd3_seg019,HC
participant_grouped_10x10,3,9,sub-pd5_seg000,PD
participant_grouped_10x10,3,9,sub-pd5_seg001,HC
participant_grouped_10x10,3,9,sub-pd5_seg002,HC
participant_grouped_10x10,3,9,sub-pd5_seg003,HC
participant_grouped_10x10,3,9,sub-pd5_seg004,HC
participant_grouped_10x10,3,9,sub-pd5_seg005,HC
participant_grouped_10x10,3,9,sub-pd5_seg006,PD
participant_grouped_10x10,3,9,sub-pd5_seg007,PD
participant_grouped_10x10,3,9,sub-pd5_seg008,HC
participant_grouped_10x10,3,9,sub-pd5_seg009,HC
participant_grouped_10x10,3,9,sub-pd5_seg010,HC
participant_grouped_10x10,3,9,sub-pd5_seg011,HC
participant_grouped_10x10,3,9,sub-pd5_seg012,HC
participant_grouped_10x10,3,9,sub-pd5_seg013,HC
participant_grouped_10x10,3,9,sub-pd5_seg014,PD
participant_grouped_10x10,3,9,sub-pd5_seg015,PD
participant_grouped_10x10,3,9,sub-pd5_seg016,PD
participant_grouped_10x10,3,9,sub-pd5_seg017,PD
participant_grouped_10x10,3,9,sub-pd5_seg018,PD
participant_grouped_10x10,3,8,sub-pd6_seg000,PD
participant_grouped_10x10,3,8,sub-pd6_seg001,HC
participant_grouped_10x10,3,8,sub-pd6_seg002,PD
participant_grouped_10x10,3,8,sub-pd6_seg003,HC
participant_grouped_10x10,3,8,sub-pd6_seg004,HC
participant_grouped_10x10,3,8,sub-pd6_seg005,PD
participant_grouped_10x10,3,8,sub-pd6_seg006,PD
participant_grouped_10x10,3,8,sub-pd6_seg007,HC
participant_grouped_10x10,3,8,sub-pd6_seg008,HC
participant_grouped_10x10,3,8,sub-pd6_seg009,HC
participant_grouped_10x10,3,8,sub-pd6_seg010,HC
participant_grouped_10x10,3,8,sub-pd6_seg011,HC
participant_grouped_10x10,3,8,sub-pd6_seg012,HC
participant_grouped_10x10,3,8,sub-pd6_seg013,PD
participant_grouped_10x10,3,8,sub-pd6_seg014,PD
participant_grouped_10x10,3,8,sub-pd6_seg015,HC
participant_grouped_10x10,3,8,sub-pd6_seg016,PD
participant_grouped_10x10,3,8,sub-pd6_seg017,HC
participant_grouped_10x10,3,8,sub-pd6_seg018,PD
participant_grouped_10x10,3,7,sub-pd9_seg000,PD
participant_grouped_10x10,3,7,sub-pd9_seg001,PD
participant_grouped_10x10,3,7,sub-pd9_seg002,HC
participant_grouped_10x10,3,7,sub-pd9_seg003,PD
participant_grouped_10x10,3,7,sub-pd9_seg004,PD
participant_grouped_10x10,3,7,sub-pd9_seg005,PD
participant_grouped_10x10,3,7,sub-pd9_seg006,PD
participant_grouped_10x10,3,7,sub-pd9_seg007,HC
participant_grouped_10x10,3,7,sub-pd9_seg008,PD
participant_grouped_10x10,3,7,sub-pd9_seg009,PD
participant_grouped_10x10,3,7,sub-pd9_seg010,PD
participant_grouped_10x10,3,7,sub-pd9_seg011,PD
participant_grouped_10x10,3,7,sub-pd9_seg012,PD
participant_grouped_10x10,3,7,sub-pd9_seg013,PD
participant_grouped_10x10,3,7,sub-pd9_seg014,HC
participant_grouped_10x10,3,7,sub-pd9_seg015,PD
participant_grouped_10x10,3,7,sub-pd9_seg016,PD
participant_grouped_10x10,3,7,sub-pd9_seg017,PD
participant_grouped_10x10,3,7,sub-pd9_seg018,PD
participant_grouped_10x10,3,2,sub-pd12_seg000,HC
participant_grouped_10x10,3,2,sub-pd12_seg001,HC
participant_grouped_10x10,3,2,sub-pd12_seg002,HC
participant_grouped_10x10,3,2,sub-pd12_seg003,HC
participant_grouped_10x10,3,2,sub-pd12_seg004,HC
participant_grouped_10x10,3,2,sub-pd12_seg005,HC
participant_grouped_10x10,3,2,sub-pd12_seg006,HC
participant_grouped_10x10,3,2,sub-pd12_seg007,HC
participant_grouped_10x10,3,2,sub-pd12_seg008,HC
participant_grouped_10x10,3,2,sub-pd12_seg009,HC
participant_grouped_10x10,3,2,sub-pd12_seg010,PD
participant_grouped_10x10,3,2,sub-pd12_seg011,HC
participant_grouped_10x10,3,2,sub-pd12_seg012,PD
participant_grouped_10x10,3,2,sub-pd12_seg013,PD
participant_grouped_10x10,3,2,sub-pd12_seg014,PD
participant_grouped_10x10,3,2,sub-pd12_seg015,PD
participant_grouped_10x10,3,2,sub-pd12_seg016,PD
participant_grouped_10x10,3,2,sub-pd12_seg017,PD
participant_grouped_10x10,3,2,sub-pd12_seg018,PD
participant_grouped_10x10,3,2,sub-pd12_seg019,PD
participant_grouped_10x10,3,3,sub-pd11_seg000,PD
participant_grouped_10x10,3,3,sub-pd11_seg001,PD
participant_grouped_10x10,3,3,sub-pd11_seg002,PD
participant_grouped_10x10,3,3,sub-pd11_seg003,PD
participant_grouped_10x10,3,3,sub-pd11_seg004,PD
participant_grouped_10x10,3,3,sub-pd11_seg005,PD
participant_grouped_10x10,3,3,sub-pd11_seg006,PD
participant_grouped_10x10,3,3,sub-pd11_seg007,PD
participant_grouped_10x10,3,3,sub-pd11_seg008,PD
participant_grouped_10x10,3,3,sub-pd11_seg009,PD
participant_grouped_10x10,3,3,sub-pd11_seg010,PD
participant_grouped_10x10,3,3,sub-pd11_seg011,PD
participant_grouped_10x10,3,3,sub-pd11_seg012,PD
participant_grouped_10x10,3,3,sub-pd11_seg013,PD
participant_grouped_10x10,3,3,sub-pd11_seg014,PD
participant_grouped_10x10,3,3,sub-pd11_seg015,PD
participant_grouped_10x10,3,3,sub-pd11_seg016,PD
participant_grouped_10x10,3,3,sub-pd11_seg017,PD
participant_grouped_10x10,3,4,sub-pd13_seg000,PD
participant_grouped_10x10,3,4,sub-pd13_seg001,PD
participant_grouped_10x10,3,4,sub-pd13_seg002,PD
participant_grouped_10x10,3,4,sub-pd13_seg003,PD
participant_grouped_10x10,3,4,sub-pd13_seg004,PD
participant_grouped_10x10,3,4,sub-pd13_seg005,PD
participant_grouped_10x10,3,4,sub-pd13_seg006,PD
participant_grouped_10x10,3,4,sub-pd13_seg007,PD
participant_grouped_10x10,3,4,sub-pd13_seg008,PD
participant_grouped_10x10,3,4,sub-pd13_seg009,PD
participant_grouped_10x10,3,4,sub-pd13_seg010,PD
participant_grouped_10x10,3,4,sub-pd13_seg011,PD
participant_grouped_10x10,3,4,sub-pd13_seg012,PD
participant_grouped_10x10,3,4,sub-pd13_seg013,PD
participant_grouped_10x10,3,4,sub-pd13_seg014,PD
participant_grouped_10x10,3,4,sub-pd13_seg015,PD
participant_grouped_10x10,3,4,sub-pd13_seg016,PD
participant_grouped_10x10,3,4,sub-pd13_seg017,PD
participant_grouped_10x10,3,0,sub-pd14_seg000,PD
participant_grouped_10x10,3,0,sub-pd14_seg001,PD
participant_grouped_10x10,3,0,sub-pd14_seg002,PD
participant_grouped_10x10,3,0,sub-pd14_seg003,PD
participant_grouped_10x10,3,0,sub-pd14_seg004,HC
participant_grouped_10x10,3,0,sub-pd14_seg005,PD
participant_grouped_10x10,3,0,sub-pd14_seg006,PD
participant_grouped_10x10,3,0,sub-pd14_seg007,PD
participant_grouped_10x10,3,0,sub-pd14_seg008,PD
participant_grouped_10x10,3,0,sub-pd14_seg009,HC
participant_grouped_10x10,3,0,sub-pd14_seg010,PD
participant_grouped_10x10,3,0,sub-pd14_seg011,PD
participant_grouped_10x10,3,0,sub-pd14_seg012,PD
participant_grouped_10x10,3,0,sub-pd14_seg013,PD
participant_grouped_10x10,3,0,sub-pd14_seg014,HC
participant_grouped_10x10,3,0,sub-pd14_seg015,HC
participant_grouped_10x10,3,0,sub-pd14_seg016,PD
participant_grouped_10x10,3,0,sub-pd14_seg017,PD
participant_grouped_10x10,3,0,sub-pd14_seg018,HC
participant_grouped_10x10,3,0,sub-pd14_seg019,HC
participant_grouped_10x10,3,0,sub-pd14_seg020,HC
participant_grouped_10x10,3,0,sub-pd14_seg021,PD
participant_grouped_10x10,3,0,sub-pd14_seg022,HC
participant_grouped_10x10,3,0,sub-pd14_seg023,HC
participant_grouped_10x10,3,0,sub-pd14_seg024,HC
participant_grouped_10x10,3,0,sub-pd14_seg025,PD
participant_grouped_10x10,3,0,sub-pd14_seg026,PD
participant_grouped_10x10,3,0,sub-pd14_seg027,PD
participant_grouped_10x10,3,0,sub-pd14_seg028,PD
participant_grouped_10x10,3,3,sub-pd16_seg000,HC
participant_grouped_10x10,3,3,sub-pd16_seg001,PD
participant_grouped_10x10,3,3,sub-pd16_seg002,PD
participant_grouped_10x10,3,3,sub-pd16_seg003,PD
participant_grouped_10x10,3,3,sub-pd16_seg004,PD
participant_grouped_10x10,3,3,sub-pd16_seg005,PD
participant_grouped_10x10,3,3,sub-pd16_seg006,PD
participant_grouped_10x10,3,3,sub-pd16_seg007,PD
participant_grouped_10x10,3,3,sub-pd16_seg008,PD
participant_grouped_10x10,3,3,sub-pd16_seg009,PD
participant_grouped_10x10,3,3,sub-pd16_seg010,PD
participant_grouped_10x10,3,3,sub-pd16_seg011,PD
participant_grouped_10x10,3,3,sub-pd16_seg012,PD
participant_grouped_10x10,3,3,sub-pd16_seg013,PD
participant_grouped_10x10,3,3,sub-pd16_seg014,PD
participant_grouped_10x10,3,3,sub-pd16_seg015,PD
participant_grouped_10x10,3,3,sub-pd16_seg016,PD
participant_grouped_10x10,3,3,sub-pd16_seg017,PD
participant_grouped_10x10,3,9,sub-pd17_seg000,HC
participant_grouped_10x10,3,9,sub-pd17_seg001,HC
participant_grouped_10x10,3,9,sub-pd17_seg002,HC
participant_grouped_10x10,3,9,sub-pd17_seg003,HC
participant_grouped_10x10,3,9,sub-pd17_seg004,HC
participant_grouped_10x10,3,9,sub-pd17_seg005,HC
participant_grouped_10x10,3,9,sub-pd17_seg006,HC
participant_grouped_10x10,3,9,sub-pd17_seg007,HC
participant_grouped_10x10,3,9,sub-pd17_seg008,HC
participant_grouped_10x10,3,9,sub-pd17_seg009,HC
participant_grouped_10x10,3,9,sub-pd17_seg010,HC
participant_grouped_10x10,3,9,sub-pd17_seg011,HC
participant_grouped_10x10,3,9,sub-pd17_seg012,HC
participant_grouped_10x10,3,9,sub-pd17_seg013,HC
participant_grouped_10x10,3,9,sub-pd17_seg014,HC
participant_grouped_10x10,3,9,sub-pd17_seg015,HC
participant_grouped_10x10,3,9,sub-pd17_seg016,PD
participant_grouped_10x10,3,9,sub-pd17_seg017,PD
participant_grouped_10x10,3,8,sub-pd19_seg000,HC
participant_grouped_10x10,3,8,sub-pd19_seg001,HC
participant_grouped_10x10,3,8,sub-pd19_seg002,PD
participant_grouped_10x10,3,8,sub-pd19_seg003,PD
participant_grouped_10x10,3,8,sub-pd19_seg004,PD
participant_grouped_10x10,3,8,sub-pd19_seg005,PD
participant_grouped_10x10,3,8,sub-pd19_seg006,PD
participant_grouped_10x10,3,8,sub-pd19_seg007,PD
participant_grouped_10x10,3,8,sub-pd19_seg008,PD
participant_grouped_10x10,3,8,sub-pd19_seg009,PD
participant_grouped_10x10,3,8,sub-pd19_seg010,PD
participant_grouped_10x10,3,8,sub-pd19_seg011,PD
participant_grouped_10x10,3,8,sub-pd19_seg012,HC
participant_grouped_10x10,3,8,sub-pd19_seg013,PD
participant_grouped_10x10,3,8,sub-pd19_seg014,HC
participant_grouped_10x10,3,8,sub-pd19_seg015,PD
participant_grouped_10x10,3,8,sub-pd19_seg016,PD
participant_grouped_10x10,3,8,sub-pd19_seg017,PD
participant_grouped_10x10,3,7,sub-pd22_seg000,PD
participant_grouped_10x10,3,7,sub-pd22_seg001,PD
participant_grouped_10x10,3,7,sub-pd22_seg002,PD
participant_grouped_10x10,3,7,sub-pd22_seg003,PD
participant_grouped_10x10,3,7,sub-pd22_seg004,PD
participant_grouped_10x10,3,7,sub-pd22_seg005,PD
participant_grouped_10x10,3,7,sub-pd22_seg006,PD
participant_grouped_10x10,3,7,sub-pd22_seg007,PD
participant_grouped_10x10,3,7,sub-pd22_seg008,PD
participant_grouped_10x10,3,7,sub-pd22_seg009,PD
participant_grouped_10x10,3,7,sub-pd22_seg010,PD
participant_grouped_10x10,3,7,sub-pd22_seg011,PD
participant_grouped_10x10,3,7,sub-pd22_seg012,PD
participant_grouped_10x10,3,7,sub-pd22_seg013,PD
participant_grouped_10x10,3,7,sub-pd22_seg014,PD
participant_grouped_10x10,3,7,sub-pd22_seg015,PD
participant_grouped_10x10,3,7,sub-pd22_seg016,PD
participant_grouped_10x10,3,7,sub-pd22_seg017,PD
participant_grouped_10x10,3,6,sub-pd23_seg000,PD
participant_grouped_10x10,3,6,sub-pd23_seg001,PD
participant_grouped_10x10,3,6,sub-pd23_seg002,PD
participant_grouped_10x10,3,6,sub-pd23_seg003,PD
participant_grouped_10x10,3,6,sub-pd23_seg004,PD
participant_grouped_10x10,3,6,sub-pd23_seg005,PD
participant_grouped_10x10,3,6,sub-pd23_seg006,PD
participant_grouped_10x10,3,6,sub-pd23_seg007,PD
participant_grouped_10x10,3,6,sub-pd23_seg008,PD
participant_grouped_10x10,3,6,sub-pd23_seg009,PD
participant_grouped_10x10,3,6,sub-pd23_seg010,PD
participant_grouped_10x10,3,6,sub-pd23_seg011,PD
participant_grouped_10x10,3,6,sub-pd23_seg012,PD
participant_grouped_10x10,3,6,sub-pd23_seg013,PD
participant_grouped_10x10,3,6,sub-pd23_seg014,PD
participant_grouped_10x10,3,6,sub-pd23_seg015,PD
participant_grouped_10x10,3,6,sub-pd23_seg016,PD
participant_grouped_10x10,3,6,sub-pd23_seg017,PD
participant_grouped_10x10,3,6,sub-pd23_seg018,PD
participant_grouped_10x10,3,6,sub-pd23_seg019,PD
participant_grouped_10x10,3,4,sub-pd26_seg000,PD
participant_grouped_10x10,3,4,sub-pd26_seg001,PD
participant_grouped_10x10,3,4,sub-pd26_seg002,PD
participant_grouped_10x10,3,4,sub-pd26_seg003,PD
participant_grouped_10x10,3,4,sub-pd26_seg004,PD
participant_grouped_10x10,3,4,sub-pd26_seg005,PD
participant_grouped_10x10,3,4,sub-pd26_seg006,PD
participant_grouped_10x10,3,4,sub-pd26_seg007,PD
participant_grouped_10x10,3,4,sub-pd26_seg008,PD
participant_grouped_10x10,3,4,sub-pd26_seg009,PD
participant_grouped_10x10,3,4,sub-pd26_seg010,PD
participant_grouped_10x10,3,4,sub-pd26_seg011,PD
participant_grouped_10x10,3,4,sub-pd26_seg012,PD
participant_grouped_10x10,3,4,sub-pd26_seg013,PD
participant_grouped_10x10,3,4,sub-pd26_seg014,PD
participant_grouped_10x10,3,4,sub-pd26_seg015,PD
participant_grouped_10x10,3,4,sub-pd26_seg016,PD
participant_grouped_10x10,3,4,sub-pd26_seg017,PD
participant_grouped_10x10,3,4,sub-pd26_seg018,PD
participant_grouped_10x10,3,5,sub-pd28_seg000,HC
participant_grouped_10x10,3,5,sub-pd28_seg001,HC
participant_grouped_10x10,3,5,sub-pd28_seg002,HC
participant_grouped_10x10,3,5,sub-pd28_seg003,HC
participant_grouped_10x10,3,5,sub-pd28_seg004,HC
participant_grouped_10x10,3,5,sub-pd28_seg005,PD
participant_grouped_10x10,3,5,sub-pd28_seg006,HC
participant_grouped_10x10,3,5,sub-pd28_seg007,HC
participant_grouped_10x10,3,5,sub-pd28_seg008,HC
participant_grouped_10x10,3,5,sub-pd28_seg009,HC
participant_grouped_10x10,3,5,sub-pd28_seg010,HC
participant_grouped_10x10,3,5,sub-pd28_seg011,PD
participant_grouped_10x10,3,5,sub-pd28_seg012,HC
participant_grouped_10x10,3,5,sub-pd28_seg013,PD
participant_grouped_10x10,3,5,sub-pd28_seg014,HC
participant_grouped_10x10,3,5,sub-pd28_seg015,HC
participant_grouped_10x10,3,5,sub-pd28_seg016,HC
participant_grouped_10x10,3,5,sub-pd28_seg017,HC
participant_grouped_10x10,3,5,sub-pd28_seg018,HC
participant_grouped_10x10,3,5,sub-pd28_seg019,PD
participant_grouped_10x10,4,9,sub-hc1_seg000,PD
participant_grouped_10x10,4,9,sub-hc1_seg001,PD
participant_grouped_10x10,4,9,sub-hc1_seg002,PD
participant_grouped_10x10,4,9,sub-hc1_seg003,HC
participant_grouped_10x10,4,9,sub-hc1_seg004,HC
participant_grouped_10x10,4,9,sub-hc1_seg005,HC
participant_grouped_10x10,4,9,sub-hc1_seg006,HC
participant_grouped_10x10,4,9,sub-hc1_seg007,HC
participant_grouped_10x10,4,9,sub-hc1_seg008,PD
participant_grouped_10x10,4,9,sub-hc1_seg009,HC
participant_grouped_10x10,4,9,sub-hc1_seg010,HC
participant_grouped_10x10,4,9,sub-hc1_seg011,PD
participant_grouped_10x10,4,9,sub-hc1_seg012,PD
participant_grouped_10x10,4,9,sub-hc1_seg013,PD
participant_grouped_10x10,4,9,sub-hc1_seg014,HC
participant_grouped_10x10,4,9,sub-hc1_seg015,HC
participant_grouped_10x10,4,9,sub-hc1_seg016,HC
participant_grouped_10x10,4,9,sub-hc1_seg017,PD
participant_grouped_10x10,4,9,sub-hc1_seg018,HC
participant_grouped_10x10,4,1,sub-hc2_seg000,PD
participant_grouped_10x10,4,1,sub-hc2_seg001,PD
participant_grouped_10x10,4,1,sub-hc2_seg002,HC
participant_grouped_10x10,4,1,sub-hc2_seg003,PD
participant_grouped_10x10,4,1,sub-hc2_seg004,HC
participant_grouped_10x10,4,1,sub-hc2_seg005,PD
participant_grouped_10x10,4,1,sub-hc2_seg006,PD
participant_grouped_10x10,4,1,sub-hc2_seg007,PD
participant_grouped_10x10,4,1,sub-hc2_seg008,PD
participant_grouped_10x10,4,1,sub-hc2_seg009,PD
participant_grouped_10x10,4,1,sub-hc2_seg010,PD
participant_grouped_10x10,4,1,sub-hc2_seg011,PD
participant_grouped_10x10,4,1,sub-hc2_seg012,PD
participant_grouped_10x10,4,1,sub-hc2_seg013,PD
participant_grouped_10x10,4,1,sub-hc2_seg014,PD
participant_grouped_10x10,4,1,sub-hc2_seg015,PD
participant_grouped_10x10,4,1,sub-hc2_seg016,PD
participant_grouped_10x10,4,1,sub-hc2_seg017,PD
participant_grouped_10x10,4,1,sub-hc2_seg018,PD
participant_grouped_10x10,4,2,sub-hc4_seg000,PD
participant_grouped_10x10,4,2,sub-hc4_seg001,PD
participant_grouped_10x10,4,2,sub-hc4_seg002,PD
participant_grouped_10x10,4,2,sub-hc4_seg003,PD
participant_grouped_10x10,4,2,sub-hc4_seg004,PD
participant_grouped_10x10,4,2,sub-hc4_seg005,PD
participant_grouped_10x10,4,2,sub-hc4_seg006,PD
participant_grouped_10x10,4,2,sub-hc4_seg007,PD
participant_grouped_10x10,4,2,sub-hc4_seg008,PD
participant_grouped_10x10,4,2,sub-hc4_seg009,PD
participant_grouped_10x10,4,2,sub-hc4_seg010,PD
participant_grouped_10x10,4,2,sub-hc4_seg011,PD
participant_grouped_10x10,4,2,sub-hc4_seg012,PD
participant_grouped_10x10,4,2,sub-hc4_seg013,PD
participant_grouped_10x10,4,2,sub-hc4_seg014,PD
participant_grouped_10x10,4,2,sub-hc4_seg015,PD
participant_grouped_10x10,4,2,sub-hc4_seg016,PD
participant_grouped_10x10,4,2,sub-hc4_seg017,PD
participant_grouped_10x10,4,0,sub-hc7_seg000,HC
participant_grouped_10x10,4,0,sub-hc7_seg001,HC
participant_grouped_10x10,4,0,sub-hc7_seg002,HC
participant_grouped_10x10,4,0,sub-hc7_seg003,PD
participant_grouped_10x10,4,0,sub-hc7_seg004,HC
participant_grouped_10x10,4,0,sub-hc7_seg005,PD
participant_grouped_10x10,4,0,sub-hc7_seg006,PD
participant_grouped_10x10,4,0,sub-hc7_seg007,PD
participant_grouped_10x10,4,0,sub-hc7_seg008,PD
participant_grouped_10x10,4,0,sub-hc7_seg009,PD
participant_grouped_10x10,4,0,sub-hc7_seg010,PD
participant_grouped_10x10,4,0,sub-hc7_seg011,PD
participant_grouped_10x10,4,0,sub-hc7_seg012,PD
participant_grouped_10x10,4,0,sub-hc7_seg013,PD
participant_grouped_10x10,4,0,sub-hc7_seg014,PD
participant_grouped_10x10,4,0,sub-hc7_seg015,PD
participant_grouped_10x10,4,0,sub-hc7_seg016,PD
participant_grouped_10x10,4,0,sub-hc7_seg017,PD
participant_grouped_10x10,4,0,sub-hc7_seg018,PD
participant_grouped_10x10,4,7,sub-hc8_seg000,PD
participant_grouped_10x10,4,7,sub-hc8_seg001,PD
participant_grouped_10x10,4,7,sub-hc8_seg002,PD
participant_grouped_10x10,4,7,sub-hc8_seg003,PD
participant_grouped_10x10,4,7,sub-hc8_seg004,PD
participant_grouped_10x10,4,7,sub-hc8_seg005,PD
participant_grouped_10x10,4,7,sub-hc8_seg006,PD
participant_grouped_10x10,4,7,sub-hc8_seg007,PD
participant_grouped_10x10,4,7,sub-hc8_seg008,PD
participant_grouped_10x10,4,7,sub-hc8_seg009,PD
participant_grouped_10x10,4,7,sub-hc8_seg010,PD
participant_grouped_10x10,4,7,sub-hc8_seg011,PD
participant_grouped_10x10,4,7,sub-hc8_seg012,PD
participant_grouped_10x10,4,7,sub-hc8_seg013,PD
participant_grouped_10x10,4,7,sub-hc8_seg014,PD
participant_grouped_10x10,4,7,sub-hc8_seg015,PD
participant_grouped_10x10,4,7,sub-hc8_seg016,PD
participant_grouped_10x10,4,7,sub-hc8_seg017,PD
participant_grouped_10x10,4,7,sub-hc8_seg018,PD
participant_grouped_10x10,4,5,sub-hc10_seg000,PD
participant_grouped_10x10,4,5,sub-hc10_seg001,PD
participant_grouped_10x10,4,5,sub-hc10_seg002,PD
participant_grouped_10x10,4,5,sub-hc10_seg003,HC
participant_grouped_10x10,4,5,sub-hc10_seg004,PD
participant_grouped_10x10,4,5,sub-hc10_seg005,PD
participant_grouped_10x10,4,5,sub-hc10_seg006,PD
participant_grouped_10x10,4,5,sub-hc10_seg007,PD
participant_grouped_10x10,4,5,sub-hc10_seg008,HC
participant_grouped_10x10,4,5,sub-hc10_seg009,HC
participant_grouped_10x10,4,5,sub-hc10_seg010,PD
participant_grouped_10x10,4,5,sub-hc10_seg011,PD
participant_grouped_10x10,4,5,sub-hc10_seg012,HC
participant_grouped_10x10,4,5,sub-hc10_seg013,HC
participant_grouped_10x10,4,5,sub-hc10_seg014,HC
participant_grouped_10x10,4,5,sub-hc10_seg015,PD
participant_grouped_10x10,4,5,sub-hc10_seg016,PD
participant_grouped_10x10,4,5,sub-hc10_seg017,PD
participant_grouped_10x10,4,5,sub-hc10_seg018,PD
participant_grouped_10x10,4,5,sub-hc10_seg019,PD
participant_grouped_10x10,4,7,sub-hc18_seg000,HC
participant_grouped_10x10,4,7,sub-hc18_seg001,HC
participant_grouped_10x10,4,7,sub-hc18_seg002,HC
participant_grouped_10x10,4,7,sub-hc18_seg003,PD
participant_grouped_10x10,4,7,sub-hc18_seg004,PD
participant_grouped_10x10,4,7,sub-hc18_seg005,HC
participant_grouped_10x10,4,7,sub-hc18_seg006,HC
participant_grouped_10x10,4,7,sub-hc18_seg007,HC
participant_grouped_10x10,4,7,sub-hc18_seg008,HC
participant_grouped_10x10,4,7,sub-hc18_seg009,HC
participant_grouped_10x10,4,7,sub-hc18_seg010,HC
participant_grouped_10x10,4,7,sub-hc18_seg011,HC
participant_grouped_10x10,4,7,sub-hc18_seg012,HC
participant_grouped_10x10,4,7,sub-hc18_seg013,PD
participant_grouped_10x10,4,7,sub-hc18_seg014,PD
participant_grouped_10x10,4,7,sub-hc18_seg015,PD
participant_grouped_10x10,4,7,sub-hc18_seg016,PD
participant_grouped_10x10,4,7,sub-hc18_seg017,PD
participant_grouped_10x10,4,6,sub-hc20_seg000,HC
participant_grouped_10x10,4,6,sub-hc20_seg001,PD
participant_grouped_10x10,4,6,sub-hc20_seg002,PD
participant_grouped_10x10,4,6,sub-hc20_seg003,PD
participant_grouped_10x10,4,6,sub-hc20_seg004,PD
participant_grouped_10x10,4,6,sub-hc20_seg005,HC
participant_grouped_10x10,4,6,sub-hc20_seg006,PD
participant_grouped_10x10,4,6,sub-hc20_seg007,PD
participant_grouped_10x10,4,6,sub-hc20_seg008,PD
participant_grouped_10x10,4,6,sub-hc20_seg009,PD
participant_grouped_10x10,4,6,sub-hc20_seg010,PD
participant_grouped_10x10,4,6,sub-hc20_seg011,HC
participant_grouped_10x10,4,6,sub-hc20_seg012,HC
participant_grouped_10x10,4,6,sub-hc20_seg013,HC
participant_grouped_10x10,4,6,sub-hc20_seg014,HC
participant_grouped_10x10,4,6,sub-hc20_seg015,PD
participant_grouped_10x10,4,6,sub-hc20_seg016,PD
participant_grouped_10x10,4,6,sub-hc20_seg017,PD
participant_grouped_10x10,4,8,sub-hc21_seg000,HC
participant_grouped_10x10,4,8,sub-hc21_seg001,PD
participant_grouped_10x10,4,8,sub-hc21_seg002,HC
participant_grouped_10x10,4,8,sub-hc21_seg003,HC
participant_grouped_10x10,4,8,sub-hc21_seg004,PD
participant_grouped_10x10,4,8,sub-hc21_seg005,PD
participant_grouped_10x10,4,8,sub-hc21_seg006,HC
participant_grouped_10x10,4,8,sub-hc21_seg007,HC
participant_grouped_10x10,4,8,sub-hc21_seg008,HC
participant_grouped_10x10,4,8,sub-hc21_seg009,HC
participant_grouped_10x10,4,8,sub-hc21_seg010,PD
participant_grouped_10x10,4,8,sub-hc21_seg011,PD
participant_grouped_10x10,4,8,sub-hc21_seg012,PD
participant_grouped_10x10,4,8,sub-hc21_seg013,HC
participant_grouped_10x10,4,8,sub-hc21_seg014,PD
participant_grouped_10x10,4,8,sub-hc21_seg015,PD
participant_grouped_10x10,4,8,sub-hc21_seg016,PD
participant_grouped_10x10,4,8,sub-hc21_seg017,PD
participant_grouped_10x10,4,2,sub-hc24_seg000,PD
participant_grouped_10x10,4,2,sub-hc24_seg001,PD
participant_grouped_10x10,4,2,sub-hc24_seg002,PD
participant_grouped_10x10,4,2,sub-hc24_seg003,PD
participant_grouped_10x10,4,2,sub-hc24_seg004,PD
participant_grouped_10x10,4,2,sub-hc24_seg005,PD
participant_grouped_10x10,4,2,sub-hc24_seg006,PD
participant_grouped_10x10,4,2,sub-hc24_seg007,PD
participant_grouped_10x10,4,2,sub-hc24_seg008,PD
participant_grouped_10x10,4,2,sub-hc24_seg009,PD
participant_grouped_10x10,4,2,sub-hc24_seg010,PD
participant_grouped_10x10,4,2,sub-hc24_seg011,PD
participant_grouped_10x10,4,2,sub-hc24_seg012,PD
participant_grouped_10x10,4,2,sub-hc24_seg013,PD
participant_grouped_10x10,4,2,sub-hc24_seg014,PD
participant_grouped_10x10,4,2,sub-hc24_seg015,PD
participant_grouped_10x10,4,2,sub-hc24_seg016,PD
participant_grouped_10x10,4,2,sub-hc24_seg017,PD
participant_grouped_10x10,4,2,sub-hc24_seg018,PD
participant_grouped_10x10,4,4,sub-hc25_seg000,PD
participant_grouped_10x10,4,4,sub-hc25_seg001,PD
participant_grouped_10x10,4,4,sub-hc25_seg002,PD
participant_grouped_10x10,4,4,sub-hc25_seg003,PD
participant_grouped_10x10,4,4,sub-hc25_seg004,PD
participant_grouped_10x10,4,4,sub-hc25_seg005,PD
participant_grouped_10x10,4,4,sub-hc25_seg006,PD
participant_grouped_10x10,4,4,sub-hc25_seg007,PD
participant_grouped_10x10,4,4,sub-hc25_seg008,PD
participant_grouped_10x10,4,4,sub-hc25_seg009,PD
participant_grouped_10x10,4,4,sub-hc25_seg010,PD
participant_grouped_10x10,4,4,sub-hc25_seg011,PD
participant_grouped_10x10,4,4,sub-hc25_seg012,PD
participant_grouped_10x10,4,4,sub-hc25_seg013,PD
participant_grouped_10x10,4,4,sub-hc25_seg014,PD
participant_grouped_10x10,4,4,sub-hc25_seg015,PD
participant_grouped_10x10,4,4,sub-hc25_seg016,HC
participant_grouped_10x10,4,4,sub-hc25_seg017,PD
participant_grouped_10x10,4,4,sub-hc25_seg018,PD
participant_grouped_10x10,4,4,sub-hc25_seg019,PD
participant_grouped_10x10,4,6,sub-hc29_seg000,HC
participant_grouped_10x10,4,6,sub-hc29_seg001,HC
participant_grouped_10x10,4,6,sub-hc29_seg002,HC
participant_grouped_10x10,4,6,sub-hc29_seg003,HC
participant_grouped_10x10,4,6,sub-hc29_seg004,PD
participant_grouped_10x10,4,6,sub-hc29_seg005,HC
participant_grouped_10x10,4,6,sub-hc29_seg006,HC
participant_grouped_10x10,4,6,sub-hc29_seg007,HC
participant_grouped_10x10,4,6,sub-hc29_seg008,PD
participant_grouped_10x10,4,6,sub-hc29_seg009,PD
participant_grouped_10x10,4,6,sub-hc29_seg010,HC
participant_grouped_10x10,4,6,sub-hc29_seg011,HC
participant_grouped_10x10,4,6,sub-hc29_seg012,HC
participant_grouped_10x10,4,6,sub-hc29_seg013,HC
participant_grouped_10x10,4,6,sub-hc29_seg014,PD
participant_grouped_10x10,4,6,sub-hc29_seg015,HC
participant_grouped_10x10,4,6,sub-hc29_seg016,HC
participant_grouped_10x10,4,6,sub-hc29_seg017,HC
participant_grouped_10x10,4,6,sub-hc29_seg018,HC
participant_grouped_10x10,4,3,sub-hc30_seg000,HC
participant_grouped_10x10,4,3,sub-hc30_seg001,PD
participant_grouped_10x10,4,3,sub-hc30_seg002,PD
participant_grouped_10x10,4,3,sub-hc30_seg003,PD
participant_grouped_10x10,4,3,sub-hc30_seg004,PD
participant_grouped_10x10,4,3,sub-hc30_seg005,HC
participant_grouped_10x10,4,3,sub-hc30_seg006,PD
participant_grouped_10x10,4,3,sub-hc30_seg007,PD
participant_grouped_10x10,4,3,sub-hc30_seg008,HC
participant_grouped_10x10,4,3,sub-hc30_seg009,HC
participant_grouped_10x10,4,3,sub-hc30_seg010,HC
participant_grouped_10x10,4,3,sub-hc30_seg011,HC
participant_grouped_10x10,4,3,sub-hc30_seg012,HC
participant_grouped_10x10,4,3,sub-hc30_seg013,HC
participant_grouped_10x10,4,3,sub-hc30_seg014,HC
participant_grouped_10x10,4,3,sub-hc30_seg015,HC
participant_grouped_10x10,4,3,sub-hc30_seg016,HC
participant_grouped_10x10,4,3,sub-hc30_seg017,HC
participant_grouped_10x10,4,1,sub-hc31_seg000,HC
participant_grouped_10x10,4,1,sub-hc31_seg001,HC
participant_grouped_10x10,4,1,sub-hc31_seg002,HC
participant_grouped_10x10,4,1,sub-hc31_seg003,PD
participant_grouped_10x10,4,1,sub-hc31_seg004,PD
participant_grouped_10x10,4,1,sub-hc31_seg005,PD
participant_grouped_10x10,4,1,sub-hc31_seg006,PD
participant_grouped_10x10,4,1,sub-hc31_seg007,PD
participant_grouped_10x10,4,1,sub-hc31_seg008,PD
participant_grouped_10x10,4,1,sub-hc31_seg009,HC
participant_grouped_10x10,4,1,sub-hc31_seg010,HC
participant_grouped_10x10,4,1,sub-hc31_seg011,PD
participant_grouped_10x10,4,1,sub-hc31_seg012,PD
participant_grouped_10x10,4,1,sub-hc31_seg013,PD
participant_grouped_10x10,4,1,sub-hc31_seg014,PD
participant_grouped_10x10,4,1,sub-hc31_seg015,HC
participant_grouped_10x10,4,1,sub-hc31_seg016,PD
participant_grouped_10x10,4,1,sub-hc31_seg017,PD
participant_grouped_10x10,4,8,sub-hc32_seg000,PD
participant_grouped_10x10,4,8,sub-hc32_seg001,PD
participant_grouped_10x10,4,8,sub-hc32_seg002,PD
participant_grouped_10x10,4,8,sub-hc32_seg003,PD
participant_grouped_10x10,4,8,sub-hc32_seg004,PD
participant_grouped_10x10,4,8,sub-hc32_seg005,PD
participant_grouped_10x10,4,8,sub-hc32_seg006,PD
participant_grouped_10x10,4,8,sub-hc32_seg007,PD
participant_grouped_10x10,4,8,sub-hc32_seg008,PD
participant_grouped_10x10,4,8,sub-hc32_seg009,PD
participant_grouped_10x10,4,8,sub-hc32_seg010,PD
participant_grouped_10x10,4,8,sub-hc32_seg011,PD
participant_grouped_10x10,4,8,sub-hc32_seg012,PD
participant_grouped_10x10,4,8,sub-hc32_seg013,PD
participant_grouped_10x10,4,8,sub-hc32_seg014,PD
participant_grouped_10x10,4,8,sub-hc32_seg015,PD
participant_grouped_10x10,4,8,sub-hc32_seg016,PD
participant_grouped_10x10,4,8,sub-hc32_seg017,PD
participant_grouped_10x10,4,8,sub-hc32_seg018,PD
participant_grouped_10x10,4,3,sub-hc33_seg000,HC
participant_grouped_10x10,4,3,sub-hc33_seg001,HC
participant_grouped_10x10,4,3,sub-hc33_seg002,HC
participant_grouped_10x10,4,3,sub-hc33_seg003,HC
participant_grouped_10x10,4,3,sub-hc33_seg004,HC
participant_grouped_10x10,4,3,sub-hc33_seg005,HC
participant_grouped_10x10,4,3,sub-hc33_seg006,HC
participant_grouped_10x10,4,3,sub-hc33_seg007,HC
participant_grouped_10x10,4,3,sub-hc33_seg008,HC
participant_grouped_10x10,4,3,sub-hc33_seg009,HC
participant_grouped_10x10,4,3,sub-hc33_seg010,HC
participant_grouped_10x10,4,3,sub-hc33_seg011,HC
participant_grouped_10x10,4,3,sub-hc33_seg012,PD
participant_grouped_10x10,4,3,sub-hc33_seg013,PD
participant_grouped_10x10,4,3,sub-hc33_seg014,PD
participant_grouped_10x10,4,3,sub-hc33_seg015,HC
participant_grouped_10x10,4,3,sub-hc33_seg016,HC
participant_grouped_10x10,4,3,sub-hc33_seg017,HC
participant_grouped_10x10,4,3,sub-hc33_seg018,HC
participant_grouped_10x10,4,1,sub-pd3_seg000,PD
participant_grouped_10x10,4,1,sub-pd3_seg001,PD
participant_grouped_10x10,4,1,sub-pd3_seg002,PD
participant_grouped_10x10,4,1,sub-pd3_seg003,HC
participant_grouped_10x10,4,1,sub-pd3_seg004,PD
participant_grouped_10x10,4,1,sub-pd3_seg005,PD
participant_grouped_10x10,4,1,sub-pd3_seg006,PD
participant_grouped_10x10,4,1,sub-pd3_seg007,PD
participant_grouped_10x10,4,1,sub-pd3_seg008,PD
participant_grouped_10x10,4,1,sub-pd3_seg009,HC
participant_grouped_10x10,4,1,sub-pd3_seg010,HC
participant_grouped_10x10,4,1,sub-pd3_seg011,HC
participant_grouped_10x10,4,1,sub-pd3_seg012,HC
participant_grouped_10x10,4,1,sub-pd3_seg013,HC
participant_grouped_10x10,4,1,sub-pd3_seg014,HC
participant_grouped_10x10,4,1,sub-pd3_seg015,HC
participant_grouped_10x10,4,1,sub-pd3_seg016,HC
participant_grouped_10x10,4,1,sub-pd3_seg017,HC
participant_grouped_10x10,4,1,sub-pd3_seg018,HC
participant_grouped_10x10,4,1,sub-pd3_seg019,HC
participant_grouped_10x10,4,4,sub-pd5_seg000,PD
participant_grouped_10x10,4,4,sub-pd5_seg001,HC
participant_grouped_10x10,4,4,sub-pd5_seg002,HC
participant_grouped_10x10,4,4,sub-pd5_seg003,HC
participant_grouped_10x10,4,4,sub-pd5_seg004,HC
participant_grouped_10x10,4,4,sub-pd5_seg005,HC
participant_grouped_10x10,4,4,sub-pd5_seg006,PD
participant_grouped_10x10,4,4,sub-pd5_seg007,PD
participant_grouped_10x10,4,4,sub-pd5_seg008,HC
participant_grouped_10x10,4,4,sub-pd5_seg009,HC
participant_grouped_10x10,4,4,sub-pd5_seg010,HC
participant_grouped_10x10,4,4,sub-pd5_seg011,HC
participant_grouped_10x10,4,4,sub-pd5_seg012,HC
participant_grouped_10x10,4,4,sub-pd5_seg013,HC
participant_grouped_10x10,4,4,sub-pd5_seg014,PD
participant_grouped_10x10,4,4,sub-pd5_seg015,PD
participant_grouped_10x10,4,4,sub-pd5_seg016,PD
participant_grouped_10x10,4,4,sub-pd5_seg017,PD
participant_grouped_10x10,4,4,sub-pd5_seg018,PD
participant_grouped_10x10,4,7,sub-pd6_seg000,PD
participant_grouped_10x10,4,7,sub-pd6_seg001,HC
participant_grouped_10x10,4,7,sub-pd6_seg002,HC
participant_grouped_10x10,4,7,sub-pd6_seg003,HC
participant_grouped_10x10,4,7,sub-pd6_seg004,HC
participant_grouped_10x10,4,7,sub-pd6_seg005,PD
participant_grouped_10x10,4,7,sub-pd6_seg006,HC
participant_grouped_10x10,4,7,sub-pd6_seg007,HC
participant_grouped_10x10,4,7,sub-pd6_seg008,HC
participant_grouped_10x10,4,7,sub-pd6_seg009,HC
participant_grouped_10x10,4,7,sub-pd6_seg010,HC
participant_grouped_10x10,4,7,sub-pd6_seg011,HC
participant_grouped_10x10,4,7,sub-pd6_seg012,HC
participant_grouped_10x10,4,7,sub-pd6_seg013,PD
participant_grouped_10x10,4,7,sub-pd6_seg014,PD
participant_grouped_10x10,4,7,sub-pd6_seg015,HC
participant_grouped_10x10,4,7,sub-pd6_seg016,PD
participant_grouped_10x10,4,7,sub-pd6_seg017,HC
participant_grouped_10x10,4,7,sub-pd6_seg018,HC
participant_grouped_10x10,4,9,sub-pd9_seg000,PD
participant_grouped_10x10,4,9,sub-pd9_seg001,PD
participant_grouped_10x10,4,9,sub-pd9_seg002,HC
participant_grouped_10x10,4,9,sub-pd9_seg003,PD
participant_grouped_10x10,4,9,sub-pd9_seg004,PD
participant_grouped_10x10,4,9,sub-pd9_seg005,PD
participant_grouped_10x10,4,9,sub-pd9_seg006,PD
participant_grouped_10x10,4,9,sub-pd9_seg007,HC
participant_grouped_10x10,4,9,sub-pd9_seg008,PD
participant_grouped_10x10,4,9,sub-pd9_seg009,PD
participant_grouped_10x10,4,9,sub-pd9_seg010,PD
participant_grouped_10x10,4,9,sub-pd9_seg011,PD
participant_grouped_10x10,4,9,sub-pd9_seg012,PD
participant_grouped_10x10,4,9,sub-pd9_seg013,PD
participant_grouped_10x10,4,9,sub-pd9_seg014,HC
participant_grouped_10x10,4,9,sub-pd9_seg015,PD
participant_grouped_10x10,4,9,sub-pd9_seg016,PD
participant_grouped_10x10,4,9,sub-pd9_seg017,PD
participant_grouped_10x10,4,9,sub-pd9_seg018,PD
participant_grouped_10x10,4,2,sub-pd12_seg000,HC
participant_grouped_10x10,4,2,sub-pd12_seg001,HC
participant_grouped_10x10,4,2,sub-pd12_seg002,HC
participant_grouped_10x10,4,2,sub-pd12_seg003,HC
participant_grouped_10x10,4,2,sub-pd12_seg004,PD
participant_grouped_10x10,4,2,sub-pd12_seg005,HC
participant_grouped_10x10,4,2,sub-pd12_seg006,HC
participant_grouped_10x10,4,2,sub-pd12_seg007,HC
participant_grouped_10x10,4,2,sub-pd12_seg008,HC
participant_grouped_10x10,4,2,sub-pd12_seg009,HC
participant_grouped_10x10,4,2,sub-pd12_seg010,PD
participant_grouped_10x10,4,2,sub-pd12_seg011,PD
participant_grouped_10x10,4,2,sub-pd12_seg012,PD
participant_grouped_10x10,4,2,sub-pd12_seg013,PD
participant_grouped_10x10,4,2,sub-pd12_seg014,PD
participant_grouped_10x10,4,2,sub-pd12_seg015,PD
participant_grouped_10x10,4,2,sub-pd12_seg016,PD
participant_grouped_10x10,4,2,sub-pd12_seg017,PD
participant_grouped_10x10,4,2,sub-pd12_seg018,PD
participant_grouped_10x10,4,2,sub-pd12_seg019,PD
participant_grouped_10x10,4,5,sub-pd11_seg000,PD
participant_grouped_10x10,4,5,sub-pd11_seg001,PD
participant_grouped_10x10,4,5,sub-pd11_seg002,PD
participant_grouped_10x10,4,5,sub-pd11_seg003,PD
participant_grouped_10x10,4,5,sub-pd11_seg004,PD
participant_grouped_10x10,4,5,sub-pd11_seg005,PD
participant_grouped_10x10,4,5,sub-pd11_seg006,PD
participant_grouped_10x10,4,5,sub-pd11_seg007,PD
participant_grouped_10x10,4,5,sub-pd11_seg008,PD
participant_grouped_10x10,4,5,sub-pd11_seg009,PD
participant_grouped_10x10,4,5,sub-pd11_seg010,PD
participant_grouped_10x10,4,5,sub-pd11_seg011,PD
participant_grouped_10x10,4,5,sub-pd11_seg012,PD
participant_grouped_10x10,4,5,sub-pd11_seg013,PD
participant_grouped_10x10,4,5,sub-pd11_seg014,PD
participant_grouped_10x10,4,5,sub-pd11_seg015,PD
participant_grouped_10x10,4,5,sub-pd11_seg016,PD
participant_grouped_10x10,4,5,sub-pd11_seg017,PD
participant_grouped_10x10,4,4,sub-pd13_seg000,PD
participant_grouped_10x10,4,4,sub-pd13_seg001,PD
participant_grouped_10x10,4,4,sub-pd13_seg002,PD
participant_grouped_10x10,4,4,sub-pd13_seg003,PD
participant_grouped_10x10,4,4,sub-pd13_seg004,PD
participant_grouped_10x10,4,4,sub-pd13_seg005,PD
participant_grouped_10x10,4,4,sub-pd13_seg006,PD
participant_grouped_10x10,4,4,sub-pd13_seg007,PD
participant_grouped_10x10,4,4,sub-pd13_seg008,PD
participant_grouped_10x10,4,4,sub-pd13_seg009,PD
participant_grouped_10x10,4,4,sub-pd13_seg010,PD
participant_grouped_10x10,4,4,sub-pd13_seg011,PD
participant_grouped_10x10,4,4,sub-pd13_seg012,PD
participant_grouped_10x10,4,4,sub-pd13_seg013,PD
participant_grouped_10x10,4,4,sub-pd13_seg014,PD
participant_grouped_10x10,4,4,sub-pd13_seg015,PD
participant_grouped_10x10,4,4,sub-pd13_seg016,PD
participant_grouped_10x10,4,4,sub-pd13_seg017,PD
participant_grouped_10x10,4,0,sub-pd14_seg000,PD
participant_grouped_10x10,4,0,sub-pd14_seg001,PD
participant_grouped_10x10,4,0,sub-pd14_seg002,PD
participant_grouped_10x10,4,0,sub-pd14_seg003,PD
participant_grouped_10x10,4,0,sub-pd14_seg004,HC
participant_grouped_10x10,4,0,sub-pd14_seg005,PD
participant_grouped_10x10,4,0,sub-pd14_seg006,PD
participant_grouped_10x10,4,0,sub-pd14_seg007,PD
participant_grouped_10x10,4,0,sub-pd14_seg008,PD
participant_grouped_10x10,4,0,sub-pd14_seg009,HC
participant_grouped_10x10,4,0,sub-pd14_seg010,PD
participant_grouped_10x10,4,0,sub-pd14_seg011,PD
participant_grouped_10x10,4,0,sub-pd14_seg012,PD
participant_grouped_10x10,4,0,sub-pd14_seg013,PD
participant_grouped_10x10,4,0,sub-pd14_seg014,HC
participant_grouped_10x10,4,0,sub-pd14_seg015,HC
participant_grouped_10x10,4,0,sub-pd14_seg016,PD
participant_grouped_10x10,4,0,sub-pd14_seg017,PD
participant_grouped_10x10,4,0,sub-pd14_seg018,HC
participant_grouped_10x10,4,0,sub-pd14_seg019,HC
participant_grouped_10x10,4,0,sub-pd14_seg020,HC
participant_grouped_10x10,4,0,sub-pd14_seg021,PD
participant_grouped_10x10,4,0,sub-pd14_seg022,HC
participant_grouped_10x10,4,0,sub-pd14_seg023,HC
participant_grouped_10x10,4,0,sub-pd14_seg024,HC
participant_grouped_10x10,4,0,sub-pd14_seg025,PD
participant_grouped_10x10,4,0,sub-pd14_seg026,PD
participant_grouped_10x10,4,0,sub-pd14_seg027,PD
participant_grouped_10x10,4,0,sub-pd14_seg028,PD
participant_grouped_10x10,4,9,sub-pd16_seg000,HC
participant_grouped_10x10,4,9,sub-pd16_seg001,PD
participant_grouped_10x10,4,9,sub-pd16_seg002,PD
participant_grouped_10x10,4,9,sub-pd16_seg003,PD
participant_grouped_10x10,4,9,sub-pd16_seg004,PD
participant_grouped_10x10,4,9,sub-pd16_seg005,PD
participant_grouped_10x10,4,9,sub-pd16_seg006,PD
participant_grouped_10x10,4,9,sub-pd16_seg007,PD
participant_grouped_10x10,4,9,sub-pd16_seg008,PD
participant_grouped_10x10,4,9,sub-pd16_seg009,PD
participant_grouped_10x10,4,9,sub-pd16_seg010,PD
participant_grouped_10x10,4,9,sub-pd16_seg011,PD
participant_grouped_10x10,4,9,sub-pd16_seg012,PD
participant_grouped_10x10,4,9,sub-pd16_seg013,PD
participant_grouped_10x10,4,9,sub-pd16_seg014,PD
participant_grouped_10x10,4,9,sub-pd16_seg015,PD
participant_grouped_10x10,4,9,sub-pd16_seg016,PD
participant_grouped_10x10,4,9,sub-pd16_seg017,PD
participant_grouped_10x10,4,5,sub-pd17_seg000,HC
participant_grouped_10x10,4,5,sub-pd17_seg001,HC
participant_grouped_10x10,4,5,sub-pd17_seg002,HC
participant_grouped_10x10,4,5,sub-pd17_seg003,HC
participant_grouped_10x10,4,5,sub-pd17_seg004,HC
participant_grouped_10x10,4,5,sub-pd17_seg005,HC
participant_grouped_10x10,4,5,sub-pd17_seg006,HC
participant_grouped_10x10,4,5,sub-pd17_seg007,HC
participant_grouped_10x10,4,5,sub-pd17_seg008,HC
participant_grouped_10x10,4,5,sub-pd17_seg009,HC
participant_grouped_10x10,4,5,sub-pd17_seg010,HC
participant_grouped_10x10,4,5,sub-pd17_seg011,HC
participant_grouped_10x10,4,5,sub-pd17_seg012,HC
participant_grouped_10x10,4,5,sub-pd17_seg013,HC
participant_grouped_10x10,4,5,sub-pd17_seg014,HC
participant_grouped_10x10,4,5,sub-pd17_seg015,HC
participant_grouped_10x10,4,5,sub-pd17_seg016,HC
participant_grouped_10x10,4,5,sub-pd17_seg017,PD
participant_grouped_10x10,4,8,sub-pd19_seg000,HC
participant_grouped_10x10,4,8,sub-pd19_seg001,HC
participant_grouped_10x10,4,8,sub-pd19_seg002,PD
participant_grouped_10x10,4,8,sub-pd19_seg003,PD
participant_grouped_10x10,4,8,sub-pd19_seg004,PD
participant_grouped_10x10,4,8,sub-pd19_seg005,PD
participant_grouped_10x10,4,8,sub-pd19_seg006,PD
participant_grouped_10x10,4,8,sub-pd19_seg007,PD
participant_grouped_10x10,4,8,sub-pd19_seg008,PD
participant_grouped_10x10,4,8,sub-pd19_seg009,PD
participant_grouped_10x10,4,8,sub-pd19_seg010,PD
participant_grouped_10x10,4,8,sub-pd19_seg011,PD
participant_grouped_10x10,4,8,sub-pd19_seg012,HC
participant_grouped_10x10,4,8,sub-pd19_seg013,PD
participant_grouped_10x10,4,8,sub-pd19_seg014,HC
participant_grouped_10x10,4,8,sub-pd19_seg015,PD
participant_grouped_10x10,4,8,sub-pd19_seg016,PD
participant_grouped_10x10,4,8,sub-pd19_seg017,PD
participant_grouped_10x10,4,7,sub-pd22_seg000,PD
participant_grouped_10x10,4,7,sub-pd22_seg001,PD
participant_grouped_10x10,4,7,sub-pd22_seg002,PD
participant_grouped_10x10,4,7,sub-pd22_seg003,PD
participant_grouped_10x10,4,7,sub-pd22_seg004,PD
participant_grouped_10x10,4,7,sub-pd22_seg005,PD
participant_grouped_10x10,4,7,sub-pd22_seg006,PD
participant_grouped_10x10,4,7,sub-pd22_seg007,PD
participant_grouped_10x10,4,7,sub-pd22_seg008,PD
participant_grouped_10x10,4,7,sub-pd22_seg009,PD
participant_grouped_10x10,4,7,sub-pd22_seg010,PD
participant_grouped_10x10,4,7,sub-pd22_seg011,PD
participant_grouped_10x10,4,7,sub-pd22_seg012,PD
participant_grouped_10x10,4,7,sub-pd22_seg013,PD
participant_grouped_10x10,4,7,sub-pd22_seg014,PD
participant_grouped_10x10,4,7,sub-pd22_seg015,PD
participant_grouped_10x10,4,7,sub-pd22_seg016,PD
participant_grouped_10x10,4,7,sub-pd22_seg017,PD
participant_grouped_10x10,4,3,sub-pd23_seg000,PD
participant_grouped_10x10,4,3,sub-pd23_seg001,PD
participant_grouped_10x10,4,3,sub-pd23_seg002,PD
participant_grouped_10x10,4,3,sub-pd23_seg003,PD
participant_grouped_10x10,4,3,sub-pd23_seg004,PD
participant_grouped_10x10,4,3,sub-pd23_seg005,PD
participant_grouped_10x10,4,3,sub-pd23_seg006,PD
participant_grouped_10x10,4,3,sub-pd23_seg007,PD
participant_grouped_10x10,4,3,sub-pd23_seg008,PD
participant_grouped_10x10,4,3,sub-pd23_seg009,PD
participant_grouped_10x10,4,3,sub-pd23_seg010,PD
participant_grouped_10x10,4,3,sub-pd23_seg011,PD
participant_grouped_10x10,4,3,sub-pd23_seg012,PD
participant_grouped_10x10,4,3,sub-pd23_seg013,PD
participant_grouped_10x10,4,3,sub-pd23_seg014,PD
participant_grouped_10x10,4,3,sub-pd23_seg015,PD
participant_grouped_10x10,4,3,sub-pd23_seg016,PD
participant_grouped_10x10,4,3,sub-pd23_seg017,PD
participant_grouped_10x10,4,3,sub-pd23_seg018,PD
participant_grouped_10x10,4,3,sub-pd23_seg019,HC
participant_grouped_10x10,4,8,sub-pd26_seg000,PD
participant_grouped_10x10,4,8,sub-pd26_seg001,PD
participant_grouped_10x10,4,8,sub-pd26_seg002,PD
participant_grouped_10x10,4,8,sub-pd26_seg003,PD
participant_grouped_10x10,4,8,sub-pd26_seg004,PD
participant_grouped_10x10,4,8,sub-pd26_seg005,PD
participant_grouped_10x10,4,8,sub-pd26_seg006,PD
participant_grouped_10x10,4,8,sub-pd26_seg007,PD
participant_grouped_10x10,4,8,sub-pd26_seg008,PD
participant_grouped_10x10,4,8,sub-pd26_seg009,PD
participant_grouped_10x10,4,8,sub-pd26_seg010,PD
participant_grouped_10x10,4,8,sub-pd26_seg011,PD
participant_grouped_10x10,4,8,sub-pd26_seg012,PD
participant_grouped_10x10,4,8,sub-pd26_seg013,PD
participant_grouped_10x10,4,8,sub-pd26_seg014,PD
participant_grouped_10x10,4,8,sub-pd26_seg015,PD
participant_grouped_10x10,4,8,sub-pd26_seg016,PD
participant_grouped_10x10,4,8,sub-pd26_seg017,PD
participant_grouped_10x10,4,8,sub-pd26_seg018,PD
participant_grouped_10x10,4,6,sub-pd28_seg000,HC
participant_grouped_10x10,4,6,sub-pd28_seg001,HC
participant_grouped_10x10,4,6,sub-pd28_seg002,HC
participant_grouped_10x10,4,6,sub-pd28_seg003,HC
participant_grouped_10x10,4,6,sub-pd28_seg004,HC
participant_grouped_10x10,4,6,sub-pd28_seg005,PD
participant_grouped_10x10,4,6,sub-pd28_seg006,HC
participant_grouped_10x10,4,6,sub-pd28_seg007,PD
participant_grouped_10x10,4,6,sub-pd28_seg008,PD
participant_grouped_10x10,4,6,sub-pd28_seg009,PD
participant_grouped_10x10,4,6,sub-pd28_seg010,PD
participant_grouped_10x10,4,6,sub-pd28_seg011,PD
participant_grouped_10x10,4,6,sub-pd28_seg012,HC
participant_grouped_10x10,4,6,sub-pd28_seg013,PD
participant_grouped_10x10,4,6,sub-pd28_seg014,HC
participant_grouped_10x10,4,6,sub-pd28_seg015,HC
participant_grouped_10x10,4,6,sub-pd28_seg016,PD
participant_grouped_10x10,4,6,sub-pd28_seg017,HC
participant_grouped_10x10,4,6,sub-pd28_seg018,PD
participant_grouped_10x10,4,6,sub-pd28_seg019,PD
participant_grouped_10x10,5,7,sub-hc1_seg000,PD
participant_grouped_10x10,5,7,sub-hc1_seg001,PD
participant_grouped_10x10,5,7,sub-hc1_seg002,PD
participant_grouped_10x10,5,7,sub-hc1_seg003,HC
participant_grouped_10x10,5,7,sub-hc1_seg004,HC
participant_grouped_10x10,5,7,sub-hc1_seg005,HC
participant_grouped_10x10,5,7,sub-hc1_seg006,HC
participant_grouped_10x10,5,7,sub-hc1_seg007,HC
participant_grouped_10x10,5,7,sub-hc1_seg008,PD
participant_grouped_10x10,5,7,sub-hc1_seg009,HC
participant_grouped_10x10,5,7,sub-hc1_seg010,HC
participant_grouped_10x10,5,7,sub-hc1_seg011,PD
participant_grouped_10x10,5,7,sub-hc1_seg012,PD
participant_grouped_10x10,5,7,sub-hc1_seg013,PD
participant_grouped_10x10,5,7,sub-hc1_seg014,HC
participant_grouped_10x10,5,7,sub-hc1_seg015,HC
participant_grouped_10x10,5,7,sub-hc1_seg016,HC
participant_grouped_10x10,5,7,sub-hc1_seg017,PD
participant_grouped_10x10,5,7,sub-hc1_seg018,HC
participant_grouped_10x10,5,0,sub-hc2_seg000,PD
participant_grouped_10x10,5,0,sub-hc2_seg001,PD
participant_grouped_10x10,5,0,sub-hc2_seg002,HC
participant_grouped_10x10,5,0,sub-hc2_seg003,PD
participant_grouped_10x10,5,0,sub-hc2_seg004,HC
participant_grouped_10x10,5,0,sub-hc2_seg005,PD
participant_grouped_10x10,5,0,sub-hc2_seg006,PD
participant_grouped_10x10,5,0,sub-hc2_seg007,PD
participant_grouped_10x10,5,0,sub-hc2_seg008,PD
participant_grouped_10x10,5,0,sub-hc2_seg009,PD
participant_grouped_10x10,5,0,sub-hc2_seg010,PD
participant_grouped_10x10,5,0,sub-hc2_seg011,PD
participant_grouped_10x10,5,0,sub-hc2_seg012,PD
participant_grouped_10x10,5,0,sub-hc2_seg013,PD
participant_grouped_10x10,5,0,sub-hc2_seg014,PD
participant_grouped_10x10,5,0,sub-hc2_seg015,PD
participant_grouped_10x10,5,0,sub-hc2_seg016,PD
participant_grouped_10x10,5,0,sub-hc2_seg017,PD
participant_grouped_10x10,5,0,sub-hc2_seg018,PD
participant_grouped_10x10,5,7,sub-hc4_seg000,PD
participant_grouped_10x10,5,7,sub-hc4_seg001,PD
participant_grouped_10x10,5,7,sub-hc4_seg002,PD
participant_grouped_10x10,5,7,sub-hc4_seg003,PD
participant_grouped_10x10,5,7,sub-hc4_seg004,PD
participant_grouped_10x10,5,7,sub-hc4_seg005,PD
participant_grouped_10x10,5,7,sub-hc4_seg006,PD
participant_grouped_10x10,5,7,sub-hc4_seg007,PD
participant_grouped_10x10,5,7,sub-hc4_seg008,PD
participant_grouped_10x10,5,7,sub-hc4_seg009,PD
participant_grouped_10x10,5,7,sub-hc4_seg010,PD
participant_grouped_10x10,5,7,sub-hc4_seg011,PD
participant_grouped_10x10,5,7,sub-hc4_seg012,PD
participant_grouped_10x10,5,7,sub-hc4_seg013,PD
participant_grouped_10x10,5,7,sub-hc4_seg014,PD
participant_grouped_10x10,5,7,sub-hc4_seg015,PD
participant_grouped_10x10,5,7,sub-hc4_seg016,PD
participant_grouped_10x10,5,7,sub-hc4_seg017,PD
participant_grouped_10x10,5,4,sub-hc7_seg000,HC
participant_grouped_10x10,5,4,sub-hc7_seg001,HC
participant_grouped_10x10,5,4,sub-hc7_seg002,HC
participant_grouped_10x10,5,4,sub-hc7_seg003,PD
participant_grouped_10x10,5,4,sub-hc7_seg004,HC
participant_grouped_10x10,5,4,sub-hc7_seg005,PD
participant_grouped_10x10,5,4,sub-hc7_seg006,PD
participant_grouped_10x10,5,4,sub-hc7_seg007,PD
participant_grouped_10x10,5,4,sub-hc7_seg008,PD
participant_grouped_10x10,5,4,sub-hc7_seg009,PD
participant_grouped_10x10,5,4,sub-hc7_seg010,HC
participant_grouped_10x10,5,4,sub-hc7_seg011,PD
participant_grouped_10x10,5,4,sub-hc7_seg012,PD
participant_grouped_10x10,5,4,sub-hc7_seg013,PD
participant_grouped_10x10,5,4,sub-hc7_seg014,PD
participant_grouped_10x10,5,4,sub-hc7_seg015,HC
participant_grouped_10x10,5,4,sub-hc7_seg016,PD
participant_grouped_10x10,5,4,sub-hc7_seg017,PD
participant_grouped_10x10,5,4,sub-hc7_seg018,PD
participant_grouped_10x10,5,3,sub-hc8_seg000,PD
participant_grouped_10x10,5,3,sub-hc8_seg001,HC
participant_grouped_10x10,5,3,sub-hc8_seg002,HC
participant_grouped_10x10,5,3,sub-hc8_seg003,HC
participant_grouped_10x10,5,3,sub-hc8_seg004,HC
participant_grouped_10x10,5,3,sub-hc8_seg005,HC
participant_grouped_10x10,5,3,sub-hc8_seg006,HC
participant_grouped_10x10,5,3,sub-hc8_seg007,HC
participant_grouped_10x10,5,3,sub-hc8_seg008,PD
participant_grouped_10x10,5,3,sub-hc8_seg009,PD
participant_grouped_10x10,5,3,sub-hc8_seg010,HC
participant_grouped_10x10,5,3,sub-hc8_seg011,HC
participant_grouped_10x10,5,3,sub-hc8_seg012,HC
participant_grouped_10x10,5,3,sub-hc8_seg013,HC
participant_grouped_10x10,5,3,sub-hc8_seg014,HC
participant_grouped_10x10,5,3,sub-hc8_seg015,HC
participant_grouped_10x10,5,3,sub-hc8_seg016,HC
participant_grouped_10x10,5,3,sub-hc8_seg017,HC
participant_grouped_10x10,5,3,sub-hc8_seg018,HC
participant_grouped_10x10,5,5,sub-hc10_seg000,PD
participant_grouped_10x10,5,5,sub-hc10_seg001,PD
participant_grouped_10x10,5,5,sub-hc10_seg002,PD
participant_grouped_10x10,5,5,sub-hc10_seg003,HC
participant_grouped_10x10,5,5,sub-hc10_seg004,PD
participant_grouped_10x10,5,5,sub-hc10_seg005,PD
participant_grouped_10x10,5,5,sub-hc10_seg006,PD
participant_grouped_10x10,5,5,sub-hc10_seg007,PD
participant_grouped_10x10,5,5,sub-hc10_seg008,HC
participant_grouped_10x10,5,5,sub-hc10_seg009,HC
participant_grouped_10x10,5,5,sub-hc10_seg010,PD
participant_grouped_10x10,5,5,sub-hc10_seg011,PD
participant_grouped_10x10,5,5,sub-hc10_seg012,HC
participant_grouped_10x10,5,5,sub-hc10_seg013,HC
participant_grouped_10x10,5,5,sub-hc10_seg014,HC
participant_grouped_10x10,5,5,sub-hc10_seg015,PD
participant_grouped_10x10,5,5,sub-hc10_seg016,PD
participant_grouped_10x10,5,5,sub-hc10_seg017,PD
participant_grouped_10x10,5,5,sub-hc10_seg018,PD
participant_grouped_10x10,5,5,sub-hc10_seg019,PD
participant_grouped_10x10,5,9,sub-hc18_seg000,HC
participant_grouped_10x10,5,9,sub-hc18_seg001,HC
participant_grouped_10x10,5,9,sub-hc18_seg002,HC
participant_grouped_10x10,5,9,sub-hc18_seg003,PD
participant_grouped_10x10,5,9,sub-hc18_seg004,PD
participant_grouped_10x10,5,9,sub-hc18_seg005,HC
participant_grouped_10x10,5,9,sub-hc18_seg006,HC
participant_grouped_10x10,5,9,sub-hc18_seg007,HC
participant_grouped_10x10,5,9,sub-hc18_seg008,HC
participant_grouped_10x10,5,9,sub-hc18_seg009,HC
participant_grouped_10x10,5,9,sub-hc18_seg010,HC
participant_grouped_10x10,5,9,sub-hc18_seg011,HC
participant_grouped_10x10,5,9,sub-hc18_seg012,HC
participant_grouped_10x10,5,9,sub-hc18_seg013,PD
participant_grouped_10x10,5,9,sub-hc18_seg014,PD
participant_grouped_10x10,5,9,sub-hc18_seg015,PD
participant_grouped_10x10,5,9,sub-hc18_seg016,PD
participant_grouped_10x10,5,9,sub-hc18_seg017,PD
participant_grouped_10x10,5,2,sub-hc20_seg000,HC
participant_grouped_10x10,5,2,sub-hc20_seg001,PD
participant_grouped_10x10,5,2,sub-hc20_seg002,PD
participant_grouped_10x10,5,2,sub-hc20_seg003,PD
participant_grouped_10x10,5,2,sub-hc20_seg004,PD
participant_grouped_10x10,5,2,sub-hc20_seg005,PD
participant_grouped_10x10,5,2,sub-hc20_seg006,PD
participant_grouped_10x10,5,2,sub-hc20_seg007,PD
participant_grouped_10x10,5,2,sub-hc20_seg008,PD
participant_grouped_10x10,5,2,sub-hc20_seg009,PD
participant_grouped_10x10,5,2,sub-hc20_seg010,PD
participant_grouped_10x10,5,2,sub-hc20_seg011,HC
participant_grouped_10x10,5,2,sub-hc20_seg012,HC
participant_grouped_10x10,5,2,sub-hc20_seg013,HC
participant_grouped_10x10,5,2,sub-hc20_seg014,HC
participant_grouped_10x10,5,2,sub-hc20_seg015,PD
participant_grouped_10x10,5,2,sub-hc20_seg016,PD
participant_grouped_10x10,5,2,sub-hc20_seg017,PD
participant_grouped_10x10,5,1,sub-hc21_seg000,HC
participant_grouped_10x10,5,1,sub-hc21_seg001,PD
participant_grouped_10x10,5,1,sub-hc21_seg002,HC
participant_grouped_10x10,5,1,sub-hc21_seg003,HC
participant_grouped_10x10,5,1,sub-hc21_seg004,PD
participant_grouped_10x10,5,1,sub-hc21_seg005,PD
participant_grouped_10x10,5,1,sub-hc21_seg006,HC
participant_grouped_10x10,5,1,sub-hc21_seg007,HC
participant_grouped_10x10,5,1,sub-hc21_seg008,HC
participant_grouped_10x10,5,1,sub-hc21_seg009,HC
participant_grouped_10x10,5,1,sub-hc21_seg010,PD
participant_grouped_10x10,5,1,sub-hc21_seg011,PD
participant_grouped_10x10,5,1,sub-hc21_seg012,PD
participant_grouped_10x10,5,1,sub-hc21_seg013,HC
participant_grouped_10x10,5,1,sub-hc21_seg014,PD
participant_grouped_10x10,5,1,sub-hc21_seg015,PD
participant_grouped_10x10,5,1,sub-hc21_seg016,PD
participant_grouped_10x10,5,1,sub-hc21_seg017,PD
participant_grouped_10x10,5,2,sub-hc24_seg000,PD
participant_grouped_10x10,5,2,sub-hc24_seg001,PD
participant_grouped_10x10,5,2,sub-hc24_seg002,PD
participant_grouped_10x10,5,2,sub-hc24_seg003,PD
participant_grouped_10x10,5,2,sub-hc24_seg004,PD
participant_grouped_10x10,5,2,sub-hc24_seg005,PD
participant_grouped_10x10,5,2,sub-hc24_seg006,PD
participant_grouped_10x10,5,2,sub-hc24_seg007,PD
participant_grouped_10x10,5,2,sub-hc24_seg008,PD
participant_grouped_10x10,5,2,sub-hc24_seg009,PD
participant_grouped_10x10,5,2,sub-hc24_seg010,PD
participant_grouped_10x10,5,2,sub-hc24_seg011,PD
participant_grouped_10x10,5,2,sub-hc24_seg012,PD
participant_grouped_10x10,5,2,sub-hc24_seg013,PD
participant_grouped_10x10,5,2,sub-hc24_seg014,PD
participant_grouped_10x10,5,2,sub-hc24_seg015,PD
participant_grouped_10x10,5,2,sub-hc24_seg016,PD
participant_grouped_10x10,5,2,sub-hc24_seg017,PD
participant_grouped_10x10,5,2,sub-hc24_seg018,PD
participant_grouped_10x10,5,6,sub-hc25_seg000,PD
participant_grouped_10x10,5,6,sub-hc25_seg001,PD
participant_grouped_10x10,5,6,sub-hc25_seg002,PD
participant_grouped_10x10,5,6,sub-hc25_seg003,PD
participant_grouped_10x10,5,6,sub-hc25_seg004,PD
participant_grouped_10x10,5,6,sub-hc25_seg005,PD
participant_grouped_10x10,5,6,sub-hc25_seg006,PD
participant_grouped_10x10,5,6,sub-hc25_seg007,PD
participant_grouped_10x10,5,6,sub-hc25_seg008,PD
participant_grouped_10x10,5,6,sub-hc25_seg009,PD
participant_grouped_10x10,5,6,sub-hc25_seg010,PD
participant_grouped_10x10,5,6,sub-hc25_seg011,PD
participant_grouped_10x10,5,6,sub-hc25_seg012,PD
participant_grouped_10x10,5,6,sub-hc25_seg013,PD
participant_grouped_10x10,5,6,sub-hc25_seg014,PD
participant_grouped_10x10,5,6,sub-hc25_seg015,PD
participant_grouped_10x10,5,6,sub-hc25_seg016,HC
participant_grouped_10x10,5,6,sub-hc25_seg017,PD
participant_grouped_10x10,5,6,sub-hc25_seg018,PD
participant_grouped_10x10,5,6,sub-hc25_seg019,PD
participant_grouped_10x10,5,1,sub-hc29_seg000,PD
participant_grouped_10x10,5,1,sub-hc29_seg001,PD
participant_grouped_10x10,5,1,sub-hc29_seg002,PD
participant_grouped_10x10,5,1,sub-hc29_seg003,PD
participant_grouped_10x10,5,1,sub-hc29_seg004,PD
participant_grouped_10x10,5,1,sub-hc29_seg005,PD
participant_grouped_10x10,5,1,sub-hc29_seg006,PD
participant_grouped_10x10,5,1,sub-hc29_seg007,PD
participant_grouped_10x10,5,1,sub-hc29_seg008,PD
participant_grouped_10x10,5,1,sub-hc29_seg009,PD
participant_grouped_10x10,5,1,sub-hc29_seg010,PD
participant_grouped_10x10,5,1,sub-hc29_seg011,PD
participant_grouped_10x10,5,1,sub-hc29_seg012,PD
participant_grouped_10x10,5,1,sub-hc29_seg013,PD
participant_grouped_10x10,5,1,sub-hc29_seg014,PD
participant_grouped_10x10,5,1,sub-hc29_seg015,PD
participant_grouped_10x10,5,1,sub-hc29_seg016,PD
participant_grouped_10x10,5,1,sub-hc29_seg017,PD
participant_grouped_10x10,5,1,sub-hc29_seg018,PD
participant_grouped_10x10,5,3,sub-hc30_seg000,HC
participant_grouped_10x10,5,3,sub-hc30_seg001,PD
participant_grouped_10x10,5,3,sub-hc30_seg002,PD
participant_grouped_10x10,5,3,sub-hc30_seg003,PD
participant_grouped_10x10,5,3,sub-hc30_seg004,PD
participant_grouped_10x10,5,3,sub-hc30_seg005,HC
participant_grouped_10x10,5,3,sub-hc30_seg006,PD
participant_grouped_10x10,5,3,sub-hc30_seg007,PD
participant_grouped_10x10,5,3,sub-hc30_seg008,HC
participant_grouped_10x10,5,3,sub-hc30_seg009,HC
participant_grouped_10x10,5,3,sub-hc30_seg010,HC
participant_grouped_10x10,5,3,sub-hc30_seg011,HC
participant_grouped_10x10,5,3,sub-hc30_seg012,HC
participant_grouped_10x10,5,3,sub-hc30_seg013,HC
participant_grouped_10x10,5,3,sub-hc30_seg014,HC
participant_grouped_10x10,5,3,sub-hc30_seg015,HC
participant_grouped_10x10,5,3,sub-hc30_seg016,HC
participant_grouped_10x10,5,3,sub-hc30_seg017,HC
participant_grouped_10x10,5,8,sub-hc31_seg000,PD
participant_grouped_10x10,5,8,sub-hc31_seg001,PD
participant_grouped_10x10,5,8,sub-hc31_seg002,PD
participant_grouped_10x10,5,8,sub-hc31_seg003,PD
participant_grouped_10x10,5,8,sub-hc31_seg004,PD
participant_grouped_10x10,5,8,sub-hc31_seg005,PD
participant_grouped_10x10,5,8,sub-hc31_seg006,PD
participant_grouped_10x10,5,8,sub-hc31_seg007,PD
participant_grouped_10x10,5,8,sub-hc31_seg008,PD
participant_grouped_10x10,5,8,sub-hc31_seg009,HC
participant_grouped_10x10,5,8,sub-hc31_seg010,HC
participant_grouped_10x10,5,8,sub-hc31_seg011,PD
participant_grouped_10x10,5,8,sub-hc31_seg012,HC
participant_grouped_10x10,5,8,sub-hc31_seg013,PD
participant_grouped_10x10,5,8,sub-hc31_seg014,PD
participant_grouped_10x10,5,8,sub-hc31_seg015,HC
participant_grouped_10x10,5,8,sub-hc31_seg016,PD
participant_grouped_10x10,5,8,sub-hc31_seg017,PD
participant_grouped_10x10,5,9,sub-hc32_seg000,PD
participant_grouped_10x10,5,9,sub-hc32_seg001,PD
participant_grouped_10x10,5,9,sub-hc32_seg002,PD
participant_grouped_10x10,5,9,sub-hc32_seg003,PD
participant_grouped_10x10,5,9,sub-hc32_seg004,PD
participant_grouped_10x10,5,9,sub-hc32_seg005,PD
participant_grouped_10x10,5,9,sub-hc32_seg006,PD
participant_grouped_10x10,5,9,sub-hc32_seg007,PD
participant_grouped_10x10,5,9,sub-hc32_seg008,PD
participant_grouped_10x10,5,9,sub-hc32_seg009,PD
participant_grouped_10x10,5,9,sub-hc32_seg010,PD
participant_grouped_10x10,5,9,sub-hc32_seg011,PD
participant_grouped_10x10,5,9,sub-hc32_seg012,PD
participant_grouped_10x10,5,9,sub-hc32_seg013,PD
participant_grouped_10x10,5,9,sub-hc32_seg014,PD
participant_grouped_10x10,5,9,sub-hc32_seg015,PD
participant_grouped_10x10,5,9,sub-hc32_seg016,PD
participant_grouped_10x10,5,9,sub-hc32_seg017,PD
participant_grouped_10x10,5,9,sub-hc32_seg018,PD
participant_grouped_10x10,5,8,sub-hc33_seg000,HC
participant_grouped_10x10,5,8,sub-hc33_seg001,HC
participant_grouped_10x10,5,8,sub-hc33_seg002,HC
participant_grouped_10x10,5,8,sub-hc33_seg003,HC
participant_grouped_10x10,5,8,sub-hc33_seg004,HC
participant_grouped_10x10,5,8,sub-hc33_seg005,HC
participant_grouped_10x10,5,8,sub-hc33_seg006,HC
participant_grouped_10x10,5,8,sub-hc33_seg007,HC
participant_grouped_10x10,5,8,sub-hc33_seg008,HC
participant_grouped_10x10,5,8,sub-hc33_seg009,HC
participant_grouped_10x10,5,8,sub-hc33_seg010,HC
participant_grouped_10x10,5,8,sub-hc33_seg011,HC
participant_grouped_10x10,5,8,sub-hc33_seg012,HC
participant_grouped_10x10,5,8,sub-hc33_seg013,HC
participant_grouped_10x10,5,8,sub-hc33_seg014,HC
participant_grouped_10x10,5,8,sub-hc33_seg015,HC
participant_grouped_10x10,5,8,sub-hc33_seg016,HC
participant_grouped_10x10,5,8,sub-hc33_seg017,HC
participant_grouped_10x10,5,8,sub-hc33_seg018,HC
participant_grouped_10x10,5,3,sub-pd3_seg000,HC
participant_grouped_10x10,5,3,sub-pd3_seg001,PD
participant_grouped_10x10,5,3,sub-pd3_seg002,PD
participant_grouped_10x10,5,3,sub-pd3_seg003,HC
participant_grouped_10x10,5,3,sub-pd3_seg004,PD
participant_grouped_10x10,5,3,sub-pd3_seg005,PD
participant_grouped_10x10,5,3,sub-pd3_seg006,PD
participant_grouped_10x10,5,3,sub-pd3_seg007,PD
participant_grouped_10x10,5,3,sub-pd3_seg008,HC
participant_grouped_10x10,5,3,sub-pd3_seg009,HC
participant_grouped_10x10,5,3,sub-pd3_seg010,HC
participant_grouped_10x10,5,3,sub-pd3_seg011,HC
participant_grouped_10x10,5,3,sub-pd3_seg012,HC
participant_grouped_10x10,5,3,sub-pd3_seg013,HC
participant_grouped_10x10,5,3,sub-pd3_seg014,HC
participant_grouped_10x10,5,3,sub-pd3_seg015,HC
participant_grouped_10x10,5,3,sub-pd3_seg016,HC
participant_grouped_10x10,5,3,sub-pd3_seg017,HC
participant_grouped_10x10,5,3,sub-pd3_seg018,HC
participant_grouped_10x10,5,3,sub-pd3_seg019,HC
participant_grouped_10x10,5,9,sub-pd5_seg000,PD
participant_grouped_10x10,5,9,sub-pd5_seg001,HC
participant_grouped_10x10,5,9,sub-pd5_seg002,HC
participant_grouped_10x10,5,9,sub-pd5_seg003,HC
participant_grouped_10x10,5,9,sub-pd5_seg004,HC
participant_grouped_10x10,5,9,sub-pd5_seg005,HC
participant_grouped_10x10,5,9,sub-pd5_seg006,PD
participant_grouped_10x10,5,9,sub-pd5_seg007,PD
participant_grouped_10x10,5,9,sub-pd5_seg008,HC
participant_grouped_10x10,5,9,sub-pd5_seg009,HC
participant_grouped_10x10,5,9,sub-pd5_seg010,HC
participant_grouped_10x10,5,9,sub-pd5_seg011,HC
participant_grouped_10x10,5,9,sub-pd5_seg012,HC
participant_grouped_10x10,5,9,sub-pd5_seg013,HC
participant_grouped_10x10,5,9,sub-pd5_seg014,PD
participant_grouped_10x10,5,9,sub-pd5_seg015,PD
participant_grouped_10x10,5,9,sub-pd5_seg016,PD
participant_grouped_10x10,5,9,sub-pd5_seg017,PD
participant_grouped_10x10,5,9,sub-pd5_seg018,PD
participant_grouped_10x10,5,8,sub-pd6_seg000,PD
participant_grouped_10x10,5,8,sub-pd6_seg001,HC
participant_grouped_10x10,5,8,sub-pd6_seg002,HC
participant_grouped_10x10,5,8,sub-pd6_seg003,HC
participant_grouped_10x10,5,8,sub-pd6_seg004,HC
participant_grouped_10x10,5,8,sub-pd6_seg005,PD
participant_grouped_10x10,5,8,sub-pd6_seg006,HC
participant_grouped_10x10,5,8,sub-pd6_seg007,HC
participant_grouped_10x10,5,8,sub-pd6_seg008,HC
participant_grouped_10x10,5,8,sub-pd6_seg009,HC
participant_grouped_10x10,5,8,sub-pd6_seg010,HC
participant_grouped_10x10,5,8,sub-pd6_seg011,HC
participant_grouped_10x10,5,8,sub-pd6_seg012,HC
participant_grouped_10x10,5,8,sub-pd6_seg013,PD
participant_grouped_10x10,5,8,sub-pd6_seg014,PD
participant_grouped_10x10,5,8,sub-pd6_seg015,HC
participant_grouped_10x10,5,8,sub-pd6_seg016,PD
participant_grouped_10x10,5,8,sub-pd6_seg017,HC
participant_grouped_10x10,5,8,sub-pd6_seg018,HC
participant_grouped_10x10,5,7,sub-pd9_seg000,PD
participant_grouped_10x10,5,7,sub-pd9_seg001,PD
participant_grouped_10x10,5,7,sub-pd9_seg002,HC
participant_grouped_10x10,5,7,sub-pd9_seg003,PD
participant_grouped_10x10,5,7,sub-pd9_seg004,PD
participant_grouped_10x10,5,7,sub-pd9_seg005,PD
participant_grouped_10x10,5,7,sub-pd9_seg006,PD
participant_grouped_10x10,5,7,sub-pd9_seg007,HC
participant_grouped_10x10,5,7,sub-pd9_seg008,PD
participant_grouped_10x10,5,7,sub-pd9_seg009,PD
participant_grouped_10x10,5,7,sub-pd9_seg010,PD
participant_grouped_10x10,5,7,sub-pd9_seg011,PD
participant_grouped_10x10,5,7,sub-pd9_seg012,PD
participant_grouped_10x10,5,7,sub-pd9_seg013,PD
participant_grouped_10x10,5,7,sub-pd9_seg014,HC
participant_grouped_10x10,5,7,sub-pd9_seg015,PD
participant_grouped_10x10,5,7,sub-pd9_seg016,PD
participant_grouped_10x10,5,7,sub-pd9_seg017,PD
participant_grouped_10x10,5,7,sub-pd9_seg018,PD
participant_grouped_10x10,5,1,sub-pd12_seg000,PD
participant_grouped_10x10,5,1,sub-pd12_seg001,PD
participant_grouped_10x10,5,1,sub-pd12_seg002,PD
participant_grouped_10x10,5,1,sub-pd12_seg003,PD
participant_grouped_10x10,5,1,sub-pd12_seg004,PD
participant_grouped_10x10,5,1,sub-pd12_seg005,HC
participant_grouped_10x10,5,1,sub-pd12_seg006,PD
participant_grouped_10x10,5,1,sub-pd12_seg007,HC
participant_grouped_10x10,5,1,sub-pd12_seg008,HC
participant_grouped_10x10,5,1,sub-pd12_seg009,HC
participant_grouped_10x10,5,1,sub-pd12_seg010,PD
participant_grouped_10x10,5,1,sub-pd12_seg011,HC
participant_grouped_10x10,5,1,sub-pd12_seg012,PD
participant_grouped_10x10,5,1,sub-pd12_seg013,PD
participant_grouped_10x10,5,1,sub-pd12_seg014,PD
participant_grouped_10x10,5,1,sub-pd12_seg015,PD
participant_grouped_10x10,5,1,sub-pd12_seg016,PD
participant_grouped_10x10,5,1,sub-pd12_seg017,PD
participant_grouped_10x10,5,1,sub-pd12_seg018,PD
participant_grouped_10x10,5,1,sub-pd12_seg019,PD
participant_grouped_10x10,5,8,sub-pd11_seg000,PD
participant_grouped_10x10,5,8,sub-pd11_seg001,PD
participant_grouped_10x10,5,8,sub-pd11_seg002,PD
participant_grouped_10x10,5,8,sub-pd11_seg003,PD
participant_grouped_10x10,5,8,sub-pd11_seg004,PD
participant_grouped_10x10,5,8,sub-pd11_seg005,PD
participant_grouped_10x10,5,8,sub-pd11_seg006,PD
participant_grouped_10x10,5,8,sub-pd11_seg007,PD
participant_grouped_10x10,5,8,sub-pd11_seg008,PD
participant_grouped_10x10,5,8,sub-pd11_seg009,PD
participant_grouped_10x10,5,8,sub-pd11_seg010,PD
participant_grouped_10x10,5,8,sub-pd11_seg011,PD
participant_grouped_10x10,5,8,sub-pd11_seg012,PD
participant_grouped_10x10,5,8,sub-pd11_seg013,PD
participant_grouped_10x10,5,8,sub-pd11_seg014,PD
participant_grouped_10x10,5,8,sub-pd11_seg015,PD
participant_grouped_10x10,5,8,sub-pd11_seg016,PD
participant_grouped_10x10,5,8,sub-pd11_seg017,PD
participant_grouped_10x10,5,6,sub-pd13_seg000,PD
participant_grouped_10x10,5,6,sub-pd13_seg001,PD
participant_grouped_10x10,5,6,sub-pd13_seg002,PD
participant_grouped_10x10,5,6,sub-pd13_seg003,PD
participant_grouped_10x10,5,6,sub-pd13_seg004,PD
participant_grouped_10x10,5,6,sub-pd13_seg005,PD
participant_grouped_10x10,5,6,sub-pd13_seg006,PD
participant_grouped_10x10,5,6,sub-pd13_seg007,PD
participant_grouped_10x10,5,6,sub-pd13_seg008,PD
participant_grouped_10x10,5,6,sub-pd13_seg009,PD
participant_grouped_10x10,5,6,sub-pd13_seg010,PD
participant_grouped_10x10,5,6,sub-pd13_seg011,PD
participant_grouped_10x10,5,6,sub-pd13_seg012,PD
participant_grouped_10x10,5,6,sub-pd13_seg013,PD
participant_grouped_10x10,5,6,sub-pd13_seg014,PD
participant_grouped_10x10,5,6,sub-pd13_seg015,PD
participant_grouped_10x10,5,6,sub-pd13_seg016,PD
participant_grouped_10x10,5,6,sub-pd13_seg017,PD
participant_grouped_10x10,5,0,sub-pd14_seg000,PD
participant_grouped_10x10,5,0,sub-pd14_seg001,PD
participant_grouped_10x10,5,0,sub-pd14_seg002,PD
participant_grouped_10x10,5,0,sub-pd14_seg003,PD
participant_grouped_10x10,5,0,sub-pd14_seg004,HC
participant_grouped_10x10,5,0,sub-pd14_seg005,PD
participant_grouped_10x10,5,0,sub-pd14_seg006,PD
participant_grouped_10x10,5,0,sub-pd14_seg007,PD
participant_grouped_10x10,5,0,sub-pd14_seg008,PD
participant_grouped_10x10,5,0,sub-pd14_seg009,HC
participant_grouped_10x10,5,0,sub-pd14_seg010,PD
participant_grouped_10x10,5,0,sub-pd14_seg011,PD
participant_grouped_10x10,5,0,sub-pd14_seg012,PD
participant_grouped_10x10,5,0,sub-pd14_seg013,PD
participant_grouped_10x10,5,0,sub-pd14_seg014,HC
participant_grouped_10x10,5,0,sub-pd14_seg015,HC
participant_grouped_10x10,5,0,sub-pd14_seg016,PD
participant_grouped_10x10,5,0,sub-pd14_seg017,PD
participant_grouped_10x10,5,0,sub-pd14_seg018,HC
participant_grouped_10x10,5,0,sub-pd14_seg019,HC
participant_grouped_10x10,5,0,sub-pd14_seg020,HC
participant_grouped_10x10,5,0,sub-pd14_seg021,PD
participant_grouped_10x10,5,0,sub-pd14_seg022,HC
participant_grouped_10x10,5,0,sub-pd14_seg023,HC
participant_grouped_10x10,5,0,sub-pd14_seg024,HC
participant_grouped_10x10,5,0,sub-pd14_seg025,PD
participant_grouped_10x10,5,0,sub-pd14_seg026,PD
participant_grouped_10x10,5,0,sub-pd14_seg027,PD
participant_grouped_10x10,5,0,sub-pd14_seg028,PD
participant_grouped_10x10,5,5,sub-pd16_seg000,HC
participant_grouped_10x10,5,5,sub-pd16_seg001,PD
participant_grouped_10x10,5,5,sub-pd16_seg002,PD
participant_grouped_10x10,5,5,sub-pd16_seg003,PD
participant_grouped_10x10,5,5,sub-pd16_seg004,PD
participant_grouped_10x10,5,5,sub-pd16_seg005,PD
participant_grouped_10x10,5,5,sub-pd16_seg006,PD
participant_grouped_10x10,5,5,sub-pd16_seg007,PD
participant_grouped_10x10,5,5,sub-pd16_seg008,PD
participant_grouped_10x10,5,5,sub-pd16_seg009,PD
participant_grouped_10x10,5,5,sub-pd16_seg010,PD
participant_grouped_10x10,5,5,sub-pd16_seg011,PD
participant_grouped_10x10,5,5,sub-pd16_seg012,PD
participant_grouped_10x10,5,5,sub-pd16_seg013,PD
participant_grouped_10x10,5,5,sub-pd16_seg014,PD
participant_grouped_10x10,5,5,sub-pd16_seg015,PD
participant_grouped_10x10,5,5,sub-pd16_seg016,HC
participant_grouped_10x10,5,5,sub-pd16_seg017,PD
participant_grouped_10x10,5,7,sub-pd17_seg000,HC
participant_grouped_10x10,5,7,sub-pd17_seg001,HC
participant_grouped_10x10,5,7,sub-pd17_seg002,HC
participant_grouped_10x10,5,7,sub-pd17_seg003,HC
participant_grouped_10x10,5,7,sub-pd17_seg004,HC
participant_grouped_10x10,5,7,sub-pd17_seg005,HC
participant_grouped_10x10,5,7,sub-pd17_seg006,HC
participant_grouped_10x10,5,7,sub-pd17_seg007,HC
participant_grouped_10x10,5,7,sub-pd17_seg008,HC
participant_grouped_10x10,5,7,sub-pd17_seg009,HC
participant_grouped_10x10,5,7,sub-pd17_seg010,HC
participant_grouped_10x10,5,7,sub-pd17_seg011,HC
participant_grouped_10x10,5,7,sub-pd17_seg012,HC
participant_grouped_10x10,5,7,sub-pd17_seg013,HC
participant_grouped_10x10,5,7,sub-pd17_seg014,HC
participant_grouped_10x10,5,7,sub-pd17_seg015,HC
participant_grouped_10x10,5,7,sub-pd17_seg016,PD
participant_grouped_10x10,5,7,sub-pd17_seg017,PD
participant_grouped_10x10,5,9,sub-pd19_seg000,HC
participant_grouped_10x10,5,9,sub-pd19_seg001,HC
participant_grouped_10x10,5,9,sub-pd19_seg002,PD
participant_grouped_10x10,5,9,sub-pd19_seg003,PD
participant_grouped_10x10,5,9,sub-pd19_seg004,PD
participant_grouped_10x10,5,9,sub-pd19_seg005,PD
participant_grouped_10x10,5,9,sub-pd19_seg006,PD
participant_grouped_10x10,5,9,sub-pd19_seg007,PD
participant_grouped_10x10,5,9,sub-pd19_seg008,PD
participant_grouped_10x10,5,9,sub-pd19_seg009,PD
participant_grouped_10x10,5,9,sub-pd19_seg010,PD
participant_grouped_10x10,5,9,sub-pd19_seg011,PD
participant_grouped_10x10,5,9,sub-pd19_seg012,HC
participant_grouped_10x10,5,9,sub-pd19_seg013,PD
participant_grouped_10x10,5,9,sub-pd19_seg014,HC
participant_grouped_10x10,5,9,sub-pd19_seg015,PD
participant_grouped_10x10,5,9,sub-pd19_seg016,PD
participant_grouped_10x10,5,9,sub-pd19_seg017,PD
participant_grouped_10x10,5,6,sub-pd22_seg000,PD
participant_grouped_10x10,5,6,sub-pd22_seg001,PD
participant_grouped_10x10,5,6,sub-pd22_seg002,PD
participant_grouped_10x10,5,6,sub-pd22_seg003,PD
participant_grouped_10x10,5,6,sub-pd22_seg004,PD
participant_grouped_10x10,5,6,sub-pd22_seg005,PD
participant_grouped_10x10,5,6,sub-pd22_seg006,PD
participant_grouped_10x10,5,6,sub-pd22_seg007,PD
participant_grouped_10x10,5,6,sub-pd22_seg008,PD
participant_grouped_10x10,5,6,sub-pd22_seg009,PD
participant_grouped_10x10,5,6,sub-pd22_seg010,PD
participant_grouped_10x10,5,6,sub-pd22_seg011,PD
participant_grouped_10x10,5,6,sub-pd22_seg012,PD
participant_grouped_10x10,5,6,sub-pd22_seg013,PD
participant_grouped_10x10,5,6,sub-pd22_seg014,PD
participant_grouped_10x10,5,6,sub-pd22_seg015,PD
participant_grouped_10x10,5,6,sub-pd22_seg016,HC
participant_grouped_10x10,5,6,sub-pd22_seg017,HC
participant_grouped_10x10,5,2,sub-pd23_seg000,PD
participant_grouped_10x10,5,2,sub-pd23_seg001,PD
participant_grouped_10x10,5,2,sub-pd23_seg002,PD
participant_grouped_10x10,5,2,sub-pd23_seg003,PD
participant_grouped_10x10,5,2,sub-pd23_seg004,PD
participant_grouped_10x10,5,2,sub-pd23_seg005,PD
participant_grouped_10x10,5,2,sub-pd23_seg006,PD
participant_grouped_10x10,5,2,sub-pd23_seg007,PD
participant_grouped_10x10,5,2,sub-pd23_seg008,PD
participant_grouped_10x10,5,2,sub-pd23_seg009,PD
participant_grouped_10x10,5,2,sub-pd23_seg010,PD
participant_grouped_10x10,5,2,sub-pd23_seg011,PD
participant_grouped_10x10,5,2,sub-pd23_seg012,PD
participant_grouped_10x10,5,2,sub-pd23_seg013,PD
participant_grouped_10x10,5,2,sub-pd23_seg014,PD
participant_grouped_10x10,5,2,sub-pd23_seg015,PD
participant_grouped_10x10,5,2,sub-pd23_seg016,PD
participant_grouped_10x10,5,2,sub-pd23_seg017,PD
participant_grouped_10x10,5,2,sub-pd23_seg018,PD
participant_grouped_10x10,5,2,sub-pd23_seg019,HC
participant_grouped_10x10,5,5,sub-pd26_seg000,PD
participant_grouped_10x10,5,5,sub-pd26_seg001,PD
participant_grouped_10x10,5,5,sub-pd26_seg002,PD
participant_grouped_10x10,5,5,sub-pd26_seg003,PD
participant_grouped_10x10,5,5,sub-pd26_seg004,PD
participant_grouped_10x10,5,5,sub-pd26_seg005,PD
participant_grouped_10x10,5,5,sub-pd26_seg006,PD
participant_grouped_10x10,5,5,sub-pd26_seg007,PD
participant_grouped_10x10,5,5,sub-pd26_seg008,PD
participant_grouped_10x10,5,5,sub-pd26_seg009,PD
participant_grouped_10x10,5,5,sub-pd26_seg010,PD
participant_grouped_10x10,5,5,sub-pd26_seg011,PD
participant_grouped_10x10,5,5,sub-pd26_seg012,PD
participant_grouped_10x10,5,5,sub-pd26_seg013,PD
participant_grouped_10x10,5,5,sub-pd26_seg014,PD
participant_grouped_10x10,5,5,sub-pd26_seg015,PD
participant_grouped_10x10,5,5,sub-pd26_seg016,PD
participant_grouped_10x10,5,5,sub-pd26_seg017,PD
participant_grouped_10x10,5,5,sub-pd26_seg018,PD
participant_grouped_10x10,5,4,sub-pd28_seg000,HC
participant_grouped_10x10,5,4,sub-pd28_seg001,HC
participant_grouped_10x10,5,4,sub-pd28_seg002,HC
participant_grouped_10x10,5,4,sub-pd28_seg003,HC
participant_grouped_10x10,5,4,sub-pd28_seg004,HC
participant_grouped_10x10,5,4,sub-pd28_seg005,PD
participant_grouped_10x10,5,4,sub-pd28_seg006,HC
participant_grouped_10x10,5,4,sub-pd28_seg007,HC
participant_grouped_10x10,5,4,sub-pd28_seg008,HC
participant_grouped_10x10,5,4,sub-pd28_seg009,HC
participant_grouped_10x10,5,4,sub-pd28_seg010,HC
participant_grouped_10x10,5,4,sub-pd28_seg011,PD
participant_grouped_10x10,5,4,sub-pd28_seg012,HC
participant_grouped_10x10,5,4,sub-pd28_seg013,PD
participant_grouped_10x10,5,4,sub-pd28_seg014,HC
participant_grouped_10x10,5,4,sub-pd28_seg015,HC
participant_grouped_10x10,5,4,sub-pd28_seg016,HC
participant_grouped_10x10,5,4,sub-pd28_seg017,HC
participant_grouped_10x10,5,4,sub-pd28_seg018,HC
participant_grouped_10x10,5,4,sub-pd28_seg019,PD
participant_grouped_10x10,6,7,sub-hc1_seg000,PD
participant_grouped_10x10,6,7,sub-hc1_seg001,PD
participant_grouped_10x10,6,7,sub-hc1_seg002,PD
participant_grouped_10x10,6,7,sub-hc1_seg003,HC
participant_grouped_10x10,6,7,sub-hc1_seg004,HC
participant_grouped_10x10,6,7,sub-hc1_seg005,HC
participant_grouped_10x10,6,7,sub-hc1_seg006,HC
participant_grouped_10x10,6,7,sub-hc1_seg007,HC
participant_grouped_10x10,6,7,sub-hc1_seg008,PD
participant_grouped_10x10,6,7,sub-hc1_seg009,HC
participant_grouped_10x10,6,7,sub-hc1_seg010,HC
participant_grouped_10x10,6,7,sub-hc1_seg011,PD
participant_grouped_10x10,6,7,sub-hc1_seg012,PD
participant_grouped_10x10,6,7,sub-hc1_seg013,PD
participant_grouped_10x10,6,7,sub-hc1_seg014,HC
participant_grouped_10x10,6,7,sub-hc1_seg015,HC
participant_grouped_10x10,6,7,sub-hc1_seg016,HC
participant_grouped_10x10,6,7,sub-hc1_seg017,PD
participant_grouped_10x10,6,7,sub-hc1_seg018,HC
participant_grouped_10x10,6,0,sub-hc2_seg000,PD
participant_grouped_10x10,6,0,sub-hc2_seg001,PD
participant_grouped_10x10,6,0,sub-hc2_seg002,HC
participant_grouped_10x10,6,0,sub-hc2_seg003,PD
participant_grouped_10x10,6,0,sub-hc2_seg004,HC
participant_grouped_10x10,6,0,sub-hc2_seg005,PD
participant_grouped_10x10,6,0,sub-hc2_seg006,PD
participant_grouped_10x10,6,0,sub-hc2_seg007,PD
participant_grouped_10x10,6,0,sub-hc2_seg008,PD
participant_grouped_10x10,6,0,sub-hc2_seg009,PD
participant_grouped_10x10,6,0,sub-hc2_seg010,PD
participant_grouped_10x10,6,0,sub-hc2_seg011,PD
participant_grouped_10x10,6,0,sub-hc2_seg012,PD
participant_grouped_10x10,6,0,sub-hc2_seg013,PD
participant_grouped_10x10,6,0,sub-hc2_seg014,PD
participant_grouped_10x10,6,0,sub-hc2_seg015,PD
participant_grouped_10x10,6,0,sub-hc2_seg016,PD
participant_grouped_10x10,6,0,sub-hc2_seg017,PD
participant_grouped_10x10,6,0,sub-hc2_seg018,PD
participant_grouped_10x10,6,2,sub-hc4_seg000,PD
participant_grouped_10x10,6,2,sub-hc4_seg001,PD
participant_grouped_10x10,6,2,sub-hc4_seg002,PD
participant_grouped_10x10,6,2,sub-hc4_seg003,PD
participant_grouped_10x10,6,2,sub-hc4_seg004,PD
participant_grouped_10x10,6,2,sub-hc4_seg005,PD
participant_grouped_10x10,6,2,sub-hc4_seg006,PD
participant_grouped_10x10,6,2,sub-hc4_seg007,PD
participant_grouped_10x10,6,2,sub-hc4_seg008,PD
participant_grouped_10x10,6,2,sub-hc4_seg009,PD
participant_grouped_10x10,6,2,sub-hc4_seg010,PD
participant_grouped_10x10,6,2,sub-hc4_seg011,PD
participant_grouped_10x10,6,2,sub-hc4_seg012,PD
participant_grouped_10x10,6,2,sub-hc4_seg013,PD
participant_grouped_10x10,6,2,sub-hc4_seg014,PD
participant_grouped_10x10,6,2,sub-hc4_seg015,PD
participant_grouped_10x10,6,2,sub-hc4_seg016,PD
participant_grouped_10x10,6,2,sub-hc4_seg017,PD
participant_grouped_10x10,6,1,sub-hc7_seg000,HC
participant_grouped_10x10,6,1,sub-hc7_seg001,HC
participant_grouped_10x10,6,1,sub-hc7_seg002,HC
participant_grouped_10x10,6,1,sub-hc7_seg003,PD
participant_grouped_10x10,6,1,sub-hc7_seg004,HC
participant_grouped_10x10,6,1,sub-hc7_seg005,PD
participant_grouped_10x10,6,1,sub-hc7_seg006,PD
participant_grouped_10x10,6,1,sub-hc7_seg007,PD
participant_grouped_10x10,6,1,sub-hc7_seg008,PD
participant_grouped_10x10,6,1,sub-hc7_seg009,PD
participant_grouped_10x10,6,1,sub-hc7_seg010,PD
participant_grouped_10x10,6,1,sub-hc7_seg011,PD
participant_grouped_10x10,6,1,sub-hc7_seg012,PD
participant_grouped_10x10,6,1,sub-hc7_seg013,PD
participant_grouped_10x10,6,1,sub-hc7_seg014,PD
participant_grouped_10x10,6,1,sub-hc7_seg015,PD
participant_grouped_10x10,6,1,sub-hc7_seg016,PD
participant_grouped_10x10,6,1,sub-hc7_seg017,PD
participant_grouped_10x10,6,1,sub-hc7_seg018,PD
participant_grouped_10x10,6,6,sub-hc8_seg000,PD
participant_grouped_10x10,6,6,sub-hc8_seg001,PD
participant_grouped_10x10,6,6,sub-hc8_seg002,PD
participant_grouped_10x10,6,6,sub-hc8_seg003,PD
participant_grouped_10x10,6,6,sub-hc8_seg004,PD
participant_grouped_10x10,6,6,sub-hc8_seg005,PD
participant_grouped_10x10,6,6,sub-hc8_seg006,PD
participant_grouped_10x10,6,6,sub-hc8_seg007,PD
participant_grouped_10x10,6,6,sub-hc8_seg008,PD
participant_grouped_10x10,6,6,sub-hc8_seg009,PD
participant_grouped_10x10,6,6,sub-hc8_seg010,PD
participant_grouped_10x10,6,6,sub-hc8_seg011,PD
participant_grouped_10x10,6,6,sub-hc8_seg012,PD
participant_grouped_10x10,6,6,sub-hc8_seg013,PD
participant_grouped_10x10,6,6,sub-hc8_seg014,PD
participant_grouped_10x10,6,6,sub-hc8_seg015,PD
participant_grouped_10x10,6,6,sub-hc8_seg016,PD
participant_grouped_10x10,6,6,sub-hc8_seg017,PD
participant_grouped_10x10,6,6,sub-hc8_seg018,PD
participant_grouped_10x10,6,5,sub-hc10_seg000,PD
participant_grouped_10x10,6,5,sub-hc10_seg001,PD
participant_grouped_10x10,6,5,sub-hc10_seg002,PD
participant_grouped_10x10,6,5,sub-hc10_seg003,HC
participant_grouped_10x10,6,5,sub-hc10_seg004,PD
participant_grouped_10x10,6,5,sub-hc10_seg005,PD
participant_grouped_10x10,6,5,sub-hc10_seg006,PD
participant_grouped_10x10,6,5,sub-hc10_seg007,PD
participant_grouped_10x10,6,5,sub-hc10_seg008,HC
participant_grouped_10x10,6,5,sub-hc10_seg009,HC
participant_grouped_10x10,6,5,sub-hc10_seg010,PD
participant_grouped_10x10,6,5,sub-hc10_seg011,PD
participant_grouped_10x10,6,5,sub-hc10_seg012,HC
participant_grouped_10x10,6,5,sub-hc10_seg013,HC
participant_grouped_10x10,6,5,sub-hc10_seg014,HC
participant_grouped_10x10,6,5,sub-hc10_seg015,PD
participant_grouped_10x10,6,5,sub-hc10_seg016,PD
participant_grouped_10x10,6,5,sub-hc10_seg017,PD
participant_grouped_10x10,6,5,sub-hc10_seg018,PD
participant_grouped_10x10,6,5,sub-hc10_seg019,PD
participant_grouped_10x10,6,9,sub-hc18_seg000,HC
participant_grouped_10x10,6,9,sub-hc18_seg001,HC
participant_grouped_10x10,6,9,sub-hc18_seg002,HC
participant_grouped_10x10,6,9,sub-hc18_seg003,PD
participant_grouped_10x10,6,9,sub-hc18_seg004,PD
participant_grouped_10x10,6,9,sub-hc18_seg005,HC
participant_grouped_10x10,6,9,sub-hc18_seg006,HC
participant_grouped_10x10,6,9,sub-hc18_seg007,HC
participant_grouped_10x10,6,9,sub-hc18_seg008,HC
participant_grouped_10x10,6,9,sub-hc18_seg009,HC
participant_grouped_10x10,6,9,sub-hc18_seg010,HC
participant_grouped_10x10,6,9,sub-hc18_seg011,HC
participant_grouped_10x10,6,9,sub-hc18_seg012,HC
participant_grouped_10x10,6,9,sub-hc18_seg013,PD
participant_grouped_10x10,6,9,sub-hc18_seg014,PD
participant_grouped_10x10,6,9,sub-hc18_seg015,PD
participant_grouped_10x10,6,9,sub-hc18_seg016,PD
participant_grouped_10x10,6,9,sub-hc18_seg017,PD
participant_grouped_10x10,6,1,sub-hc20_seg000,HC
participant_grouped_10x10,6,1,sub-hc20_seg001,PD
participant_grouped_10x10,6,1,sub-hc20_seg002,PD
participant_grouped_10x10,6,1,sub-hc20_seg003,PD
participant_grouped_10x10,6,1,sub-hc20_seg004,PD
participant_grouped_10x10,6,1,sub-hc20_seg005,HC
participant_grouped_10x10,6,1,sub-hc20_seg006,PD
participant_grouped_10x10,6,1,sub-hc20_seg007,PD
participant_grouped_10x10,6,1,sub-hc20_seg008,PD
participant_grouped_10x10,6,1,sub-hc20_seg009,PD
participant_grouped_10x10,6,1,sub-hc20_seg010,PD
participant_grouped_10x10,6,1,sub-hc20_seg011,HC
participant_grouped_10x10,6,1,sub-hc20_seg012,HC
participant_grouped_10x10,6,1,sub-hc20_seg013,HC
participant_grouped_10x10,6,1,sub-hc20_seg014,HC
participant_grouped_10x10,6,1,sub-hc20_seg015,PD
participant_grouped_10x10,6,1,sub-hc20_seg016,PD
participant_grouped_10x10,6,1,sub-hc20_seg017,PD
participant_grouped_10x10,6,8,sub-hc21_seg000,HC
participant_grouped_10x10,6,8,sub-hc21_seg001,PD
participant_grouped_10x10,6,8,sub-hc21_seg002,HC
participant_grouped_10x10,6,8,sub-hc21_seg003,HC
participant_grouped_10x10,6,8,sub-hc21_seg004,HC
participant_grouped_10x10,6,8,sub-hc21_seg005,HC
participant_grouped_10x10,6,8,sub-hc21_seg006,HC
participant_grouped_10x10,6,8,sub-hc21_seg007,HC
participant_grouped_10x10,6,8,sub-hc21_seg008,HC
participant_grouped_10x10,6,8,sub-hc21_seg009,HC
participant_grouped_10x10,6,8,sub-hc21_seg010,PD
participant_grouped_10x10,6,8,sub-hc21_seg011,HC
participant_grouped_10x10,6,8,sub-hc21_seg012,PD
participant_grouped_10x10,6,8,sub-hc21_seg013,HC
participant_grouped_10x10,6,8,sub-hc21_seg014,PD
participant_grouped_10x10,6,8,sub-hc21_seg015,HC
participant_grouped_10x10,6,8,sub-hc21_seg016,HC
participant_grouped_10x10,6,8,sub-hc21_seg017,PD
participant_grouped_10x10,6,9,sub-hc24_seg000,PD
participant_grouped_10x10,6,9,sub-hc24_seg001,PD
participant_grouped_10x10,6,9,sub-hc24_seg002,PD
participant_grouped_10x10,6,9,sub-hc24_seg003,PD
participant_grouped_10x10,6,9,sub-hc24_seg004,PD
participant_grouped_10x10,6,9,sub-hc24_seg005,PD
participant_grouped_10x10,6,9,sub-hc24_seg006,PD
participant_grouped_10x10,6,9,sub-hc24_seg007,PD
participant_grouped_10x10,6,9,sub-hc24_seg008,PD
participant_grouped_10x10,6,9,sub-hc24_seg009,PD
participant_grouped_10x10,6,9,sub-hc24_seg010,PD
participant_grouped_10x10,6,9,sub-hc24_seg011,PD
participant_grouped_10x10,6,9,sub-hc24_seg012,PD
participant_grouped_10x10,6,9,sub-hc24_seg013,PD
participant_grouped_10x10,6,9,sub-hc24_seg014,PD
participant_grouped_10x10,6,9,sub-hc24_seg015,PD
participant_grouped_10x10,6,9,sub-hc24_seg016,PD
participant_grouped_10x10,6,9,sub-hc24_seg017,PD
participant_grouped_10x10,6,9,sub-hc24_seg018,PD
participant_grouped_10x10,6,4,sub-hc25_seg000,PD
participant_grouped_10x10,6,4,sub-hc25_seg001,PD
participant_grouped_10x10,6,4,sub-hc25_seg002,PD
participant_grouped_10x10,6,4,sub-hc25_seg003,PD
participant_grouped_10x10,6,4,sub-hc25_seg004,PD
participant_grouped_10x10,6,4,sub-hc25_seg005,PD
participant_grouped_10x10,6,4,sub-hc25_seg006,PD
participant_grouped_10x10,6,4,sub-hc25_seg007,PD
participant_grouped_10x10,6,4,sub-hc25_seg008,PD
participant_grouped_10x10,6,4,sub-hc25_seg009,PD
participant_grouped_10x10,6,4,sub-hc25_seg010,PD
participant_grouped_10x10,6,4,sub-hc25_seg011,PD
participant_grouped_10x10,6,4,sub-hc25_seg012,PD
participant_grouped_10x10,6,4,sub-hc25_seg013,PD
participant_grouped_10x10,6,4,sub-hc25_seg014,PD
participant_grouped_10x10,6,4,sub-hc25_seg015,PD
participant_grouped_10x10,6,4,sub-hc25_seg016,HC
participant_grouped_10x10,6,4,sub-hc25_seg017,PD
participant_grouped_10x10,6,4,sub-hc25_seg018,PD
participant_grouped_10x10,6,4,sub-hc25_seg019,PD
participant_grouped_10x10,6,8,sub-hc29_seg000,PD
participant_grouped_10x10,6,8,sub-hc29_seg001,PD
participant_grouped_10x10,6,8,sub-hc29_seg002,PD
participant_grouped_10x10,6,8,sub-hc29_seg003,PD
participant_grouped_10x10,6,8,sub-hc29_seg004,PD
participant_grouped_10x10,6,8,sub-hc29_seg005,PD
participant_grouped_10x10,6,8,sub-hc29_seg006,PD
participant_grouped_10x10,6,8,sub-hc29_seg007,PD
participant_grouped_10x10,6,8,sub-hc29_seg008,PD
participant_grouped_10x10,6,8,sub-hc29_seg009,PD
participant_grouped_10x10,6,8,sub-hc29_seg010,PD
participant_grouped_10x10,6,8,sub-hc29_seg011,PD
participant_grouped_10x10,6,8,sub-hc29_seg012,PD
participant_grouped_10x10,6,8,sub-hc29_seg013,PD
participant_grouped_10x10,6,8,sub-hc29_seg014,PD
participant_grouped_10x10,6,8,sub-hc29_seg015,PD
participant_grouped_10x10,6,8,sub-hc29_seg016,PD
participant_grouped_10x10,6,8,sub-hc29_seg017,PD
participant_grouped_10x10,6,8,sub-hc29_seg018,PD
participant_grouped_10x10,6,3,sub-hc30_seg000,HC
participant_grouped_10x10,6,3,sub-hc30_seg001,PD
participant_grouped_10x10,6,3,sub-hc30_seg002,PD
participant_grouped_10x10,6,3,sub-hc30_seg003,PD
participant_grouped_10x10,6,3,sub-hc30_seg004,PD
participant_grouped_10x10,6,3,sub-hc30_seg005,HC
participant_grouped_10x10,6,3,sub-hc30_seg006,PD
participant_grouped_10x10,6,3,sub-hc30_seg007,PD
participant_grouped_10x10,6,3,sub-hc30_seg008,HC
participant_grouped_10x10,6,3,sub-hc30_seg009,HC
participant_grouped_10x10,6,3,sub-hc30_seg010,HC
participant_grouped_10x10,6,3,sub-hc30_seg011,HC
participant_grouped_10x10,6,3,sub-hc30_seg012,HC
participant_grouped_10x10,6,3,sub-hc30_seg013,HC
participant_grouped_10x10,6,3,sub-hc30_seg014,HC
participant_grouped_10x10,6,3,sub-hc30_seg015,HC
participant_grouped_10x10,6,3,sub-hc30_seg016,HC
participant_grouped_10x10,6,3,sub-hc30_seg017,HC
participant_grouped_10x10,6,6,sub-hc31_seg000,PD
participant_grouped_10x10,6,6,sub-hc31_seg001,PD
participant_grouped_10x10,6,6,sub-hc31_seg002,PD
participant_grouped_10x10,6,6,sub-hc31_seg003,PD
participant_grouped_10x10,6,6,sub-hc31_seg004,PD
participant_grouped_10x10,6,6,sub-hc31_seg005,HC
participant_grouped_10x10,6,6,sub-hc31_seg006,PD
participant_grouped_10x10,6,6,sub-hc31_seg007,PD
participant_grouped_10x10,6,6,sub-hc31_seg008,PD
participant_grouped_10x10,6,6,sub-hc31_seg009,HC
participant_grouped_10x10,6,6,sub-hc31_seg010,HC
participant_grouped_10x10,6,6,sub-hc31_seg011,PD
participant_grouped_10x10,6,6,sub-hc31_seg012,PD
participant_grouped_10x10,6,6,sub-hc31_seg013,PD
participant_grouped_10x10,6,6,sub-hc31_seg014,PD
participant_grouped_10x10,6,6,sub-hc31_seg015,HC
participant_grouped_10x10,6,6,sub-hc31_seg016,HC
participant_grouped_10x10,6,6,sub-hc31_seg017,PD
participant_grouped_10x10,6,3,sub-hc32_seg000,PD
participant_grouped_10x10,6,3,sub-hc32_seg001,PD
participant_grouped_10x10,6,3,sub-hc32_seg002,PD
participant_grouped_10x10,6,3,sub-hc32_seg003,PD
participant_grouped_10x10,6,3,sub-hc32_seg004,PD
participant_grouped_10x10,6,3,sub-hc32_seg005,PD
participant_grouped_10x10,6,3,sub-hc32_seg006,PD
participant_grouped_10x10,6,3,sub-hc32_seg007,PD
participant_grouped_10x10,6,3,sub-hc32_seg008,PD
participant_grouped_10x10,6,3,sub-hc32_seg009,PD
participant_grouped_10x10,6,3,sub-hc32_seg010,PD
participant_grouped_10x10,6,3,sub-hc32_seg011,PD
participant_grouped_10x10,6,3,sub-hc32_seg012,PD
participant_grouped_10x10,6,3,sub-hc32_seg013,PD
participant_grouped_10x10,6,3,sub-hc32_seg014,PD
participant_grouped_10x10,6,3,sub-hc32_seg015,PD
participant_grouped_10x10,6,3,sub-hc32_seg016,PD
participant_grouped_10x10,6,3,sub-hc32_seg017,PD
participant_grouped_10x10,6,3,sub-hc32_seg018,PD
participant_grouped_10x10,6,2,sub-hc33_seg000,HC
participant_grouped_10x10,6,2,sub-hc33_seg001,HC
participant_grouped_10x10,6,2,sub-hc33_seg002,HC
participant_grouped_10x10,6,2,sub-hc33_seg003,HC
participant_grouped_10x10,6,2,sub-hc33_seg004,HC
participant_grouped_10x10,6,2,sub-hc33_seg005,HC
participant_grouped_10x10,6,2,sub-hc33_seg006,HC
participant_grouped_10x10,6,2,sub-hc33_seg007,HC
participant_grouped_10x10,6,2,sub-hc33_seg008,HC
participant_grouped_10x10,6,2,sub-hc33_seg009,HC
participant_grouped_10x10,6,2,sub-hc33_seg010,HC
participant_grouped_10x10,6,2,sub-hc33_seg011,HC
participant_grouped_10x10,6,2,sub-hc33_seg012,PD
participant_grouped_10x10,6,2,sub-hc33_seg013,PD
participant_grouped_10x10,6,2,sub-hc33_seg014,PD
participant_grouped_10x10,6,2,sub-hc33_seg015,HC
participant_grouped_10x10,6,2,sub-hc33_seg016,HC
participant_grouped_10x10,6,2,sub-hc33_seg017,HC
participant_grouped_10x10,6,2,sub-hc33_seg018,HC
participant_grouped_10x10,6,1,sub-pd3_seg000,HC
participant_grouped_10x10,6,1,sub-pd3_seg001,PD
participant_grouped_10x10,6,1,sub-pd3_seg002,PD
participant_grouped_10x10,6,1,sub-pd3_seg003,PD
participant_grouped_10x10,6,1,sub-pd3_seg004,PD
participant_grouped_10x10,6,1,sub-pd3_seg005,PD
participant_grouped_10x10,6,1,sub-pd3_seg006,PD
participant_grouped_10x10,6,1,sub-pd3_seg007,PD
participant_grouped_10x10,6,1,sub-pd3_seg008,HC
participant_grouped_10x10,6,1,sub-pd3_seg009,HC
participant_grouped_10x10,6,1,sub-pd3_seg010,HC
participant_grouped_10x10,6,1,sub-pd3_seg011,HC
participant_grouped_10x10,6,1,sub-pd3_seg012,HC
participant_grouped_10x10,6,1,sub-pd3_seg013,HC
participant_grouped_10x10,6,1,sub-pd3_seg014,HC
participant_grouped_10x10,6,1,sub-pd3_seg015,HC
participant_grouped_10x10,6,1,sub-pd3_seg016,HC
participant_grouped_10x10,6,1,sub-pd3_seg017,HC
participant_grouped_10x10,6,1,sub-pd3_seg018,HC
participant_grouped_10x10,6,1,sub-pd3_seg019,HC
participant_grouped_10x10,6,8,sub-pd5_seg000,PD
participant_grouped_10x10,6,8,sub-pd5_seg001,HC
participant_grouped_10x10,6,8,sub-pd5_seg002,HC
participant_grouped_10x10,6,8,sub-pd5_seg003,HC
participant_grouped_10x10,6,8,sub-pd5_seg004,HC
participant_grouped_10x10,6,8,sub-pd5_seg005,HC
participant_grouped_10x10,6,8,sub-pd5_seg006,PD
participant_grouped_10x10,6,8,sub-pd5_seg007,PD
participant_grouped_10x10,6,8,sub-pd5_seg008,HC
participant_grouped_10x10,6,8,sub-pd5_seg009,HC
participant_grouped_10x10,6,8,sub-pd5_seg010,HC
participant_grouped_10x10,6,8,sub-pd5_seg011,HC
participant_grouped_10x10,6,8,sub-pd5_seg012,HC
participant_grouped_10x10,6,8,sub-pd5_seg013,HC
participant_grouped_10x10,6,8,sub-pd5_seg014,PD
participant_grouped_10x10,6,8,sub-pd5_seg015,PD
participant_grouped_10x10,6,8,sub-pd5_seg016,PD
participant_grouped_10x10,6,8,sub-pd5_seg017,PD
participant_grouped_10x10,6,8,sub-pd5_seg018,PD
participant_grouped_10x10,6,7,sub-pd6_seg000,PD
participant_grouped_10x10,6,7,sub-pd6_seg001,HC
participant_grouped_10x10,6,7,sub-pd6_seg002,HC
participant_grouped_10x10,6,7,sub-pd6_seg003,HC
participant_grouped_10x10,6,7,sub-pd6_seg004,HC
participant_grouped_10x10,6,7,sub-pd6_seg005,PD
participant_grouped_10x10,6,7,sub-pd6_seg006,HC
participant_grouped_10x10,6,7,sub-pd6_seg007,HC
participant_grouped_10x10,6,7,sub-pd6_seg008,HC
participant_grouped_10x10,6,7,sub-pd6_seg009,HC
participant_grouped_10x10,6,7,sub-pd6_seg010,HC
participant_grouped_10x10,6,7,sub-pd6_seg011,HC
participant_grouped_10x10,6,7,sub-pd6_seg012,HC
participant_grouped_10x10,6,7,sub-pd6_seg013,PD
participant_grouped_10x10,6,7,sub-pd6_seg014,PD
participant_grouped_10x10,6,7,sub-pd6_seg015,HC
participant_grouped_10x10,6,7,sub-pd6_seg016,PD
participant_grouped_10x10,6,7,sub-pd6_seg017,HC
participant_grouped_10x10,6,7,sub-pd6_seg018,HC
participant_grouped_10x10,6,4,sub-pd9_seg000,PD
participant_grouped_10x10,6,4,sub-pd9_seg001,PD
participant_grouped_10x10,6,4,sub-pd9_seg002,HC
participant_grouped_10x10,6,4,sub-pd9_seg003,PD
participant_grouped_10x10,6,4,sub-pd9_seg004,PD
participant_grouped_10x10,6,4,sub-pd9_seg005,PD
participant_grouped_10x10,6,4,sub-pd9_seg006,PD
participant_grouped_10x10,6,4,sub-pd9_seg007,HC
participant_grouped_10x10,6,4,sub-pd9_seg008,PD
participant_grouped_10x10,6,4,sub-pd9_seg009,PD
participant_grouped_10x10,6,4,sub-pd9_seg010,PD
participant_grouped_10x10,6,4,sub-pd9_seg011,PD
participant_grouped_10x10,6,4,sub-pd9_seg012,PD
participant_grouped_10x10,6,4,sub-pd9_seg013,PD
participant_grouped_10x10,6,4,sub-pd9_seg014,HC
participant_grouped_10x10,6,4,sub-pd9_seg015,PD
participant_grouped_10x10,6,4,sub-pd9_seg016,PD
participant_grouped_10x10,6,4,sub-pd9_seg017,PD
participant_grouped_10x10,6,4,sub-pd9_seg018,PD
participant_grouped_10x10,6,2,sub-pd12_seg000,HC
participant_grouped_10x10,6,2,sub-pd12_seg001,HC
participant_grouped_10x10,6,2,sub-pd12_seg002,HC
participant_grouped_10x10,6,2,sub-pd12_seg003,HC
participant_grouped_10x10,6,2,sub-pd12_seg004,PD
participant_grouped_10x10,6,2,sub-pd12_seg005,HC
participant_grouped_10x10,6,2,sub-pd12_seg006,HC
participant_grouped_10x10,6,2,sub-pd12_seg007,HC
participant_grouped_10x10,6,2,sub-pd12_seg008,HC
participant_grouped_10x10,6,2,sub-pd12_seg009,HC
participant_grouped_10x10,6,2,sub-pd12_seg010,PD
participant_grouped_10x10,6,2,sub-pd12_seg011,PD
participant_grouped_10x10,6,2,sub-pd12_seg012,PD
participant_grouped_10x10,6,2,sub-pd12_seg013,PD
participant_grouped_10x10,6,2,sub-pd12_seg014,PD
participant_grouped_10x10,6,2,sub-pd12_seg015,PD
participant_grouped_10x10,6,2,sub-pd12_seg016,PD
participant_grouped_10x10,6,2,sub-pd12_seg017,PD
participant_grouped_10x10,6,2,sub-pd12_seg018,PD
participant_grouped_10x10,6,2,sub-pd12_seg019,PD
participant_grouped_10x10,6,8,sub-pd11_seg000,PD
participant_grouped_10x10,6,8,sub-pd11_seg001,PD
participant_grouped_10x10,6,8,sub-pd11_seg002,PD
participant_grouped_10x10,6,8,sub-pd11_seg003,PD
participant_grouped_10x10,6,8,sub-pd11_seg004,PD
participant_grouped_10x10,6,8,sub-pd11_seg005,PD
participant_grouped_10x10,6,8,sub-pd11_seg006,PD
participant_grouped_10x10,6,8,sub-pd11_seg007,PD
participant_grouped_10x10,6,8,sub-pd11_seg008,PD
participant_grouped_10x10,6,8,sub-pd11_seg009,PD
participant_grouped_10x10,6,8,sub-pd11_seg010,PD
participant_grouped_10x10,6,8,sub-pd11_seg011,PD
participant_grouped_10x10,6,8,sub-pd11_seg012,PD
participant_grouped_10x10,6,8,sub-pd11_seg013,PD
participant_grouped_10x10,6,8,sub-pd11_seg014,PD
participant_grouped_10x10,6,8,sub-pd11_seg015,PD
participant_grouped_10x10,6,8,sub-pd11_seg016,PD
participant_grouped_10x10,6,8,sub-pd11_seg017,PD
participant_grouped_10x10,6,7,sub-pd13_seg000,PD
participant_grouped_10x10,6,7,sub-pd13_seg001,PD
participant_grouped_10x10,6,7,sub-pd13_seg002,PD
participant_grouped_10x10,6,7,sub-pd13_seg003,PD
participant_grouped_10x10,6,7,sub-pd13_seg004,PD
participant_grouped_10x10,6,7,sub-pd13_seg005,PD
participant_grouped_10x10,6,7,sub-pd13_seg006,PD
participant_grouped_10x10,6,7,sub-pd13_seg007,PD
participant_grouped_10x10,6,7,sub-pd13_seg008,PD
participant_grouped_10x10,6,7,sub-pd13_seg009,PD
participant_grouped_10x10,6,7,sub-pd13_seg010,PD
participant_grouped_10x10,6,7,sub-pd13_seg011,PD
participant_grouped_10x10,6,7,sub-pd13_seg012,PD
participant_grouped_10x10,6,7,sub-pd13_seg013,PD
participant_grouped_10x10,6,7,sub-pd13_seg014,PD
participant_grouped_10x10,6,7,sub-pd13_seg015,PD
participant_grouped_10x10,6,7,sub-pd13_seg016,PD
participant_grouped_10x10,6,7,sub-pd13_seg017,PD
participant_grouped_10x10,6,0,sub-pd14_seg000,PD
participant_grouped_10x10,6,0,sub-pd14_seg001,PD
participant_grouped_10x10,6,0,sub-pd14_seg002,PD
participant_grouped_10x10,6,0,sub-pd14_seg003,PD
participant_grouped_10x10,6,0,sub-pd14_seg004,HC
participant_grouped_10x10,6,0,sub-pd14_seg005,PD
participant_grouped_10x10,6,0,sub-pd14_seg006,PD
participant_grouped_10x10,6,0,sub-pd14_seg007,PD
participant_grouped_10x10,6,0,sub-pd14_seg008,PD
participant_grouped_10x10,6,0,sub-pd14_seg009,HC
participant_grouped_10x10,6,0,sub-pd14_seg010,PD
participant_grouped_10x10,6,0,sub-pd14_seg011,PD
participant_grouped_10x10,6,0,sub-pd14_seg012,PD
participant_grouped_10x10,6,0,sub-pd14_seg013,PD
participant_grouped_10x10,6,0,sub-pd14_seg014,HC
participant_grouped_10x10,6,0,sub-pd14_seg015,HC
participant_grouped_10x10,6,0,sub-pd14_seg016,PD
participant_grouped_10x10,6,0,sub-pd14_seg017,PD
participant_grouped_10x10,6,0,sub-pd14_seg018,HC
participant_grouped_10x10,6,0,sub-pd14_seg019,HC
participant_grouped_10x10,6,0,sub-pd14_seg020,HC
participant_grouped_10x10,6,0,sub-pd14_seg021,PD
participant_grouped_10x10,6,0,sub-pd14_seg022,HC
participant_grouped_10x10,6,0,sub-pd14_seg023,HC
participant_grouped_10x10,6,0,sub-pd14_seg024,HC
participant_grouped_10x10,6,0,sub-pd14_seg025,PD
participant_grouped_10x10,6,0,sub-pd14_seg026,PD
participant_grouped_10x10,6,0,sub-pd14_seg027,PD
participant_grouped_10x10,6,0,sub-pd14_seg028,PD
participant_grouped_10x10,6,9,sub-pd16_seg000,PD
participant_grouped_10x10,6,9,sub-pd16_seg001,PD
participant_grouped_10x10,6,9,sub-pd16_seg002,PD
participant_grouped_10x10,6,9,sub-pd16_seg003,PD
participant_grouped_10x10,6,9,sub-pd16_seg004,PD
participant_grouped_10x10,6,9,sub-pd16_seg005,PD
participant_grouped_10x10,6,9,sub-pd16_seg006,PD
participant_grouped_10x10,6,9,sub-pd16_seg007,PD
participant_grouped_10x10,6,9,sub-pd16_seg008,PD
participant_grouped_10x10,6,9,sub-pd16_seg009,PD
participant_grouped_10x10,6,9,sub-pd16_seg010,PD
participant_grouped_10x10,6,9,sub-pd16_seg011,PD
participant_grouped_10x10,6,9,sub-pd16_seg012,PD
participant_grouped_10x10,6,9,sub-pd16_seg013,PD
participant_grouped_10x10,6,9,sub-pd16_seg014,PD
participant_grouped_10x10,6,9,sub-pd16_seg015,PD
participant_grouped_10x10,6,9,sub-pd16_seg016,PD
participant_grouped_10x10,6,9,sub-pd16_seg017,PD
participant_grouped_10x10,6,4,sub-pd17_seg000,HC
participant_grouped_10x10,6,4,sub-pd17_seg001,HC
participant_grouped_10x10,6,4,sub-pd17_seg002,HC
participant_grouped_10x10,6,4,sub-pd17_seg003,HC
participant_grouped_10x10,6,4,sub-pd17_seg004,HC
participant_grouped_10x10,6,4,sub-pd17_seg005,HC
participant_grouped_10x10,6,4,sub-pd17_seg006,HC
participant_grouped_10x10,6,4,sub-pd17_seg007,HC
participant_grouped_10x10,6,4,sub-pd17_seg008,HC
participant_grouped_10x10,6,4,sub-pd17_seg009,HC
participant_grouped_10x10,6,4,sub-pd17_seg010,HC
participant_grouped_10x10,6,4,sub-pd17_seg011,HC
participant_grouped_10x10,6,4,sub-pd17_seg012,HC
participant_grouped_10x10,6,4,sub-pd17_seg013,HC
participant_grouped_10x10,6,4,sub-pd17_seg014,HC
participant_grouped_10x10,6,4,sub-pd17_seg015,HC
participant_grouped_10x10,6,4,sub-pd17_seg016,PD
participant_grouped_10x10,6,4,sub-pd17_seg017,PD
participant_grouped_10x10,6,5,sub-pd19_seg000,HC
participant_grouped_10x10,6,5,sub-pd19_seg001,PD
participant_grouped_10x10,6,5,sub-pd19_seg002,PD
participant_grouped_10x10,6,5,sub-pd19_seg003,PD
participant_grouped_10x10,6,5,sub-pd19_seg004,PD
participant_grouped_10x10,6,5,sub-pd19_seg005,PD
participant_grouped_10x10,6,5,sub-pd19_seg006,PD
participant_grouped_10x10,6,5,sub-pd19_seg007,PD
participant_grouped_10x10,6,5,sub-pd19_seg008,PD
participant_grouped_10x10,6,5,sub-pd19_seg009,PD
participant_grouped_10x10,6,5,sub-pd19_seg010,PD
participant_grouped_10x10,6,5,sub-pd19_seg011,PD
participant_grouped_10x10,6,5,sub-pd19_seg012,PD
participant_grouped_10x10,6,5,sub-pd19_seg013,PD
participant_grouped_10x10,6,5,sub-pd19_seg014,PD
participant_grouped_10x10,6,5,sub-pd19_seg015,PD
participant_grouped_10x10,6,5,sub-pd19_seg016,PD
participant_grouped_10x10,6,5,sub-pd19_seg017,PD
participant_grouped_10x10,6,5,sub-pd22_seg000,PD
participant_grouped_10x10,6,5,sub-pd22_seg001,PD
participant_grouped_10x10,6,5,sub-pd22_seg002,PD
participant_grouped_10x10,6,5,sub-pd22_seg003,PD
participant_grouped_10x10,6,5,sub-pd22_seg004,PD
participant_grouped_10x10,6,5,sub-pd22_seg005,PD
participant_grouped_10x10,6,5,sub-pd22_seg006,PD
participant_grouped_10x10,6,5,sub-pd22_seg007,PD
participant_grouped_10x10,6,5,sub-pd22_seg008,PD
participant_grouped_10x10,6,5,sub-pd22_seg009,PD
participant_grouped_10x10,6,5,sub-pd22_seg010,PD
participant_grouped_10x10,6,5,sub-pd22_seg011,PD
participant_grouped_10x10,6,5,sub-pd22_seg012,HC
participant_grouped_10x10,6,5,sub-pd22_seg013,HC
participant_grouped_10x10,6,5,sub-pd22_seg014,PD
participant_grouped_10x10,6,5,sub-pd22_seg015,HC
participant_grouped_10x10,6,5,sub-pd22_seg016,HC
participant_grouped_10x10,6,5,sub-pd22_seg017,HC
participant_grouped_10x10,6,3,sub-pd23_seg000,PD
participant_grouped_10x10,6,3,sub-pd23_seg001,PD
participant_grouped_10x10,6,3,sub-pd23_seg002,PD
participant_grouped_10x10,6,3,sub-pd23_seg003,PD
participant_grouped_10x10,6,3,sub-pd23_seg004,PD
participant_grouped_10x10,6,3,sub-pd23_seg005,PD
participant_grouped_10x10,6,3,sub-pd23_seg006,PD
participant_grouped_10x10,6,3,sub-pd23_seg007,PD
participant_grouped_10x10,6,3,sub-pd23_seg008,PD
participant_grouped_10x10,6,3,sub-pd23_seg009,PD
participant_grouped_10x10,6,3,sub-pd23_seg010,PD
participant_grouped_10x10,6,3,sub-pd23_seg011,PD
participant_grouped_10x10,6,3,sub-pd23_seg012,PD
participant_grouped_10x10,6,3,sub-pd23_seg013,PD
participant_grouped_10x10,6,3,sub-pd23_seg014,PD
participant_grouped_10x10,6,3,sub-pd23_seg015,PD
participant_grouped_10x10,6,3,sub-pd23_seg016,PD
participant_grouped_10x10,6,3,sub-pd23_seg017,PD
participant_grouped_10x10,6,3,sub-pd23_seg018,PD
participant_grouped_10x10,6,3,sub-pd23_seg019,HC
participant_grouped_10x10,6,9,sub-pd26_seg000,PD
participant_grouped_10x10,6,9,sub-pd26_seg001,PD
participant_grouped_10x10,6,9,sub-pd26_seg002,PD
participant_grouped_10x10,6,9,sub-pd26_seg003,PD
participant_grouped_10x10,6,9,sub-pd26_seg004,PD
participant_grouped_10x10,6,9,sub-pd26_seg005,PD
participant_grouped_10x10,6,9,sub-pd26_seg006,PD
participant_grouped_10x10,6,9,sub-pd26_seg007,PD
participant_grouped_10x10,6,9,sub-pd26_seg008,PD
participant_grouped_10x10,6,9,sub-pd26_seg009,PD
participant_grouped_10x10,6,9,sub-pd26_seg010,PD
participant_grouped_10x10,6,9,sub-pd26_seg011,PD
participant_grouped_10x10,6,9,sub-pd26_seg012,PD
participant_grouped_10x10,6,9,sub-pd26_seg013,PD
participant_grouped_10x10,6,9,sub-pd26_seg014,PD
participant_grouped_10x10,6,9,sub-pd26_seg015,PD
participant_grouped_10x10,6,9,sub-pd26_seg016,PD
participant_grouped_10x10,6,9,sub-pd26_seg017,PD
participant_grouped_10x10,6,9,sub-pd26_seg018,PD
participant_grouped_10x10,6,6,sub-pd28_seg000,HC
participant_grouped_10x10,6,6,sub-pd28_seg001,HC
participant_grouped_10x10,6,6,sub-pd28_seg002,HC
participant_grouped_10x10,6,6,sub-pd28_seg003,HC
participant_grouped_10x10,6,6,sub-pd28_seg004,HC
participant_grouped_10x10,6,6,sub-pd28_seg005,PD
participant_grouped_10x10,6,6,sub-pd28_seg006,HC
participant_grouped_10x10,6,6,sub-pd28_seg007,HC
participant_grouped_10x10,6,6,sub-pd28_seg008,HC
participant_grouped_10x10,6,6,sub-pd28_seg009,HC
participant_grouped_10x10,6,6,sub-pd28_seg010,HC
participant_grouped_10x10,6,6,sub-pd28_seg011,PD
participant_grouped_10x10,6,6,sub-pd28_seg012,HC
participant_grouped_10x10,6,6,sub-pd28_seg013,PD
participant_grouped_10x10,6,6,sub-pd28_seg014,HC
participant_grouped_10x10,6,6,sub-pd28_seg015,HC
participant_grouped_10x10,6,6,sub-pd28_seg016,HC
participant_grouped_10x10,6,6,sub-pd28_seg017,HC
participant_grouped_10x10,6,6,sub-pd28_seg018,PD
participant_grouped_10x10,6,6,sub-pd28_seg019,PD
participant_grouped_10x10,7,9,sub-hc1_seg000,PD
participant_grouped_10x10,7,9,sub-hc1_seg001,PD
participant_grouped_10x10,7,9,sub-hc1_seg002,PD
participant_grouped_10x10,7,9,sub-hc1_seg003,HC
participant_grouped_10x10,7,9,sub-hc1_seg004,HC
participant_grouped_10x10,7,9,sub-hc1_seg005,HC
participant_grouped_10x10,7,9,sub-hc1_seg006,HC
participant_grouped_10x10,7,9,sub-hc1_seg007,HC
participant_grouped_10x10,7,9,sub-hc1_seg008,PD
participant_grouped_10x10,7,9,sub-hc1_seg009,HC
participant_grouped_10x10,7,9,sub-hc1_seg010,HC
participant_grouped_10x10,7,9,sub-hc1_seg011,PD
participant_grouped_10x10,7,9,sub-hc1_seg012,PD
participant_grouped_10x10,7,9,sub-hc1_seg013,PD
participant_grouped_10x10,7,9,sub-hc1_seg014,HC
participant_grouped_10x10,7,9,sub-hc1_seg015,HC
participant_grouped_10x10,7,9,sub-hc1_seg016,HC
participant_grouped_10x10,7,9,sub-hc1_seg017,PD
participant_grouped_10x10,7,9,sub-hc1_seg018,HC
participant_grouped_10x10,7,5,sub-hc2_seg000,PD
participant_grouped_10x10,7,5,sub-hc2_seg001,PD
participant_grouped_10x10,7,5,sub-hc2_seg002,HC
participant_grouped_10x10,7,5,sub-hc2_seg003,PD
participant_grouped_10x10,7,5,sub-hc2_seg004,HC
participant_grouped_10x10,7,5,sub-hc2_seg005,PD
participant_grouped_10x10,7,5,sub-hc2_seg006,PD
participant_grouped_10x10,7,5,sub-hc2_seg007,PD
participant_grouped_10x10,7,5,sub-hc2_seg008,PD
participant_grouped_10x10,7,5,sub-hc2_seg009,PD
participant_grouped_10x10,7,5,sub-hc2_seg010,PD
participant_grouped_10x10,7,5,sub-hc2_seg011,PD
participant_grouped_10x10,7,5,sub-hc2_seg012,PD
participant_grouped_10x10,7,5,sub-hc2_seg013,PD
participant_grouped_10x10,7,5,sub-hc2_seg014,PD
participant_grouped_10x10,7,5,sub-hc2_seg015,PD
participant_grouped_10x10,7,5,sub-hc2_seg016,PD
participant_grouped_10x10,7,5,sub-hc2_seg017,PD
participant_grouped_10x10,7,5,sub-hc2_seg018,PD
participant_grouped_10x10,7,1,sub-hc4_seg000,PD
participant_grouped_10x10,7,1,sub-hc4_seg001,PD
participant_grouped_10x10,7,1,sub-hc4_seg002,PD
participant_grouped_10x10,7,1,sub-hc4_seg003,PD
participant_grouped_10x10,7,1,sub-hc4_seg004,PD
participant_grouped_10x10,7,1,sub-hc4_seg005,PD
participant_grouped_10x10,7,1,sub-hc4_seg006,PD
participant_grouped_10x10,7,1,sub-hc4_seg007,PD
participant_grouped_10x10,7,1,sub-hc4_seg008,PD
participant_grouped_10x10,7,1,sub-hc4_seg009,PD
participant_grouped_10x10,7,1,sub-hc4_seg010,PD
participant_grouped_10x10,7,1,sub-hc4_seg011,PD
participant_grouped_10x10,7,1,sub-hc4_seg012,PD
participant_grouped_10x10,7,1,sub-hc4_seg013,PD
participant_grouped_10x10,7,1,sub-hc4_seg014,PD
participant_grouped_10x10,7,1,sub-hc4_seg015,PD
participant_grouped_10x10,7,1,sub-hc4_seg016,PD
participant_grouped_10x10,7,1,sub-hc4_seg017,PD
participant_grouped_10x10,7,3,sub-hc7_seg000,HC
participant_grouped_10x10,7,3,sub-hc7_seg001,HC
participant_grouped_10x10,7,3,sub-hc7_seg002,HC
participant_grouped_10x10,7,3,sub-hc7_seg003,PD
participant_grouped_10x10,7,3,sub-hc7_seg004,HC
participant_grouped_10x10,7,3,sub-hc7_seg005,PD
participant_grouped_10x10,7,3,sub-hc7_seg006,PD
participant_grouped_10x10,7,3,sub-hc7_seg007,PD
participant_grouped_10x10,7,3,sub-hc7_seg008,PD
participant_grouped_10x10,7,3,sub-hc7_seg009,PD
participant_grouped_10x10,7,3,sub-hc7_seg010,PD
participant_grouped_10x10,7,3,sub-hc7_seg011,PD
participant_grouped_10x10,7,3,sub-hc7_seg012,PD
participant_grouped_10x10,7,3,sub-hc7_seg013,PD
participant_grouped_10x10,7,3,sub-hc7_seg014,PD
participant_grouped_10x10,7,3,sub-hc7_seg015,PD
participant_grouped_10x10,7,3,sub-hc7_seg016,PD
participant_grouped_10x10,7,3,sub-hc7_seg017,PD
participant_grouped_10x10,7,3,sub-hc7_seg018,PD
participant_grouped_10x10,7,0,sub-hc8_seg000,PD
participant_grouped_10x10,7,0,sub-hc8_seg001,PD
participant_grouped_10x10,7,0,sub-hc8_seg002,PD
participant_grouped_10x10,7,0,sub-hc8_seg003,PD
participant_grouped_10x10,7,0,sub-hc8_seg004,PD
participant_grouped_10x10,7,0,sub-hc8_seg005,PD
participant_grouped_10x10,7,0,sub-hc8_seg006,PD
participant_grouped_10x10,7,0,sub-hc8_seg007,PD
participant_grouped_10x10,7,0,sub-hc8_seg008,PD
participant_grouped_10x10,7,0,sub-hc8_seg009,PD
participant_grouped_10x10,7,0,sub-hc8_seg010,PD
participant_grouped_10x10,7,0,sub-hc8_seg011,PD
participant_grouped_10x10,7,0,sub-hc8_seg012,PD
participant_grouped_10x10,7,0,sub-hc8_seg013,PD
participant_grouped_10x10,7,0,sub-hc8_seg014,PD
participant_grouped_10x10,7,0,sub-hc8_seg015,PD
participant_grouped_10x10,7,0,sub-hc8_seg016,PD
participant_grouped_10x10,7,0,sub-hc8_seg017,PD
participant_grouped_10x10,7,0,sub-hc8_seg018,PD
participant_grouped_10x10,7,4,sub-hc10_seg000,PD
participant_grouped_10x10,7,4,sub-hc10_seg001,PD
participant_grouped_10x10,7,4,sub-hc10_seg002,PD
participant_grouped_10x10,7,4,sub-hc10_seg003,HC
participant_grouped_10x10,7,4,sub-hc10_seg004,PD
participant_grouped_10x10,7,4,sub-hc10_seg005,PD
participant_grouped_10x10,7,4,sub-hc10_seg006,PD
participant_grouped_10x10,7,4,sub-hc10_seg007,PD
participant_grouped_10x10,7,4,sub-hc10_seg008,HC
participant_grouped_10x10,7,4,sub-hc10_seg009,HC
participant_grouped_10x10,7,4,sub-hc10_seg010,PD
participant_grouped_10x10,7,4,sub-hc10_seg011,PD
participant_grouped_10x10,7,4,sub-hc10_seg012,HC
participant_grouped_10x10,7,4,sub-hc10_seg013,HC
participant_grouped_10x10,7,4,sub-hc10_seg014,HC
participant_grouped_10x10,7,4,sub-hc10_seg015,PD
participant_grouped_10x10,7,4,sub-hc10_seg016,PD
participant_grouped_10x10,7,4,sub-hc10_seg017,PD
participant_grouped_10x10,7,4,sub-hc10_seg018,PD
participant_grouped_10x10,7,4,sub-hc10_seg019,PD
participant_grouped_10x10,7,7,sub-hc18_seg000,HC
participant_grouped_10x10,7,7,sub-hc18_seg001,HC
participant_grouped_10x10,7,7,sub-hc18_seg002,HC
participant_grouped_10x10,7,7,sub-hc18_seg003,PD
participant_grouped_10x10,7,7,sub-hc18_seg004,PD
participant_grouped_10x10,7,7,sub-hc18_seg005,HC
participant_grouped_10x10,7,7,sub-hc18_seg006,HC
participant_grouped_10x10,7,7,sub-hc18_seg007,HC
participant_grouped_10x10,7,7,sub-hc18_seg008,HC
participant_grouped_10x10,7,7,sub-hc18_seg009,HC
participant_grouped_10x10,7,7,sub-hc18_seg010,HC
participant_grouped_10x10,7,7,sub-hc18_seg011,HC
participant_grouped_10x10,7,7,sub-hc18_seg012,HC
participant_grouped_10x10,7,7,sub-hc18_seg013,PD
participant_grouped_10x10,7,7,sub-hc18_seg014,PD
participant_grouped_10x10,7,7,sub-hc18_seg015,PD
participant_grouped_10x10,7,7,sub-hc18_seg016,PD
participant_grouped_10x10,7,7,sub-hc18_seg017,PD
participant_grouped_10x10,7,3,sub-hc20_seg000,HC
participant_grouped_10x10,7,3,sub-hc20_seg001,PD
participant_grouped_10x10,7,3,sub-hc20_seg002,PD
participant_grouped_10x10,7,3,sub-hc20_seg003,PD
participant_grouped_10x10,7,3,sub-hc20_seg004,PD
participant_grouped_10x10,7,3,sub-hc20_seg005,PD
participant_grouped_10x10,7,3,sub-hc20_seg006,PD
participant_grouped_10x10,7,3,sub-hc20_seg007,PD
participant_grouped_10x10,7,3,sub-hc20_seg008,PD
participant_grouped_10x10,7,3,sub-hc20_seg009,PD
participant_grouped_10x10,7,3,sub-hc20_seg010,PD
participant_grouped_10x10,7,3,sub-hc20_seg011,HC
participant_grouped_10x10,7,3,sub-hc20_seg012,HC
participant_grouped_10x10,7,3,sub-hc20_seg013,HC
participant_grouped_10x10,7,3,sub-hc20_seg014,HC
participant_grouped_10x10,7,3,sub-hc20_seg015,PD
participant_grouped_10x10,7,3,sub-hc20_seg016,PD
participant_grouped_10x10,7,3,sub-hc20_seg017,PD
participant_grouped_10x10,7,9,sub-hc21_seg000,HC
participant_grouped_10x10,7,9,sub-hc21_seg001,PD
participant_grouped_10x10,7,9,sub-hc21_seg002,HC
participant_grouped_10x10,7,9,sub-hc21_seg003,HC
participant_grouped_10x10,7,9,sub-hc21_seg004,PD
participant_grouped_10x10,7,9,sub-hc21_seg005,PD
participant_grouped_10x10,7,9,sub-hc21_seg006,HC
participant_grouped_10x10,7,9,sub-hc21_seg007,HC
participant_grouped_10x10,7,9,sub-hc21_seg008,HC
participant_grouped_10x10,7,9,sub-hc21_seg009,HC
participant_grouped_10x10,7,9,sub-hc21_seg010,PD
participant_grouped_10x10,7,9,sub-hc21_seg011,PD
participant_grouped_10x10,7,9,sub-hc21_seg012,PD
participant_grouped_10x10,7,9,sub-hc21_seg013,HC
participant_grouped_10x10,7,9,sub-hc21_seg014,PD
participant_grouped_10x10,7,9,sub-hc21_seg015,PD
participant_grouped_10x10,7,9,sub-hc21_seg016,PD
participant_grouped_10x10,7,9,sub-hc21_seg017,PD
participant_grouped_10x10,7,1,sub-hc24_seg000,HC
participant_grouped_10x10,7,1,sub-hc24_seg001,HC
participant_grouped_10x10,7,1,sub-hc24_seg002,HC
participant_grouped_10x10,7,1,sub-hc24_seg003,HC
participant_grouped_10x10,7,1,sub-hc24_seg004,HC
participant_grouped_10x10,7,1,sub-hc24_seg005,HC
participant_grouped_10x10,7,1,sub-hc24_seg006,HC
participant_grouped_10x10,7,1,sub-hc24_seg007,PD
participant_grouped_10x10,7,1,sub-hc24_seg008,HC
participant_grouped_10x10,7,1,sub-hc24_seg009,HC
participant_grouped_10x10,7,1,sub-hc24_seg010,HC
participant_grouped_10x10,7,1,sub-hc24_seg011,HC
participant_grouped_10x10,7,1,sub-hc24_seg012,PD
participant_grouped_10x10,7,1,sub-hc24_seg013,HC
participant_grouped_10x10,7,1,sub-hc24_seg014,HC
participant_grouped_10x10,7,1,sub-hc24_seg015,HC
participant_grouped_10x10,7,1,sub-hc24_seg016,HC
participant_grouped_10x10,7,1,sub-hc24_seg017,PD
participant_grouped_10x10,7,1,sub-hc24_seg018,PD
participant_grouped_10x10,7,6,sub-hc25_seg000,PD
participant_grouped_10x10,7,6,sub-hc25_seg001,PD
participant_grouped_10x10,7,6,sub-hc25_seg002,PD
participant_grouped_10x10,7,6,sub-hc25_seg003,PD
participant_grouped_10x10,7,6,sub-hc25_seg004,PD
participant_grouped_10x10,7,6,sub-hc25_seg005,PD
participant_grouped_10x10,7,6,sub-hc25_seg006,PD
participant_grouped_10x10,7,6,sub-hc25_seg007,PD
participant_grouped_10x10,7,6,sub-hc25_seg008,PD
participant_grouped_10x10,7,6,sub-hc25_seg009,PD
participant_grouped_10x10,7,6,sub-hc25_seg010,PD
participant_grouped_10x10,7,6,sub-hc25_seg011,PD
participant_grouped_10x10,7,6,sub-hc25_seg012,PD
participant_grouped_10x10,7,6,sub-hc25_seg013,PD
participant_grouped_10x10,7,6,sub-hc25_seg014,PD
participant_grouped_10x10,7,6,sub-hc25_seg015,PD
participant_grouped_10x10,7,6,sub-hc25_seg016,HC
participant_grouped_10x10,7,6,sub-hc25_seg017,PD
participant_grouped_10x10,7,6,sub-hc25_seg018,PD
participant_grouped_10x10,7,6,sub-hc25_seg019,PD
participant_grouped_10x10,7,2,sub-hc29_seg000,PD
participant_grouped_10x10,7,2,sub-hc29_seg001,PD
participant_grouped_10x10,7,2,sub-hc29_seg002,PD
participant_grouped_10x10,7,2,sub-hc29_seg003,PD
participant_grouped_10x10,7,2,sub-hc29_seg004,PD
participant_grouped_10x10,7,2,sub-hc29_seg005,PD
participant_grouped_10x10,7,2,sub-hc29_seg006,PD
participant_grouped_10x10,7,2,sub-hc29_seg007,PD
participant_grouped_10x10,7,2,sub-hc29_seg008,PD
participant_grouped_10x10,7,2,sub-hc29_seg009,PD
participant_grouped_10x10,7,2,sub-hc29_seg010,PD
participant_grouped_10x10,7,2,sub-hc29_seg011,PD
participant_grouped_10x10,7,2,sub-hc29_seg012,PD
participant_grouped_10x10,7,2,sub-hc29_seg013,PD
participant_grouped_10x10,7,2,sub-hc29_seg014,PD
participant_grouped_10x10,7,2,sub-hc29_seg015,PD
participant_grouped_10x10,7,2,sub-hc29_seg016,PD
participant_grouped_10x10,7,2,sub-hc29_seg017,PD
participant_grouped_10x10,7,2,sub-hc29_seg018,PD
participant_grouped_10x10,7,8,sub-hc30_seg000,HC
participant_grouped_10x10,7,8,sub-hc30_seg001,PD
participant_grouped_10x10,7,8,sub-hc30_seg002,PD
participant_grouped_10x10,7,8,sub-hc30_seg003,PD
participant_grouped_10x10,7,8,sub-hc30_seg004,PD
participant_grouped_10x10,7,8,sub-hc30_seg005,HC
participant_grouped_10x10,7,8,sub-hc30_seg006,PD
participant_grouped_10x10,7,8,sub-hc30_seg007,PD
participant_grouped_10x10,7,8,sub-hc30_seg008,HC
participant_grouped_10x10,7,8,sub-hc30_seg009,HC
participant_grouped_10x10,7,8,sub-hc30_seg010,HC
participant_grouped_10x10,7,8,sub-hc30_seg011,HC
participant_grouped_10x10,7,8,sub-hc30_seg012,HC
participant_grouped_10x10,7,8,sub-hc30_seg013,HC
participant_grouped_10x10,7,8,sub-hc30_seg014,HC
participant_grouped_10x10,7,8,sub-hc30_seg015,HC
participant_grouped_10x10,7,8,sub-hc30_seg016,HC
participant_grouped_10x10,7,8,sub-hc30_seg017,HC
participant_grouped_10x10,7,2,sub-hc31_seg000,PD
participant_grouped_10x10,7,2,sub-hc31_seg001,PD
participant_grouped_10x10,7,2,sub-hc31_seg002,PD
participant_grouped_10x10,7,2,sub-hc31_seg003,PD
participant_grouped_10x10,7,2,sub-hc31_seg004,PD
participant_grouped_10x10,7,2,sub-hc31_seg005,PD
participant_grouped_10x10,7,2,sub-hc31_seg006,PD
participant_grouped_10x10,7,2,sub-hc31_seg007,PD
participant_grouped_10x10,7,2,sub-hc31_seg008,PD
participant_grouped_10x10,7,2,sub-hc31_seg009,HC
participant_grouped_10x10,7,2,sub-hc31_seg010,HC
participant_grouped_10x10,7,2,sub-hc31_seg011,PD
participant_grouped_10x10,7,2,sub-hc31_seg012,PD
participant_grouped_10x10,7,2,sub-hc31_seg013,PD
participant_grouped_10x10,7,2,sub-hc31_seg014,PD
participant_grouped_10x10,7,2,sub-hc31_seg015,HC
participant_grouped_10x10,7,2,sub-hc31_seg016,PD
participant_grouped_10x10,7,2,sub-hc31_seg017,PD
participant_grouped_10x10,7,7,sub-hc32_seg000,PD
participant_grouped_10x10,7,7,sub-hc32_seg001,PD
participant_grouped_10x10,7,7,sub-hc32_seg002,PD
participant_grouped_10x10,7,7,sub-hc32_seg003,PD
participant_grouped_10x10,7,7,sub-hc32_seg004,PD
participant_grouped_10x10,7,7,sub-hc32_seg005,PD
participant_grouped_10x10,7,7,sub-hc32_seg006,PD
participant_grouped_10x10,7,7,sub-hc32_seg007,PD
participant_grouped_10x10,7,7,sub-hc32_seg008,PD
participant_grouped_10x10,7,7,sub-hc32_seg009,PD
participant_grouped_10x10,7,7,sub-hc32_seg010,PD
participant_grouped_10x10,7,7,sub-hc32_seg011,PD
participant_grouped_10x10,7,7,sub-hc32_seg012,PD
participant_grouped_10x10,7,7,sub-hc32_seg013,PD
participant_grouped_10x10,7,7,sub-hc32_seg014,PD
participant_grouped_10x10,7,7,sub-hc32_seg015,PD
participant_grouped_10x10,7,7,sub-hc32_seg016,PD
participant_grouped_10x10,7,7,sub-hc32_seg017,PD
participant_grouped_10x10,7,7,sub-hc32_seg018,PD
participant_grouped_10x10,7,8,sub-hc33_seg000,HC
participant_grouped_10x10,7,8,sub-hc33_seg001,HC
participant_grouped_10x10,7,8,sub-hc33_seg002,HC
participant_grouped_10x10,7,8,sub-hc33_seg003,HC
participant_grouped_10x10,7,8,sub-hc33_seg004,HC
participant_grouped_10x10,7,8,sub-hc33_seg005,HC
participant_grouped_10x10,7,8,sub-hc33_seg006,HC
participant_grouped_10x10,7,8,sub-hc33_seg007,HC
participant_grouped_10x10,7,8,sub-hc33_seg008,HC
participant_grouped_10x10,7,8,sub-hc33_seg009,HC
participant_grouped_10x10,7,8,sub-hc33_seg010,HC
participant_grouped_10x10,7,8,sub-hc33_seg011,HC
participant_grouped_10x10,7,8,sub-hc33_seg012,PD
participant_grouped_10x10,7,8,sub-hc33_seg013,PD
participant_grouped_10x10,7,8,sub-hc33_seg014,PD
participant_grouped_10x10,7,8,sub-hc33_seg015,HC
participant_grouped_10x10,7,8,sub-hc33_seg016,HC
participant_grouped_10x10,7,8,sub-hc33_seg017,HC
participant_grouped_10x10,7,8,sub-hc33_seg018,HC
participant_grouped_10x10,7,5,sub-pd3_seg000,HC
participant_grouped_10x10,7,5,sub-pd3_seg001,PD
participant_grouped_10x10,7,5,sub-pd3_seg002,PD
participant_grouped_10x10,7,5,sub-pd3_seg003,HC
participant_grouped_10x10,7,5,sub-pd3_seg004,PD
participant_grouped_10x10,7,5,sub-pd3_seg005,PD
participant_grouped_10x10,7,5,sub-pd3_seg006,PD
participant_grouped_10x10,7,5,sub-pd3_seg007,PD
participant_grouped_10x10,7,5,sub-pd3_seg008,HC
participant_grouped_10x10,7,5,sub-pd3_seg009,HC
participant_grouped_10x10,7,5,sub-pd3_seg010,HC
participant_grouped_10x10,7,5,sub-pd3_seg011,HC
participant_grouped_10x10,7,5,sub-pd3_seg012,HC
participant_grouped_10x10,7,5,sub-pd3_seg013,HC
participant_grouped_10x10,7,5,sub-pd3_seg014,HC
participant_grouped_10x10,7,5,sub-pd3_seg015,HC
participant_grouped_10x10,7,5,sub-pd3_seg016,HC
participant_grouped_10x10,7,5,sub-pd3_seg017,HC
participant_grouped_10x10,7,5,sub-pd3_seg018,HC
participant_grouped_10x10,7,5,sub-pd3_seg019,HC
participant_grouped_10x10,7,8,sub-pd5_seg000,PD
participant_grouped_10x10,7,8,sub-pd5_seg001,HC
participant_grouped_10x10,7,8,sub-pd5_seg002,HC
participant_grouped_10x10,7,8,sub-pd5_seg003,HC
participant_grouped_10x10,7,8,sub-pd5_seg004,HC
participant_grouped_10x10,7,8,sub-pd5_seg005,HC
participant_grouped_10x10,7,8,sub-pd5_seg006,PD
participant_grouped_10x10,7,8,sub-pd5_seg007,PD
participant_grouped_10x10,7,8,sub-pd5_seg008,HC
participant_grouped_10x10,7,8,sub-pd5_seg009,HC
participant_grouped_10x10,7,8,sub-pd5_seg010,HC
participant_grouped_10x10,7,8,sub-pd5_seg011,HC
participant_grouped_10x10,7,8,sub-pd5_seg012,HC
participant_grouped_10x10,7,8,sub-pd5_seg013,HC
participant_grouped_10x10,7,8,sub-pd5_seg014,PD
participant_grouped_10x10,7,8,sub-pd5_seg015,PD
participant_grouped_10x10,7,8,sub-pd5_seg016,PD
participant_grouped_10x10,7,8,sub-pd5_seg017,PD
participant_grouped_10x10,7,8,sub-pd5_seg018,PD
participant_grouped_10x10,7,7,sub-pd6_seg000,PD
participant_grouped_10x10,7,7,sub-pd6_seg001,HC
participant_grouped_10x10,7,7,sub-pd6_seg002,HC
participant_grouped_10x10,7,7,sub-pd6_seg003,HC
participant_grouped_10x10,7,7,sub-pd6_seg004,HC
participant_grouped_10x10,7,7,sub-pd6_seg005,PD
participant_grouped_10x10,7,7,sub-pd6_seg006,HC
participant_grouped_10x10,7,7,sub-pd6_seg007,HC
participant_grouped_10x10,7,7,sub-pd6_seg008,HC
participant_grouped_10x10,7,7,sub-pd6_seg009,HC
participant_grouped_10x10,7,7,sub-pd6_seg010,HC
participant_grouped_10x10,7,7,sub-pd6_seg011,HC
participant_grouped_10x10,7,7,sub-pd6_seg012,HC
participant_grouped_10x10,7,7,sub-pd6_seg013,PD
participant_grouped_10x10,7,7,sub-pd6_seg014,PD
participant_grouped_10x10,7,7,sub-pd6_seg015,HC
participant_grouped_10x10,7,7,sub-pd6_seg016,PD
participant_grouped_10x10,7,7,sub-pd6_seg017,HC
participant_grouped_10x10,7,7,sub-pd6_seg018,HC
participant_grouped_10x10,7,9,sub-pd9_seg000,PD
participant_grouped_10x10,7,9,sub-pd9_seg001,PD
participant_grouped_10x10,7,9,sub-pd9_seg002,HC
participant_grouped_10x10,7,9,sub-pd9_seg003,PD
participant_grouped_10x10,7,9,sub-pd9_seg004,PD
participant_grouped_10x10,7,9,sub-pd9_seg005,PD
participant_grouped_10x10,7,9,sub-pd9_seg006,PD
participant_grouped_10x10,7,9,sub-pd9_seg007,HC
participant_grouped_10x10,7,9,sub-pd9_seg008,PD
participant_grouped_10x10,7,9,sub-pd9_seg009,PD
participant_grouped_10x10,7,9,sub-pd9_seg010,PD
participant_grouped_10x10,7,9,sub-pd9_seg011,PD
participant_grouped_10x10,7,9,sub-pd9_seg012,PD
participant_grouped_10x10,7,9,sub-pd9_seg013,PD
participant_grouped_10x10,7,9,sub-pd9_seg014,HC
participant_grouped_10x10,7,9,sub-pd9_seg015,PD
participant_grouped_10x10,7,9,sub-pd9_seg016,PD
participant_grouped_10x10,7,9,sub-pd9_seg017,PD
participant_grouped_10x10,7,9,sub-pd9_seg018,PD
participant_grouped_10x10,7,2,sub-pd12_seg000,HC
participant_grouped_10x10,7,2,sub-pd12_seg001,HC
participant_grouped_10x10,7,2,sub-pd12_seg002,HC
participant_grouped_10x10,7,2,sub-pd12_seg003,HC
participant_grouped_10x10,7,2,sub-pd12_seg004,PD
participant_grouped_10x10,7,2,sub-pd12_seg005,HC
participant_grouped_10x10,7,2,sub-pd12_seg006,PD
participant_grouped_10x10,7,2,sub-pd12_seg007,HC
participant_grouped_10x10,7,2,sub-pd12_seg008,HC
participant_grouped_10x10,7,2,sub-pd12_seg009,HC
participant_grouped_10x10,7,2,sub-pd12_seg010,PD
participant_grouped_10x10,7,2,sub-pd12_seg011,HC
participant_grouped_10x10,7,2,sub-pd12_seg012,PD
participant_grouped_10x10,7,2,sub-pd12_seg013,PD
participant_grouped_10x10,7,2,sub-pd12_seg014,PD
participant_grouped_10x10,7,2,sub-pd12_seg015,PD
participant_grouped_10x10,7,2,sub-pd12_seg016,PD
participant_grouped_10x10,7,2,sub-pd12_seg017,PD
participant_grouped_10x10,7,2,sub-pd12_seg018,PD
participant_grouped_10x10,7,2,sub-pd12_seg019,PD
participant_grouped_10x10,7,6,sub-pd11_seg000,PD
participant_grouped_10x10,7,6,sub-pd11_seg001,PD
participant_grouped_10x10,7,6,sub-pd11_seg002,PD
participant_grouped_10x10,7,6,sub-pd11_seg003,PD
participant_grouped_10x10,7,6,sub-pd11_seg004,PD
participant_grouped_10x10,7,6,sub-pd11_seg005,PD
participant_grouped_10x10,7,6,sub-pd11_seg006,PD
participant_grouped_10x10,7,6,sub-pd11_seg007,PD
participant_grouped_10x10,7,6,sub-pd11_seg008,PD
participant_grouped_10x10,7,6,sub-pd11_seg009,PD
participant_grouped_10x10,7,6,sub-pd11_seg010,PD
participant_grouped_10x10,7,6,sub-pd11_seg011,PD
participant_grouped_10x10,7,6,sub-pd11_seg012,PD
participant_grouped_10x10,7,6,sub-pd11_seg013,PD
participant_grouped_10x10,7,6,sub-pd11_seg014,PD
participant_grouped_10x10,7,6,sub-pd11_seg015,PD
participant_grouped_10x10,7,6,sub-pd11_seg016,PD
participant_grouped_10x10,7,6,sub-pd11_seg017,PD
participant_grouped_10x10,7,6,sub-pd13_seg000,PD
participant_grouped_10x10,7,6,sub-pd13_seg001,PD
participant_grouped_10x10,7,6,sub-pd13_seg002,PD
participant_grouped_10x10,7,6,sub-pd13_seg003,PD
participant_grouped_10x10,7,6,sub-pd13_seg004,PD
participant_grouped_10x10,7,6,sub-pd13_seg005,PD
participant_grouped_10x10,7,6,sub-pd13_seg006,PD
participant_grouped_10x10,7,6,sub-pd13_seg007,PD
participant_grouped_10x10,7,6,sub-pd13_seg008,PD
participant_grouped_10x10,7,6,sub-pd13_seg009,PD
participant_grouped_10x10,7,6,sub-pd13_seg010,PD
participant_grouped_10x10,7,6,sub-pd13_seg011,PD
participant_grouped_10x10,7,6,sub-pd13_seg012,PD
participant_grouped_10x10,7,6,sub-pd13_seg013,PD
participant_grouped_10x10,7,6,sub-pd13_seg014,PD
participant_grouped_10x10,7,6,sub-pd13_seg015,PD
participant_grouped_10x10,7,6,sub-pd13_seg016,PD
participant_grouped_10x10,7,6,sub-pd13_seg017,PD
participant_grouped_10x10,7,0,sub-pd14_seg000,PD
participant_grouped_10x10,7,0,sub-pd14_seg001,PD
participant_grouped_10x10,7,0,sub-pd14_seg002,PD
participant_grouped_10x10,7,0,sub-pd14_seg003,PD
participant_grouped_10x10,7,0,sub-pd14_seg004,HC
participant_grouped_10x10,7,0,sub-pd14_seg005,PD
participant_grouped_10x10,7,0,sub-pd14_seg006,PD
participant_grouped_10x10,7,0,sub-pd14_seg007,PD
participant_grouped_10x10,7,0,sub-pd14_seg008,PD
participant_grouped_10x10,7,0,sub-pd14_seg009,HC
participant_grouped_10x10,7,0,sub-pd14_seg010,PD
participant_grouped_10x10,7,0,sub-pd14_seg011,PD
participant_grouped_10x10,7,0,sub-pd14_seg012,PD
participant_grouped_10x10,7,0,sub-pd14_seg013,PD
participant_grouped_10x10,7,0,sub-pd14_seg014,HC
participant_grouped_10x10,7,0,sub-pd14_seg015,HC
participant_grouped_10x10,7,0,sub-pd14_seg016,PD
participant_grouped_10x10,7,0,sub-pd14_seg017,PD
participant_grouped_10x10,7,0,sub-pd14_seg018,HC
participant_grouped_10x10,7,0,sub-pd14_seg019,HC
participant_grouped_10x10,7,0,sub-pd14_seg020,HC
participant_grouped_10x10,7,0,sub-pd14_seg021,PD
participant_grouped_10x10,7,0,sub-pd14_seg022,HC
participant_grouped_10x10,7,0,sub-pd14_seg023,HC
participant_grouped_10x10,7,0,sub-pd14_seg024,HC
participant_grouped_10x10,7,0,sub-pd14_seg025,PD
participant_grouped_10x10,7,0,sub-pd14_seg026,PD
participant_grouped_10x10,7,0,sub-pd14_seg027,PD
participant_grouped_10x10,7,0,sub-pd14_seg028,PD
participant_grouped_10x10,7,7,sub-pd16_seg000,HC
participant_grouped_10x10,7,7,sub-pd16_seg001,PD
participant_grouped_10x10,7,7,sub-pd16_seg002,PD
participant_grouped_10x10,7,7,sub-pd16_seg003,PD
participant_grouped_10x10,7,7,sub-pd16_seg004,PD
participant_grouped_10x10,7,7,sub-pd16_seg005,PD
participant_grouped_10x10,7,7,sub-pd16_seg006,PD
participant_grouped_10x10,7,7,sub-pd16_seg007,PD
participant_grouped_10x10,7,7,sub-pd16_seg008,PD
participant_grouped_10x10,7,7,sub-pd16_seg009,PD
participant_grouped_10x10,7,7,sub-pd16_seg010,PD
participant_grouped_10x10,7,7,sub-pd16_seg011,PD
participant_grouped_10x10,7,7,sub-pd16_seg012,PD
participant_grouped_10x10,7,7,sub-pd16_seg013,PD
participant_grouped_10x10,7,7,sub-pd16_seg014,PD
participant_grouped_10x10,7,7,sub-pd16_seg015,PD
participant_grouped_10x10,7,7,sub-pd16_seg016,PD
participant_grouped_10x10,7,7,sub-pd16_seg017,PD
participant_grouped_10x10,7,4,sub-pd17_seg000,HC
participant_grouped_10x10,7,4,sub-pd17_seg001,HC
participant_grouped_10x10,7,4,sub-pd17_seg002,HC
participant_grouped_10x10,7,4,sub-pd17_seg003,HC
participant_grouped_10x10,7,4,sub-pd17_seg004,HC
participant_grouped_10x10,7,4,sub-pd17_seg005,HC
participant_grouped_10x10,7,4,sub-pd17_seg006,HC
participant_grouped_10x10,7,4,sub-pd17_seg007,HC
participant_grouped_10x10,7,4,sub-pd17_seg008,HC
participant_grouped_10x10,7,4,sub-pd17_seg009,HC
participant_grouped_10x10,7,4,sub-pd17_seg010,HC
participant_grouped_10x10,7,4,sub-pd17_seg011,HC
participant_grouped_10x10,7,4,sub-pd17_seg012,HC
participant_grouped_10x10,7,4,sub-pd17_seg013,HC
participant_grouped_10x10,7,4,sub-pd17_seg014,HC
participant_grouped_10x10,7,4,sub-pd17_seg015,HC
participant_grouped_10x10,7,4,sub-pd17_seg016,PD
participant_grouped_10x10,7,4,sub-pd17_seg017,PD
participant_grouped_10x10,7,9,sub-pd19_seg000,HC
participant_grouped_10x10,7,9,sub-pd19_seg001,HC
participant_grouped_10x10,7,9,sub-pd19_seg002,PD
participant_grouped_10x10,7,9,sub-pd19_seg003,PD
participant_grouped_10x10,7,9,sub-pd19_seg004,PD
participant_grouped_10x10,7,9,sub-pd19_seg005,PD
participant_grouped_10x10,7,9,sub-pd19_seg006,PD
participant_grouped_10x10,7,9,sub-pd19_seg007,PD
participant_grouped_10x10,7,9,sub-pd19_seg008,PD
participant_grouped_10x10,7,9,sub-pd19_seg009,PD
participant_grouped_10x10,7,9,sub-pd19_seg010,PD
participant_grouped_10x10,7,9,sub-pd19_seg011,PD
participant_grouped_10x10,7,9,sub-pd19_seg012,HC
participant_grouped_10x10,7,9,sub-pd19_seg013,PD
participant_grouped_10x10,7,9,sub-pd19_seg014,HC
participant_grouped_10x10,7,9,sub-pd19_seg015,PD
participant_grouped_10x10,7,9,sub-pd19_seg016,PD
participant_grouped_10x10,7,9,sub-pd19_seg017,PD
participant_grouped_10x10,7,8,sub-pd22_seg000,PD
participant_grouped_10x10,7,8,sub-pd22_seg001,PD
participant_grouped_10x10,7,8,sub-pd22_seg002,PD
participant_grouped_10x10,7,8,sub-pd22_seg003,PD
participant_grouped_10x10,7,8,sub-pd22_seg004,PD
participant_grouped_10x10,7,8,sub-pd22_seg005,PD
participant_grouped_10x10,7,8,sub-pd22_seg006,PD
participant_grouped_10x10,7,8,sub-pd22_seg007,PD
participant_grouped_10x10,7,8,sub-pd22_seg008,PD
participant_grouped_10x10,7,8,sub-pd22_seg009,PD
participant_grouped_10x10,7,8,sub-pd22_seg010,PD
participant_grouped_10x10,7,8,sub-pd22_seg011,PD
participant_grouped_10x10,7,8,sub-pd22_seg012,PD
participant_grouped_10x10,7,8,sub-pd22_seg013,PD
participant_grouped_10x10,7,8,sub-pd22_seg014,PD
participant_grouped_10x10,7,8,sub-pd22_seg015,PD
participant_grouped_10x10,7,8,sub-pd22_seg016,HC
participant_grouped_10x10,7,8,sub-pd22_seg017,HC
participant_grouped_10x10,7,3,sub-pd23_seg000,PD
participant_grouped_10x10,7,3,sub-pd23_seg001,PD
participant_grouped_10x10,7,3,sub-pd23_seg002,PD
participant_grouped_10x10,7,3,sub-pd23_seg003,PD
participant_grouped_10x10,7,3,sub-pd23_seg004,PD
participant_grouped_10x10,7,3,sub-pd23_seg005,PD
participant_grouped_10x10,7,3,sub-pd23_seg006,PD
participant_grouped_10x10,7,3,sub-pd23_seg007,PD
participant_grouped_10x10,7,3,sub-pd23_seg008,PD
participant_grouped_10x10,7,3,sub-pd23_seg009,PD
participant_grouped_10x10,7,3,sub-pd23_seg010,PD
participant_grouped_10x10,7,3,sub-pd23_seg011,PD
participant_grouped_10x10,7,3,sub-pd23_seg012,PD
participant_grouped_10x10,7,3,sub-pd23_seg013,PD
participant_grouped_10x10,7,3,sub-pd23_seg014,PD
participant_grouped_10x10,7,3,sub-pd23_seg015,PD
participant_grouped_10x10,7,3,sub-pd23_seg016,PD
participant_grouped_10x10,7,3,sub-pd23_seg017,PD
participant_grouped_10x10,7,3,sub-pd23_seg018,PD
participant_grouped_10x10,7,3,sub-pd23_seg019,HC
participant_grouped_10x10,7,4,sub-pd26_seg000,PD
participant_grouped_10x10,7,4,sub-pd26_seg001,PD
participant_grouped_10x10,7,4,sub-pd26_seg002,PD
participant_grouped_10x10,7,4,sub-pd26_seg003,PD
participant_grouped_10x10,7,4,sub-pd26_seg004,PD
participant_grouped_10x10,7,4,sub-pd26_seg005,PD
participant_grouped_10x10,7,4,sub-pd26_seg006,PD
participant_grouped_10x10,7,4,sub-pd26_seg007,PD
participant_grouped_10x10,7,4,sub-pd26_seg008,PD
participant_grouped_10x10,7,4,sub-pd26_seg009,PD
participant_grouped_10x10,7,4,sub-pd26_seg010,PD
participant_grouped_10x10,7,4,sub-pd26_seg011,PD
participant_grouped_10x10,7,4,sub-pd26_seg012,PD
participant_grouped_10x10,7,4,sub-pd26_seg013,PD
participant_grouped_10x10,7,4,sub-pd26_seg014,PD
participant_grouped_10x10,7,4,sub-pd26_seg015,PD
participant_grouped_10x10,7,4,sub-pd26_seg016,PD
participant_grouped_10x10,7,4,sub-pd26_seg017,PD
participant_grouped_10x10,7,4,sub-pd26_seg018,PD
participant_grouped_10x10,7,1,sub-pd28_seg000,HC
participant_grouped_10x10,7,1,sub-pd28_seg001,HC
participant_grouped_10x10,7,1,sub-pd28_seg002,HC
participant_grouped_10x10,7,1,sub-pd28_seg003,HC
participant_grouped_10x10,7,1,sub-pd28_seg004,HC
participant_grouped_10x10,7,1,sub-pd28_seg005,PD
participant_grouped_10x10,7,1,sub-pd28_seg006,HC
participant_grouped_10x10,7,1,sub-pd28_seg007,HC
participant_grouped_10x10,7,1,sub-pd28_seg008,HC
participant_grouped_10x10,7,1,sub-pd28_seg009,HC
participant_grouped_10x10,7,1,sub-pd28_seg010,HC
participant_grouped_10x10,7,1,sub-pd28_seg011,PD
participant_grouped_10x10,7,1,sub-pd28_seg012,HC
participant_grouped_10x10,7,1,sub-pd28_seg013,PD
participant_grouped_10x10,7,1,sub-pd28_seg014,HC
participant_grouped_10x10,7,1,sub-pd28_seg015,HC
participant_grouped_10x10,7,1,sub-pd28_seg016,HC
participant_grouped_10x10,7,1,sub-pd28_seg017,HC
participant_grouped_10x10,7,1,sub-pd28_seg018,HC
participant_grouped_10x10,7,1,sub-pd28_seg019,PD
participant_grouped_10x10,8,7,sub-hc1_seg000,PD
participant_grouped_10x10,8,7,sub-hc1_seg001,PD
participant_grouped_10x10,8,7,sub-hc1_seg002,PD
participant_grouped_10x10,8,7,sub-hc1_seg003,HC
participant_grouped_10x10,8,7,sub-hc1_seg004,HC
participant_grouped_10x10,8,7,sub-hc1_seg005,HC
participant_grouped_10x10,8,7,sub-hc1_seg006,HC
participant_grouped_10x10,8,7,sub-hc1_seg007,HC
participant_grouped_10x10,8,7,sub-hc1_seg008,PD
participant_grouped_10x10,8,7,sub-hc1_seg009,HC
participant_grouped_10x10,8,7,sub-hc1_seg010,HC
participant_grouped_10x10,8,7,sub-hc1_seg011,PD
participant_grouped_10x10,8,7,sub-hc1_seg012,PD
participant_grouped_10x10,8,7,sub-hc1_seg013,PD
participant_grouped_10x10,8,7,sub-hc1_seg014,HC
participant_grouped_10x10,8,7,sub-hc1_seg015,HC
participant_grouped_10x10,8,7,sub-hc1_seg016,HC
participant_grouped_10x10,8,7,sub-hc1_seg017,PD
participant_grouped_10x10,8,7,sub-hc1_seg018,HC
participant_grouped_10x10,8,0,sub-hc2_seg000,PD
participant_grouped_10x10,8,0,sub-hc2_seg001,PD
participant_grouped_10x10,8,0,sub-hc2_seg002,HC
participant_grouped_10x10,8,0,sub-hc2_seg003,PD
participant_grouped_10x10,8,0,sub-hc2_seg004,HC
participant_grouped_10x10,8,0,sub-hc2_seg005,PD
participant_grouped_10x10,8,0,sub-hc2_seg006,PD
participant_grouped_10x10,8,0,sub-hc2_seg007,PD
participant_grouped_10x10,8,0,sub-hc2_seg008,PD
participant_grouped_10x10,8,0,sub-hc2_seg009,PD
participant_grouped_10x10,8,0,sub-hc2_seg010,PD
participant_grouped_10x10,8,0,sub-hc2_seg011,PD
participant_grouped_10x10,8,0,sub-hc2_seg012,PD
participant_grouped_10x10,8,0,sub-hc2_seg013,PD
participant_grouped_10x10,8,0,sub-hc2_seg014,PD
participant_grouped_10x10,8,0,sub-hc2_seg015,PD
participant_grouped_10x10,8,0,sub-hc2_seg016,PD
participant_grouped_10x10,8,0,sub-hc2_seg017,PD
participant_grouped_10x10,8,0,sub-hc2_seg018,PD
participant_grouped_10x10,8,3,sub-hc4_seg000,PD
participant_grouped_10x10,8,3,sub-hc4_seg001,PD
participant_grouped_10x10,8,3,sub-hc4_seg002,PD
participant_grouped_10x10,8,3,sub-hc4_seg003,PD
participant_grouped_10x10,8,3,sub-hc4_seg004,PD
participant_grouped_10x10,8,3,sub-hc4_seg005,PD
participant_grouped_10x10,8,3,sub-hc4_seg006,PD
participant_grouped_10x10,8,3,sub-hc4_seg007,PD
participant_grouped_10x10,8,3,sub-hc4_seg008,PD
participant_grouped_10x10,8,3,sub-hc4_seg009,PD
participant_grouped_10x10,8,3,sub-hc4_seg010,PD
participant_grouped_10x10,8,3,sub-hc4_seg011,PD
participant_grouped_10x10,8,3,sub-hc4_seg012,PD
participant_grouped_10x10,8,3,sub-hc4_seg013,PD
participant_grouped_10x10,8,3,sub-hc4_seg014,PD
participant_grouped_10x10,8,3,sub-hc4_seg015,PD
participant_grouped_10x10,8,3,sub-hc4_seg016,PD
participant_grouped_10x10,8,3,sub-hc4_seg017,HC
participant_grouped_10x10,8,3,sub-hc7_seg000,HC
participant_grouped_10x10,8,3,sub-hc7_seg001,HC
participant_grouped_10x10,8,3,sub-hc7_seg002,HC
participant_grouped_10x10,8,3,sub-hc7_seg003,PD
participant_grouped_10x10,8,3,sub-hc7_seg004,HC
participant_grouped_10x10,8,3,sub-hc7_seg005,PD
participant_grouped_10x10,8,3,sub-hc7_seg006,PD
participant_grouped_10x10,8,3,sub-hc7_seg007,PD
participant_grouped_10x10,8,3,sub-hc7_seg008,PD
participant_grouped_10x10,8,3,sub-hc7_seg009,PD
participant_grouped_10x10,8,3,sub-hc7_seg010,PD
participant_grouped_10x10,8,3,sub-hc7_seg011,PD
participant_grouped_10x10,8,3,sub-hc7_seg012,PD
participant_grouped_10x10,8,3,sub-hc7_seg013,PD
participant_grouped_10x10,8,3,sub-hc7_seg014,PD
participant_grouped_10x10,8,3,sub-hc7_seg015,PD
participant_grouped_10x10,8,3,sub-hc7_seg016,PD
participant_grouped_10x10,8,3,sub-hc7_seg017,PD
participant_grouped_10x10,8,3,sub-hc7_seg018,PD
participant_grouped_10x10,8,8,sub-hc8_seg000,PD
participant_grouped_10x10,8,8,sub-hc8_seg001,PD
participant_grouped_10x10,8,8,sub-hc8_seg002,PD
participant_grouped_10x10,8,8,sub-hc8_seg003,PD
participant_grouped_10x10,8,8,sub-hc8_seg004,PD
participant_grouped_10x10,8,8,sub-hc8_seg005,PD
participant_grouped_10x10,8,8,sub-hc8_seg006,PD
participant_grouped_10x10,8,8,sub-hc8_seg007,PD
participant_grouped_10x10,8,8,sub-hc8_seg008,PD
participant_grouped_10x10,8,8,sub-hc8_seg009,PD
participant_grouped_10x10,8,8,sub-hc8_seg010,PD
participant_grouped_10x10,8,8,sub-hc8_seg011,PD
participant_grouped_10x10,8,8,sub-hc8_seg012,PD
participant_grouped_10x10,8,8,sub-hc8_seg013,PD
participant_grouped_10x10,8,8,sub-hc8_seg014,PD
participant_grouped_10x10,8,8,sub-hc8_seg015,PD
participant_grouped_10x10,8,8,sub-hc8_seg016,PD
participant_grouped_10x10,8,8,sub-hc8_seg017,PD
participant_grouped_10x10,8,8,sub-hc8_seg018,PD
participant_grouped_10x10,8,2,sub-hc10_seg000,PD
participant_grouped_10x10,8,2,sub-hc10_seg001,PD
participant_grouped_10x10,8,2,sub-hc10_seg002,PD
participant_grouped_10x10,8,2,sub-hc10_seg003,HC
participant_grouped_10x10,8,2,sub-hc10_seg004,PD
participant_grouped_10x10,8,2,sub-hc10_seg005,PD
participant_grouped_10x10,8,2,sub-hc10_seg006,PD
participant_grouped_10x10,8,2,sub-hc10_seg007,PD
participant_grouped_10x10,8,2,sub-hc10_seg008,HC
participant_grouped_10x10,8,2,sub-hc10_seg009,HC
participant_grouped_10x10,8,2,sub-hc10_seg010,PD
participant_grouped_10x10,8,2,sub-hc10_seg011,PD
participant_grouped_10x10,8,2,sub-hc10_seg012,HC
participant_grouped_10x10,8,2,sub-hc10_seg013,HC
participant_grouped_10x10,8,2,sub-hc10_seg014,HC
participant_grouped_10x10,8,2,sub-hc10_seg015,PD
participant_grouped_10x10,8,2,sub-hc10_seg016,PD
participant_grouped_10x10,8,2,sub-hc10_seg017,PD
participant_grouped_10x10,8,2,sub-hc10_seg018,PD
participant_grouped_10x10,8,2,sub-hc10_seg019,PD
participant_grouped_10x10,8,8,sub-hc18_seg000,HC
participant_grouped_10x10,8,8,sub-hc18_seg001,HC
participant_grouped_10x10,8,8,sub-hc18_seg002,HC
participant_grouped_10x10,8,8,sub-hc18_seg003,PD
participant_grouped_10x10,8,8,sub-hc18_seg004,PD
participant_grouped_10x10,8,8,sub-hc18_seg005,HC
participant_grouped_10x10,8,8,sub-hc18_seg006,HC
participant_grouped_10x10,8,8,sub-hc18_seg007,HC
participant_grouped_10x10,8,8,sub-hc18_seg008,HC
participant_grouped_10x10,8,8,sub-hc18_seg009,HC
participant_grouped_10x10,8,8,sub-hc18_seg010,HC
participant_grouped_10x10,8,8,sub-hc18_seg011,HC
participant_grouped_10x10,8,8,sub-hc18_seg012,HC
participant_grouped_10x10,8,8,sub-hc18_seg013,PD
participant_grouped_10x10,8,8,sub-hc18_seg014,PD
participant_grouped_10x10,8,8,sub-hc18_seg015,PD
participant_grouped_10x10,8,8,sub-hc18_seg016,PD
participant_grouped_10x10,8,8,sub-hc18_seg017,PD
participant_grouped_10x10,8,7,sub-hc20_seg000,HC
participant_grouped_10x10,8,7,sub-hc20_seg001,PD
participant_grouped_10x10,8,7,sub-hc20_seg002,PD
participant_grouped_10x10,8,7,sub-hc20_seg003,PD
participant_grouped_10x10,8,7,sub-hc20_seg004,PD
participant_grouped_10x10,8,7,sub-hc20_seg005,PD
participant_grouped_10x10,8,7,sub-hc20_seg006,PD
participant_grouped_10x10,8,7,sub-hc20_seg007,PD
participant_grouped_10x10,8,7,sub-hc20_seg008,PD
participant_grouped_10x10,8,7,sub-hc20_seg009,PD
participant_grouped_10x10,8,7,sub-hc20_seg010,PD
participant_grouped_10x10,8,7,sub-hc20_seg011,HC
participant_grouped_10x10,8,7,sub-hc20_seg012,HC
participant_grouped_10x10,8,7,sub-hc20_seg013,HC
participant_grouped_10x10,8,7,sub-hc20_seg014,HC
participant_grouped_10x10,8,7,sub-hc20_seg015,HC
participant_grouped_10x10,8,7,sub-hc20_seg016,HC
participant_grouped_10x10,8,7,sub-hc20_seg017,PD
participant_grouped_10x10,8,5,sub-hc21_seg000,HC
participant_grouped_10x10,8,5,sub-hc21_seg001,PD
participant_grouped_10x10,8,5,sub-hc21_seg002,HC
participant_grouped_10x10,8,5,sub-hc21_seg003,HC
participant_grouped_10x10,8,5,sub-hc21_seg004,PD
participant_grouped_10x10,8,5,sub-hc21_seg005,PD
participant_grouped_10x10,8,5,sub-hc21_seg006,HC
participant_grouped_10x10,8,5,sub-hc21_seg007,HC
participant_grouped_10x10,8,5,sub-hc21_seg008,HC
participant_grouped_10x10,8,5,sub-hc21_seg009,HC
participant_grouped_10x10,8,5,sub-hc21_seg010,PD
participant_grouped_10x10,8,5,sub-hc21_seg011,PD
participant_grouped_10x10,8,5,sub-hc21_seg012,PD
participant_grouped_10x10,8,5,sub-hc21_seg013,HC
participant_grouped_10x10,8,5,sub-hc21_seg014,PD
participant_grouped_10x10,8,5,sub-hc21_seg015,PD
participant_grouped_10x10,8,5,sub-hc21_seg016,PD
participant_grouped_10x10,8,5,sub-hc21_seg017,PD
participant_grouped_10x10,8,9,sub-hc24_seg000,PD
participant_grouped_10x10,8,9,sub-hc24_seg001,PD
participant_grouped_10x10,8,9,sub-hc24_seg002,PD
participant_grouped_10x10,8,9,sub-hc24_seg003,PD
participant_grouped_10x10,8,9,sub-hc24_seg004,PD
participant_grouped_10x10,8,9,sub-hc24_seg005,PD
participant_grouped_10x10,8,9,sub-hc24_seg006,PD
participant_grouped_10x10,8,9,sub-hc24_seg007,PD
participant_grouped_10x10,8,9,sub-hc24_seg008,PD
participant_grouped_10x10,8,9,sub-hc24_seg009,PD
participant_grouped_10x10,8,9,sub-hc24_seg010,PD
participant_grouped_10x10,8,9,sub-hc24_seg011,PD
participant_grouped_10x10,8,9,sub-hc24_seg012,PD
participant_grouped_10x10,8,9,sub-hc24_seg013,PD
participant_grouped_10x10,8,9,sub-hc24_seg014,PD
participant_grouped_10x10,8,9,sub-hc24_seg015,PD
participant_grouped_10x10,8,9,sub-hc24_seg016,PD
participant_grouped_10x10,8,9,sub-hc24_seg017,PD
participant_grouped_10x10,8,9,sub-hc24_seg018,PD
participant_grouped_10x10,8,4,sub-hc25_seg000,PD
participant_grouped_10x10,8,4,sub-hc25_seg001,PD
participant_grouped_10x10,8,4,sub-hc25_seg002,PD
participant_grouped_10x10,8,4,sub-hc25_seg003,PD
participant_grouped_10x10,8,4,sub-hc25_seg004,PD
participant_grouped_10x10,8,4,sub-hc25_seg005,PD
participant_grouped_10x10,8,4,sub-hc25_seg006,PD
participant_grouped_10x10,8,4,sub-hc25_seg007,PD
participant_grouped_10x10,8,4,sub-hc25_seg008,PD
participant_grouped_10x10,8,4,sub-hc25_seg009,PD
participant_grouped_10x10,8,4,sub-hc25_seg010,PD
participant_grouped_10x10,8,4,sub-hc25_seg011,PD
participant_grouped_10x10,8,4,sub-hc25_seg012,PD
participant_grouped_10x10,8,4,sub-hc25_seg013,PD
participant_grouped_10x10,8,4,sub-hc25_seg014,PD
participant_grouped_10x10,8,4,sub-hc25_seg015,PD
participant_grouped_10x10,8,4,sub-hc25_seg016,HC
participant_grouped_10x10,8,4,sub-hc25_seg017,PD
participant_grouped_10x10,8,4,sub-hc25_seg018,PD
participant_grouped_10x10,8,4,sub-hc25_seg019,PD
participant_grouped_10x10,8,6,sub-hc29_seg000,PD
participant_grouped_10x10,8,6,sub-hc29_seg001,PD
participant_grouped_10x10,8,6,sub-hc29_seg002,PD
participant_grouped_10x10,8,6,sub-hc29_seg003,PD
participant_grouped_10x10,8,6,sub-hc29_seg004,PD
participant_grouped_10x10,8,6,sub-hc29_seg005,PD
participant_grouped_10x10,8,6,sub-hc29_seg006,PD
participant_grouped_10x10,8,6,sub-hc29_seg007,PD
participant_grouped_10x10,8,6,sub-hc29_seg008,PD
participant_grouped_10x10,8,6,sub-hc29_seg009,PD
participant_grouped_10x10,8,6,sub-hc29_seg010,PD
participant_grouped_10x10,8,6,sub-hc29_seg011,PD
participant_grouped_10x10,8,6,sub-hc29_seg012,PD
participant_grouped_10x10,8,6,sub-hc29_seg013,PD
participant_grouped_10x10,8,6,sub-hc29_seg014,PD
participant_grouped_10x10,8,6,sub-hc29_seg015,PD
participant_grouped_10x10,8,6,sub-hc29_seg016,PD
participant_grouped_10x10,8,6,sub-hc29_seg017,PD
participant_grouped_10x10,8,6,sub-hc29_seg018,PD
participant_grouped_10x10,8,6,sub-hc30_seg000,HC
participant_grouped_10x10,8,6,sub-hc30_seg001,PD
participant_grouped_10x10,8,6,sub-hc30_seg002,PD
participant_grouped_10x10,8,6,sub-hc30_seg003,PD
participant_grouped_10x10,8,6,sub-hc30_seg004,PD
participant_grouped_10x10,8,6,sub-hc30_seg005,HC
participant_grouped_10x10,8,6,sub-hc30_seg006,PD
participant_grouped_10x10,8,6,sub-hc30_seg007,PD
participant_grouped_10x10,8,6,sub-hc30_seg008,HC
participant_grouped_10x10,8,6,sub-hc30_seg009,HC
participant_grouped_10x10,8,6,sub-hc30_seg010,HC
participant_grouped_10x10,8,6,sub-hc30_seg011,HC
participant_grouped_10x10,8,6,sub-hc30_seg012,HC
participant_grouped_10x10,8,6,sub-hc30_seg013,HC
participant_grouped_10x10,8,6,sub-hc30_seg014,HC
participant_grouped_10x10,8,6,sub-hc30_seg015,HC
participant_grouped_10x10,8,6,sub-hc30_seg016,HC
participant_grouped_10x10,8,6,sub-hc30_seg017,HC
participant_grouped_10x10,8,1,sub-hc31_seg000,PD
participant_grouped_10x10,8,1,sub-hc31_seg001,PD
participant_grouped_10x10,8,1,sub-hc31_seg002,PD
participant_grouped_10x10,8,1,sub-hc31_seg003,PD
participant_grouped_10x10,8,1,sub-hc31_seg004,PD
participant_grouped_10x10,8,1,sub-hc31_seg005,HC
participant_grouped_10x10,8,1,sub-hc31_seg006,PD
participant_grouped_10x10,8,1,sub-hc31_seg007,PD
participant_grouped_10x10,8,1,sub-hc31_seg008,PD
participant_grouped_10x10,8,1,sub-hc31_seg009,HC
participant_grouped_10x10,8,1,sub-hc31_seg010,HC
participant_grouped_10x10,8,1,sub-hc31_seg011,PD
participant_grouped_10x10,8,1,sub-hc31_seg012,PD
participant_grouped_10x10,8,1,sub-hc31_seg013,PD
participant_grouped_10x10,8,1,sub-hc31_seg014,PD
participant_grouped_10x10,8,1,sub-hc31_seg015,HC
participant_grouped_10x10,8,1,sub-hc31_seg016,HC
participant_grouped_10x10,8,1,sub-hc31_seg017,PD
participant_grouped_10x10,8,1,sub-hc32_seg000,PD
participant_grouped_10x10,8,1,sub-hc32_seg001,PD
participant_grouped_10x10,8,1,sub-hc32_seg002,PD
participant_grouped_10x10,8,1,sub-hc32_seg003,PD
participant_grouped_10x10,8,1,sub-hc32_seg004,PD
participant_grouped_10x10,8,1,sub-hc32_seg005,PD
participant_grouped_10x10,8,1,sub-hc32_seg006,PD
participant_grouped_10x10,8,1,sub-hc32_seg007,PD
participant_grouped_10x10,8,1,sub-hc32_seg008,PD
participant_grouped_10x10,8,1,sub-hc32_seg009,PD
participant_grouped_10x10,8,1,sub-hc32_seg010,PD
participant_grouped_10x10,8,1,sub-hc32_seg011,PD
participant_grouped_10x10,8,1,sub-hc32_seg012,PD
participant_grouped_10x10,8,1,sub-hc32_seg013,PD
participant_grouped_10x10,8,1,sub-hc32_seg014,PD
participant_grouped_10x10,8,1,sub-hc32_seg015,PD
participant_grouped_10x10,8,1,sub-hc32_seg016,PD
participant_grouped_10x10,8,1,sub-hc32_seg017,PD
participant_grouped_10x10,8,1,sub-hc32_seg018,PD
participant_grouped_10x10,8,5,sub-hc33_seg000,HC
participant_grouped_10x10,8,5,sub-hc33_seg001,HC
participant_grouped_10x10,8,5,sub-hc33_seg002,HC
participant_grouped_10x10,8,5,sub-hc33_seg003,PD
participant_grouped_10x10,8,5,sub-hc33_seg004,PD
participant_grouped_10x10,8,5,sub-hc33_seg005,PD
participant_grouped_10x10,8,5,sub-hc33_seg006,PD
participant_grouped_10x10,8,5,sub-hc33_seg007,PD
participant_grouped_10x10,8,5,sub-hc33_seg008,PD
participant_grouped_10x10,8,5,sub-hc33_seg009,PD
participant_grouped_10x10,8,5,sub-hc33_seg010,PD
participant_grouped_10x10,8,5,sub-hc33_seg011,PD
participant_grouped_10x10,8,5,sub-hc33_seg012,PD
participant_grouped_10x10,8,5,sub-hc33_seg013,PD
participant_grouped_10x10,8,5,sub-hc33_seg014,PD
participant_grouped_10x10,8,5,sub-hc33_seg015,PD
participant_grouped_10x10,8,5,sub-hc33_seg016,HC
participant_grouped_10x10,8,5,sub-hc33_seg017,HC
participant_grouped_10x10,8,5,sub-hc33_seg018,HC
participant_grouped_10x10,8,3,sub-pd3_seg000,HC
participant_grouped_10x10,8,3,sub-pd3_seg001,PD
participant_grouped_10x10,8,3,sub-pd3_seg002,PD
participant_grouped_10x10,8,3,sub-pd3_seg003,HC
participant_grouped_10x10,8,3,sub-pd3_seg004,PD
participant_grouped_10x10,8,3,sub-pd3_seg005,PD
participant_grouped_10x10,8,3,sub-pd3_seg006,PD
participant_grouped_10x10,8,3,sub-pd3_seg007,PD
participant_grouped_10x10,8,3,sub-pd3_seg008,HC
participant_grouped_10x10,8,3,sub-pd3_seg009,HC
participant_grouped_10x10,8,3,sub-pd3_seg010,HC
participant_grouped_10x10,8,3,sub-pd3_seg011,HC
participant_grouped_10x10,8,3,sub-pd3_seg012,HC
participant_grouped_10x10,8,3,sub-pd3_seg013,HC
participant_grouped_10x10,8,3,sub-pd3_seg014,HC
participant_grouped_10x10,8,3,sub-pd3_seg015,HC
participant_grouped_10x10,8,3,sub-pd3_seg016,HC
participant_grouped_10x10,8,3,sub-pd3_seg017,HC
participant_grouped_10x10,8,3,sub-pd3_seg018,HC
participant_grouped_10x10,8,3,sub-pd3_seg019,HC
participant_grouped_10x10,8,8,sub-pd5_seg000,HC
participant_grouped_10x10,8,8,sub-pd5_seg001,HC
participant_grouped_10x10,8,8,sub-pd5_seg002,HC
participant_grouped_10x10,8,8,sub-pd5_seg003,HC
participant_grouped_10x10,8,8,sub-pd5_seg004,HC
participant_grouped_10x10,8,8,sub-pd5_seg005,HC
participant_grouped_10x10,8,8,sub-pd5_seg006,PD
participant_grouped_10x10,8,8,sub-pd5_seg007,PD
participant_grouped_10x10,8,8,sub-pd5_seg008,HC
participant_grouped_10x10,8,8,sub-pd5_seg009,HC
participant_grouped_10x10,8,8,sub-pd5_seg010,HC
participant_grouped_10x10,8,8,sub-pd5_seg011,HC
participant_grouped_10x10,8,8,sub-pd5_seg012,HC
participant_grouped_10x10,8,8,sub-pd5_seg013,HC
participant_grouped_10x10,8,8,sub-pd5_seg014,PD
participant_grouped_10x10,8,8,sub-pd5_seg015,PD
participant_grouped_10x10,8,8,sub-pd5_seg016,PD
participant_grouped_10x10,8,8,sub-pd5_seg017,PD
participant_grouped_10x10,8,8,sub-pd5_seg018,PD
participant_grouped_10x10,8,7,sub-pd6_seg000,PD
participant_grouped_10x10,8,7,sub-pd6_seg001,HC
participant_grouped_10x10,8,7,sub-pd6_seg002,HC
participant_grouped_10x10,8,7,sub-pd6_seg003,HC
participant_grouped_10x10,8,7,sub-pd6_seg004,PD
participant_grouped_10x10,8,7,sub-pd6_seg005,PD
participant_grouped_10x10,8,7,sub-pd6_seg006,PD
participant_grouped_10x10,8,7,sub-pd6_seg007,PD
participant_grouped_10x10,8,7,sub-pd6_seg008,HC
participant_grouped_10x10,8,7,sub-pd6_seg009,HC
participant_grouped_10x10,8,7,sub-pd6_seg010,HC
participant_grouped_10x10,8,7,sub-pd6_seg011,HC
participant_grouped_10x10,8,7,sub-pd6_seg012,HC
participant_grouped_10x10,8,7,sub-pd6_seg013,PD
participant_grouped_10x10,8,7,sub-pd6_seg014,PD
participant_grouped_10x10,8,7,sub-pd6_seg015,HC
participant_grouped_10x10,8,7,sub-pd6_seg016,PD
participant_grouped_10x10,8,7,sub-pd6_seg017,HC
participant_grouped_10x10,8,7,sub-pd6_seg018,HC
participant_grouped_10x10,8,9,sub-pd9_seg000,PD
participant_grouped_10x10,8,9,sub-pd9_seg001,PD
participant_grouped_10x10,8,9,sub-pd9_seg002,HC
participant_grouped_10x10,8,9,sub-pd9_seg003,PD
participant_grouped_10x10,8,9,sub-pd9_seg004,PD
participant_grouped_10x10,8,9,sub-pd9_seg005,PD
participant_grouped_10x10,8,9,sub-pd9_seg006,PD
participant_grouped_10x10,8,9,sub-pd9_seg007,HC
participant_grouped_10x10,8,9,sub-pd9_seg008,PD
participant_grouped_10x10,8,9,sub-pd9_seg009,PD
participant_grouped_10x10,8,9,sub-pd9_seg010,PD
participant_grouped_10x10,8,9,sub-pd9_seg011,PD
participant_grouped_10x10,8,9,sub-pd9_seg012,PD
participant_grouped_10x10,8,9,sub-pd9_seg013,PD
participant_grouped_10x10,8,9,sub-pd9_seg014,HC
participant_grouped_10x10,8,9,sub-pd9_seg015,PD
participant_grouped_10x10,8,9,sub-pd9_seg016,PD
participant_grouped_10x10,8,9,sub-pd9_seg017,PD
participant_grouped_10x10,8,9,sub-pd9_seg018,PD
participant_grouped_10x10,8,6,sub-pd12_seg000,HC
participant_grouped_10x10,8,6,sub-pd12_seg001,HC
participant_grouped_10x10,8,6,sub-pd12_seg002,HC
participant_grouped_10x10,8,6,sub-pd12_seg003,HC
participant_grouped_10x10,8,6,sub-pd12_seg004,PD
participant_grouped_10x10,8,6,sub-pd12_seg005,HC
participant_grouped_10x10,8,6,sub-pd12_seg006,PD
participant_grouped_10x10,8,6,sub-pd12_seg007,HC
participant_grouped_10x10,8,6,sub-pd12_seg008,HC
participant_grouped_10x10,8,6,sub-pd12_seg009,HC
participant_grouped_10x10,8,6,sub-pd12_seg010,PD
participant_grouped_10x10,8,6,sub-pd12_seg011,HC
participant_grouped_10x10,8,6,sub-pd12_seg012,PD
participant_grouped_10x10,8,6,sub-pd12_seg013,PD
participant_grouped_10x10,8,6,sub-pd12_seg014,PD
participant_grouped_10x10,8,6,sub-pd12_seg015,PD
participant_grouped_10x10,8,6,sub-pd12_seg016,PD
participant_grouped_10x10,8,6,sub-pd12_seg017,PD
participant_grouped_10x10,8,6,sub-pd12_seg018,PD
participant_grouped_10x10,8,6,sub-pd12_seg019,PD
participant_grouped_10x10,8,7,sub-pd11_seg000,PD
participant_grouped_10x10,8,7,sub-pd11_seg001,PD
participant_grouped_10x10,8,7,sub-pd11_seg002,PD
participant_grouped_10x10,8,7,sub-pd11_seg003,PD
participant_grouped_10x10,8,7,sub-pd11_seg004,PD
participant_grouped_10x10,8,7,sub-pd11_seg005,PD
participant_grouped_10x10,8,7,sub-pd11_seg006,PD
participant_grouped_10x10,8,7,sub-pd11_seg007,PD
participant_grouped_10x10,8,7,sub-pd11_seg008,PD
participant_grouped_10x10,8,7,sub-pd11_seg009,PD
participant_grouped_10x10,8,7,sub-pd11_seg010,PD
participant_grouped_10x10,8,7,sub-pd11_seg011,PD
participant_grouped_10x10,8,7,sub-pd11_seg012,PD
participant_grouped_10x10,8,7,sub-pd11_seg013,PD
participant_grouped_10x10,8,7,sub-pd11_seg014,PD
participant_grouped_10x10,8,7,sub-pd11_seg015,PD
participant_grouped_10x10,8,7,sub-pd11_seg016,PD
participant_grouped_10x10,8,7,sub-pd11_seg017,PD
participant_grouped_10x10,8,4,sub-pd13_seg000,PD
participant_grouped_10x10,8,4,sub-pd13_seg001,PD
participant_grouped_10x10,8,4,sub-pd13_seg002,PD
participant_grouped_10x10,8,4,sub-pd13_seg003,PD
participant_grouped_10x10,8,4,sub-pd13_seg004,PD
participant_grouped_10x10,8,4,sub-pd13_seg005,PD
participant_grouped_10x10,8,4,sub-pd13_seg006,PD
participant_grouped_10x10,8,4,sub-pd13_seg007,PD
participant_grouped_10x10,8,4,sub-pd13_seg008,PD
participant_grouped_10x10,8,4,sub-pd13_seg009,PD
participant_grouped_10x10,8,4,sub-pd13_seg010,PD
participant_grouped_10x10,8,4,sub-pd13_seg011,PD
participant_grouped_10x10,8,4,sub-pd13_seg012,PD
participant_grouped_10x10,8,4,sub-pd13_seg013,PD
participant_grouped_10x10,8,4,sub-pd13_seg014,PD
participant_grouped_10x10,8,4,sub-pd13_seg015,PD
participant_grouped_10x10,8,4,sub-pd13_seg016,PD
participant_grouped_10x10,8,4,sub-pd13_seg017,PD
participant_grouped_10x10,8,0,sub-pd14_seg000,PD
participant_grouped_10x10,8,0,sub-pd14_seg001,PD
participant_grouped_10x10,8,0,sub-pd14_seg002,PD
participant_grouped_10x10,8,0,sub-pd14_seg003,PD
participant_grouped_10x10,8,0,sub-pd14_seg004,HC
participant_grouped_10x10,8,0,sub-pd14_seg005,PD
participant_grouped_10x10,8,0,sub-pd14_seg006,PD
participant_grouped_10x10,8,0,sub-pd14_seg007,PD
participant_grouped_10x10,8,0,sub-pd14_seg008,PD
participant_grouped_10x10,8,0,sub-pd14_seg009,HC
participant_grouped_10x10,8,0,sub-pd14_seg010,PD
participant_grouped_10x10,8,0,sub-pd14_seg011,PD
participant_grouped_10x10,8,0,sub-pd14_seg012,PD
participant_grouped_10x10,8,0,sub-pd14_seg013,PD
participant_grouped_10x10,8,0,sub-pd14_seg014,HC
participant_grouped_10x10,8,0,sub-pd14_seg015,HC
participant_grouped_10x10,8,0,sub-pd14_seg016,PD
participant_grouped_10x10,8,0,sub-pd14_seg017,PD
participant_grouped_10x10,8,0,sub-pd14_seg018,HC
participant_grouped_10x10,8,0,sub-pd14_seg019,HC
participant_grouped_10x10,8,0,sub-pd14_seg020,HC
participant_grouped_10x10,8,0,sub-pd14_seg021,PD
participant_grouped_10x10,8,0,sub-pd14_seg022,HC
participant_grouped_10x10,8,0,sub-pd14_seg023,HC
participant_grouped_10x10,8,0,sub-pd14_seg024,HC
participant_grouped_10x10,8,0,sub-pd14_seg025,PD
participant_grouped_10x10,8,0,sub-pd14_seg026,PD
participant_grouped_10x10,8,0,sub-pd14_seg027,PD
participant_grouped_10x10,8,0,sub-pd14_seg028,PD
participant_grouped_10x10,8,8,sub-pd16_seg000,HC
participant_grouped_10x10,8,8,sub-pd16_seg001,PD
participant_grouped_10x10,8,8,sub-pd16_seg002,PD
participant_grouped_10x10,8,8,sub-pd16_seg003,PD
participant_grouped_10x10,8,8,sub-pd16_seg004,PD
participant_grouped_10x10,8,8,sub-pd16_seg005,PD
participant_grouped_10x10,8,8,sub-pd16_seg006,PD
participant_grouped_10x10,8,8,sub-pd16_seg007,PD
participant_grouped_10x10,8,8,sub-pd16_seg008,PD
participant_grouped_10x10,8,8,sub-pd16_seg009,PD
participant_grouped_10x10,8,8,sub-pd16_seg010,PD
participant_grouped_10x10,8,8,sub-pd16_seg011,PD
participant_grouped_10x10,8,8,sub-pd16_seg012,PD
participant_grouped_10x10,8,8,sub-pd16_seg013,PD
participant_grouped_10x10,8,8,sub-pd16_seg014,PD
participant_grouped_10x10,8,8,sub-pd16_seg015,PD
participant_grouped_10x10,8,8,sub-pd16_seg016,PD
participant_grouped_10x10,8,8,sub-pd16_seg017,PD
participant_grouped_10x10,8,2,sub-pd17_seg000,HC
participant_grouped_10x10,8,2,sub-pd17_seg001,HC
participant_grouped_10x10,8,2,sub-pd17_seg002,HC
participant_grouped_10x10,8,2,sub-pd17_seg003,HC
participant_grouped_10x10,8,2,sub-pd17_seg004,HC
participant_grouped_10x10,8,2,sub-pd17_seg005,HC
participant_grouped_10x10,8,2,sub-pd17_seg006,HC
participant_grouped_10x10,8,2,sub-pd17_seg007,HC
participant_grouped_10x10,8,2,sub-pd17_seg008,HC
participant_grouped_10x10,8,2,sub-pd17_seg009,HC
participant_grouped_10x10,8,2,sub-pd17_seg010,HC
participant_grouped_10x10,8,2,sub-pd17_seg011,HC
participant_grouped_10x10,8,2,sub-pd17_seg012,HC
participant_grouped_10x10,8,2,sub-pd17_seg013,HC
participant_grouped_10x10,8,2,sub-pd17_seg014,HC
participant_grouped_10x10,8,2,sub-pd17_seg015,HC
participant_grouped_10x10,8,2,sub-pd17_seg016,PD
participant_grouped_10x10,8,2,sub-pd17_seg017,PD
participant_grouped_10x10,8,9,sub-pd19_seg000,HC
participant_grouped_10x10,8,9,sub-pd19_seg001,HC
participant_grouped_10x10,8,9,sub-pd19_seg002,PD
participant_grouped_10x10,8,9,sub-pd19_seg003,PD
participant_grouped_10x10,8,9,sub-pd19_seg004,PD
participant_grouped_10x10,8,9,sub-pd19_seg005,PD
participant_grouped_10x10,8,9,sub-pd19_seg006,PD
participant_grouped_10x10,8,9,sub-pd19_seg007,PD
participant_grouped_10x10,8,9,sub-pd19_seg008,PD
participant_grouped_10x10,8,9,sub-pd19_seg009,PD
participant_grouped_10x10,8,9,sub-pd19_seg010,PD
participant_grouped_10x10,8,9,sub-pd19_seg011,PD
participant_grouped_10x10,8,9,sub-pd19_seg012,HC
participant_grouped_10x10,8,9,sub-pd19_seg013,PD
participant_grouped_10x10,8,9,sub-pd19_seg014,HC
participant_grouped_10x10,8,9,sub-pd19_seg015,PD
participant_grouped_10x10,8,9,sub-pd19_seg016,PD
participant_grouped_10x10,8,9,sub-pd19_seg017,PD
participant_grouped_10x10,8,4,sub-pd22_seg000,PD
participant_grouped_10x10,8,4,sub-pd22_seg001,PD
participant_grouped_10x10,8,4,sub-pd22_seg002,PD
participant_grouped_10x10,8,4,sub-pd22_seg003,PD
participant_grouped_10x10,8,4,sub-pd22_seg004,PD
participant_grouped_10x10,8,4,sub-pd22_seg005,PD
participant_grouped_10x10,8,4,sub-pd22_seg006,PD
participant_grouped_10x10,8,4,sub-pd22_seg007,PD
participant_grouped_10x10,8,4,sub-pd22_seg008,PD
participant_grouped_10x10,8,4,sub-pd22_seg009,PD
participant_grouped_10x10,8,4,sub-pd22_seg010,PD
participant_grouped_10x10,8,4,sub-pd22_seg011,PD
participant_grouped_10x10,8,4,sub-pd22_seg012,PD
participant_grouped_10x10,8,4,sub-pd22_seg013,PD
participant_grouped_10x10,8,4,sub-pd22_seg014,PD
participant_grouped_10x10,8,4,sub-pd22_seg015,PD
participant_grouped_10x10,8,4,sub-pd22_seg016,HC
participant_grouped_10x10,8,4,sub-pd22_seg017,HC
participant_grouped_10x10,8,5,sub-pd23_seg000,PD
participant_grouped_10x10,8,5,sub-pd23_seg001,PD
participant_grouped_10x10,8,5,sub-pd23_seg002,PD
participant_grouped_10x10,8,5,sub-pd23_seg003,PD
participant_grouped_10x10,8,5,sub-pd23_seg004,PD
participant_grouped_10x10,8,5,sub-pd23_seg005,PD
participant_grouped_10x10,8,5,sub-pd23_seg006,PD
participant_grouped_10x10,8,5,sub-pd23_seg007,PD
participant_grouped_10x10,8,5,sub-pd23_seg008,PD
participant_grouped_10x10,8,5,sub-pd23_seg009,PD
participant_grouped_10x10,8,5,sub-pd23_seg010,PD
participant_grouped_10x10,8,5,sub-pd23_seg011,PD
participant_grouped_10x10,8,5,sub-pd23_seg012,PD
participant_grouped_10x10,8,5,sub-pd23_seg013,PD
participant_grouped_10x10,8,5,sub-pd23_seg014,PD
participant_grouped_10x10,8,5,sub-pd23_seg015,PD
participant_grouped_10x10,8,5,sub-pd23_seg016,PD
participant_grouped_10x10,8,5,sub-pd23_seg017,PD
participant_grouped_10x10,8,5,sub-pd23_seg018,PD
participant_grouped_10x10,8,5,sub-pd23_seg019,HC
participant_grouped_10x10,8,2,sub-pd26_seg000,PD
participant_grouped_10x10,8,2,sub-pd26_seg001,PD
participant_grouped_10x10,8,2,sub-pd26_seg002,PD
participant_grouped_10x10,8,2,sub-pd26_seg003,PD
participant_grouped_10x10,8,2,sub-pd26_seg004,PD
participant_grouped_10x10,8,2,sub-pd26_seg005,PD
participant_grouped_10x10,8,2,sub-pd26_seg006,PD
participant_grouped_10x10,8,2,sub-pd26_seg007,PD
participant_grouped_10x10,8,2,sub-pd26_seg008,PD
participant_grouped_10x10,8,2,sub-pd26_seg009,PD
participant_grouped_10x10,8,2,sub-pd26_seg010,PD
participant_grouped_10x10,8,2,sub-pd26_seg011,PD
participant_grouped_10x10,8,2,sub-pd26_seg012,PD
participant_grouped_10x10,8,2,sub-pd26_seg013,PD
participant_grouped_10x10,8,2,sub-pd26_seg014,PD
participant_grouped_10x10,8,2,sub-pd26_seg015,PD
participant_grouped_10x10,8,2,sub-pd26_seg016,PD
participant_grouped_10x10,8,2,sub-pd26_seg017,PD
participant_grouped_10x10,8,2,sub-pd26_seg018,PD
participant_grouped_10x10,8,1,sub-pd28_seg000,HC
participant_grouped_10x10,8,1,sub-pd28_seg001,HC
participant_grouped_10x10,8,1,sub-pd28_seg002,HC
participant_grouped_10x10,8,1,sub-pd28_seg003,HC
participant_grouped_10x10,8,1,sub-pd28_seg004,HC
participant_grouped_10x10,8,1,sub-pd28_seg005,PD
participant_grouped_10x10,8,1,sub-pd28_seg006,HC
participant_grouped_10x10,8,1,sub-pd28_seg007,HC
participant_grouped_10x10,8,1,sub-pd28_seg008,HC
participant_grouped_10x10,8,1,sub-pd28_seg009,HC
participant_grouped_10x10,8,1,sub-pd28_seg010,HC
participant_grouped_10x10,8,1,sub-pd28_seg011,PD
participant_grouped_10x10,8,1,sub-pd28_seg012,HC
participant_grouped_10x10,8,1,sub-pd28_seg013,PD
participant_grouped_10x10,8,1,sub-pd28_seg014,HC
participant_grouped_10x10,8,1,sub-pd28_seg015,HC
participant_grouped_10x10,8,1,sub-pd28_seg016,HC
participant_grouped_10x10,8,1,sub-pd28_seg017,HC
participant_grouped_10x10,8,1,sub-pd28_seg018,PD
participant_grouped_10x10,8,1,sub-pd28_seg019,PD
participant_grouped_10x10,9,6,sub-hc1_seg000,PD
participant_grouped_10x10,9,6,sub-hc1_seg001,PD
participant_grouped_10x10,9,6,sub-hc1_seg002,PD
participant_grouped_10x10,9,6,sub-hc1_seg003,HC
participant_grouped_10x10,9,6,sub-hc1_seg004,HC
participant_grouped_10x10,9,6,sub-hc1_seg005,HC
participant_grouped_10x10,9,6,sub-hc1_seg006,HC
participant_grouped_10x10,9,6,sub-hc1_seg007,HC
participant_grouped_10x10,9,6,sub-hc1_seg008,PD
participant_grouped_10x10,9,6,sub-hc1_seg009,HC
participant_grouped_10x10,9,6,sub-hc1_seg010,HC
participant_grouped_10x10,9,6,sub-hc1_seg011,PD
participant_grouped_10x10,9,6,sub-hc1_seg012,PD
participant_grouped_10x10,9,6,sub-hc1_seg013,PD
participant_grouped_10x10,9,6,sub-hc1_seg014,HC
participant_grouped_10x10,9,6,sub-hc1_seg015,HC
participant_grouped_10x10,9,6,sub-hc1_seg016,HC
participant_grouped_10x10,9,6,sub-hc1_seg017,PD
participant_grouped_10x10,9,6,sub-hc1_seg018,HC
participant_grouped_10x10,9,7,sub-hc2_seg000,PD
participant_grouped_10x10,9,7,sub-hc2_seg001,PD
participant_grouped_10x10,9,7,sub-hc2_seg002,HC
participant_grouped_10x10,9,7,sub-hc2_seg003,PD
participant_grouped_10x10,9,7,sub-hc2_seg004,HC
participant_grouped_10x10,9,7,sub-hc2_seg005,PD
participant_grouped_10x10,9,7,sub-hc2_seg006,PD
participant_grouped_10x10,9,7,sub-hc2_seg007,PD
participant_grouped_10x10,9,7,sub-hc2_seg008,PD
participant_grouped_10x10,9,7,sub-hc2_seg009,PD
participant_grouped_10x10,9,7,sub-hc2_seg010,PD
participant_grouped_10x10,9,7,sub-hc2_seg011,PD
participant_grouped_10x10,9,7,sub-hc2_seg012,PD
participant_grouped_10x10,9,7,sub-hc2_seg013,PD
participant_grouped_10x10,9,7,sub-hc2_seg014,PD
participant_grouped_10x10,9,7,sub-hc2_seg015,PD
participant_grouped_10x10,9,7,sub-hc2_seg016,PD
participant_grouped_10x10,9,7,sub-hc2_seg017,PD
participant_grouped_10x10,9,7,sub-hc2_seg018,PD
participant_grouped_10x10,9,2,sub-hc4_seg000,PD
participant_grouped_10x10,9,2,sub-hc4_seg001,PD
participant_grouped_10x10,9,2,sub-hc4_seg002,PD
participant_grouped_10x10,9,2,sub-hc4_seg003,PD
participant_grouped_10x10,9,2,sub-hc4_seg004,PD
participant_grouped_10x10,9,2,sub-hc4_seg005,PD
participant_grouped_10x10,9,2,sub-hc4_seg006,PD
participant_grouped_10x10,9,2,sub-hc4_seg007,PD
participant_grouped_10x10,9,2,sub-hc4_seg008,PD
participant_grouped_10x10,9,2,sub-hc4_seg009,PD
participant_grouped_10x10,9,2,sub-hc4_seg010,PD
participant_grouped_10x10,9,2,sub-hc4_seg011,PD
participant_grouped_10x10,9,2,sub-hc4_seg012,PD
participant_grouped_10x10,9,2,sub-hc4_seg013,PD
participant_grouped_10x10,9,2,sub-hc4_seg014,PD
participant_grouped_10x10,9,2,sub-hc4_seg015,PD
participant_grouped_10x10,9,2,sub-hc4_seg016,PD
participant_grouped_10x10,9,2,sub-hc4_seg017,PD
participant_grouped_10x10,9,5,sub-hc7_seg000,PD
participant_grouped_10x10,9,5,sub-hc7_seg001,PD
participant_grouped_10x10,9,5,sub-hc7_seg002,PD
participant_grouped_10x10,9,5,sub-hc7_seg003,PD
participant_grouped_10x10,9,5,sub-hc7_seg004,PD
participant_grouped_10x10,9,5,sub-hc7_seg005,PD
participant_grouped_10x10,9,5,sub-hc7_seg006,PD
participant_grouped_10x10,9,5,sub-hc7_seg007,PD
participant_grouped_10x10,9,5,sub-hc7_seg008,PD
participant_grouped_10x10,9,5,sub-hc7_seg009,PD
participant_grouped_10x10,9,5,sub-hc7_seg010,PD
participant_grouped_10x10,9,5,sub-hc7_seg011,PD
participant_grouped_10x10,9,5,sub-hc7_seg012,PD
participant_grouped_10x10,9,5,sub-hc7_seg013,PD
participant_grouped_10x10,9,5,sub-hc7_seg014,PD
participant_grouped_10x10,9,5,sub-hc7_seg015,PD
participant_grouped_10x10,9,5,sub-hc7_seg016,PD
participant_grouped_10x10,9,5,sub-hc7_seg017,PD
participant_grouped_10x10,9,5,sub-hc7_seg018,PD
participant_grouped_10x10,9,1,sub-hc8_seg000,PD
participant_grouped_10x10,9,1,sub-hc8_seg001,PD
participant_grouped_10x10,9,1,sub-hc8_seg002,PD
participant_grouped_10x10,9,1,sub-hc8_seg003,PD
participant_grouped_10x10,9,1,sub-hc8_seg004,PD
participant_grouped_10x10,9,1,sub-hc8_seg005,PD
participant_grouped_10x10,9,1,sub-hc8_seg006,PD
participant_grouped_10x10,9,1,sub-hc8_seg007,PD
participant_grouped_10x10,9,1,sub-hc8_seg008,PD
participant_grouped_10x10,9,1,sub-hc8_seg009,PD
participant_grouped_10x10,9,1,sub-hc8_seg010,PD
participant_grouped_10x10,9,1,sub-hc8_seg011,PD
participant_grouped_10x10,9,1,sub-hc8_seg012,PD
participant_grouped_10x10,9,1,sub-hc8_seg013,PD
participant_grouped_10x10,9,1,sub-hc8_seg014,PD
participant_grouped_10x10,9,1,sub-hc8_seg015,PD
participant_grouped_10x10,9,1,sub-hc8_seg016,PD
participant_grouped_10x10,9,1,sub-hc8_seg017,PD
participant_grouped_10x10,9,1,sub-hc8_seg018,PD
participant_grouped_10x10,9,3,sub-hc10_seg000,PD
participant_grouped_10x10,9,3,sub-hc10_seg001,PD
participant_grouped_10x10,9,3,sub-hc10_seg002,PD
participant_grouped_10x10,9,3,sub-hc10_seg003,HC
participant_grouped_10x10,9,3,sub-hc10_seg004,PD
participant_grouped_10x10,9,3,sub-hc10_seg005,PD
participant_grouped_10x10,9,3,sub-hc10_seg006,PD
participant_grouped_10x10,9,3,sub-hc10_seg007,PD
participant_grouped_10x10,9,3,sub-hc10_seg008,HC
participant_grouped_10x10,9,3,sub-hc10_seg009,HC
participant_grouped_10x10,9,3,sub-hc10_seg010,PD
participant_grouped_10x10,9,3,sub-hc10_seg011,PD
participant_grouped_10x10,9,3,sub-hc10_seg012,HC
participant_grouped_10x10,9,3,sub-hc10_seg013,HC
participant_grouped_10x10,9,3,sub-hc10_seg014,HC
participant_grouped_10x10,9,3,sub-hc10_seg015,PD
participant_grouped_10x10,9,3,sub-hc10_seg016,PD
participant_grouped_10x10,9,3,sub-hc10_seg017,PD
participant_grouped_10x10,9,3,sub-hc10_seg018,PD
participant_grouped_10x10,9,3,sub-hc10_seg019,PD
participant_grouped_10x10,9,1,sub-hc18_seg000,HC
participant_grouped_10x10,9,1,sub-hc18_seg001,HC
participant_grouped_10x10,9,1,sub-hc18_seg002,HC
participant_grouped_10x10,9,1,sub-hc18_seg003,PD
participant_grouped_10x10,9,1,sub-hc18_seg004,PD
participant_grouped_10x10,9,1,sub-hc18_seg005,HC
participant_grouped_10x10,9,1,sub-hc18_seg006,HC
participant_grouped_10x10,9,1,sub-hc18_seg007,HC
participant_grouped_10x10,9,1,sub-hc18_seg008,HC
participant_grouped_10x10,9,1,sub-hc18_seg009,HC
participant_grouped_10x10,9,1,sub-hc18_seg010,HC
participant_grouped_10x10,9,1,sub-hc18_seg011,HC
participant_grouped_10x10,9,1,sub-hc18_seg012,HC
participant_grouped_10x10,9,1,sub-hc18_seg013,PD
participant_grouped_10x10,9,1,sub-hc18_seg014,PD
participant_grouped_10x10,9,1,sub-hc18_seg015,PD
participant_grouped_10x10,9,1,sub-hc18_seg016,PD
participant_grouped_10x10,9,1,sub-hc18_seg017,PD
participant_grouped_10x10,9,8,sub-hc20_seg000,HC
participant_grouped_10x10,9,8,sub-hc20_seg001,PD
participant_grouped_10x10,9,8,sub-hc20_seg002,PD
participant_grouped_10x10,9,8,sub-hc20_seg003,PD
participant_grouped_10x10,9,8,sub-hc20_seg004,PD
participant_grouped_10x10,9,8,sub-hc20_seg005,PD
participant_grouped_10x10,9,8,sub-hc20_seg006,PD
participant_grouped_10x10,9,8,sub-hc20_seg007,PD
participant_grouped_10x10,9,8,sub-hc20_seg008,PD
participant_grouped_10x10,9,8,sub-hc20_seg009,PD
participant_grouped_10x10,9,8,sub-hc20_seg010,PD
participant_grouped_10x10,9,8,sub-hc20_seg011,HC
participant_grouped_10x10,9,8,sub-hc20_seg012,HC
participant_grouped_10x10,9,8,sub-hc20_seg013,HC
participant_grouped_10x10,9,8,sub-hc20_seg014,HC
participant_grouped_10x10,9,8,sub-hc20_seg015,PD
participant_grouped_10x10,9,8,sub-hc20_seg016,PD
participant_grouped_10x10,9,8,sub-hc20_seg017,PD
participant_grouped_10x10,9,9,sub-hc21_seg000,HC
participant_grouped_10x10,9,9,sub-hc21_seg001,PD
participant_grouped_10x10,9,9,sub-hc21_seg002,HC
participant_grouped_10x10,9,9,sub-hc21_seg003,HC
participant_grouped_10x10,9,9,sub-hc21_seg004,PD
participant_grouped_10x10,9,9,sub-hc21_seg005,PD
participant_grouped_10x10,9,9,sub-hc21_seg006,HC
participant_grouped_10x10,9,9,sub-hc21_seg007,HC
participant_grouped_10x10,9,9,sub-hc21_seg008,HC
participant_grouped_10x10,9,9,sub-hc21_seg009,HC
participant_grouped_10x10,9,9,sub-hc21_seg010,PD
participant_grouped_10x10,9,9,sub-hc21_seg011,PD
participant_grouped_10x10,9,9,sub-hc21_seg012,PD
participant_grouped_10x10,9,9,sub-hc21_seg013,HC
participant_grouped_10x10,9,9,sub-hc21_seg014,PD
participant_grouped_10x10,9,9,sub-hc21_seg015,PD
participant_grouped_10x10,9,9,sub-hc21_seg016,PD
participant_grouped_10x10,9,9,sub-hc21_seg017,PD
participant_grouped_10x10,9,9,sub-hc24_seg000,PD
participant_grouped_10x10,9,9,sub-hc24_seg001,PD
participant_grouped_10x10,9,9,sub-hc24_seg002,PD
participant_grouped_10x10,9,9,sub-hc24_seg003,PD
participant_grouped_10x10,9,9,sub-hc24_seg004,PD
participant_grouped_10x10,9,9,sub-hc24_seg005,PD
participant_grouped_10x10,9,9,sub-hc24_seg006,PD
participant_grouped_10x10,9,9,sub-hc24_seg007,PD
participant_grouped_10x10,9,9,sub-hc24_seg008,PD
participant_grouped_10x10,9,9,sub-hc24_seg009,PD
participant_grouped_10x10,9,9,sub-hc24_seg010,PD
participant_grouped_10x10,9,9,sub-hc24_seg011,PD
participant_grouped_10x10,9,9,sub-hc24_seg012,PD
participant_grouped_10x10,9,9,sub-hc24_seg013,PD
participant_grouped_10x10,9,9,sub-hc24_seg014,PD
participant_grouped_10x10,9,9,sub-hc24_seg015,PD
participant_grouped_10x10,9,9,sub-hc24_seg016,PD
participant_grouped_10x10,9,9,sub-hc24_seg017,PD
participant_grouped_10x10,9,9,sub-hc24_seg018,PD
participant_grouped_10x10,9,4,sub-hc25_seg000,PD
participant_grouped_10x10,9,4,sub-hc25_seg001,PD
participant_grouped_10x10,9,4,sub-hc25_seg002,PD
participant_grouped_10x10,9,4,sub-hc25_seg003,PD
participant_grouped_10x10,9,4,sub-hc25_seg004,PD
participant_grouped_10x10,9,4,sub-hc25_seg005,PD
participant_grouped_10x10,9,4,sub-hc25_seg006,PD
participant_grouped_10x10,9,4,sub-hc25_seg007,PD
participant_grouped_10x10,9,4,sub-hc25_seg008,PD
participant_grouped_10x10,9,4,sub-hc25_seg009,PD
participant_grouped_10x10,9,4,sub-hc25_seg010,PD
participant_grouped_10x10,9,4,sub-hc25_seg011,PD
participant_grouped_10x10,9,4,sub-hc25_seg012,PD
participant_grouped_10x10,9,4,sub-hc25_seg013,PD
participant_grouped_10x10,9,4,sub-hc25_seg014,PD
participant_grouped_10x10,9,4,sub-hc25_seg015,PD
participant_grouped_10x10,9,4,sub-hc25_seg016,HC
participant_grouped_10x10,9,4,sub-hc25_seg017,PD
participant_grouped_10x10,9,4,sub-hc25_seg018,PD
participant_grouped_10x10,9,4,sub-hc25_seg019,PD
participant_grouped_10x10,9,0,sub-hc29_seg000,PD
participant_grouped_10x10,9,0,sub-hc29_seg001,PD
participant_grouped_10x10,9,0,sub-hc29_seg002,PD
participant_grouped_10x10,9,0,sub-hc29_seg003,PD
participant_grouped_10x10,9,0,sub-hc29_seg004,PD
participant_grouped_10x10,9,0,sub-hc29_seg005,PD
participant_grouped_10x10,9,0,sub-hc29_seg006,PD
participant_grouped_10x10,9,0,sub-hc29_seg007,PD
participant_grouped_10x10,9,0,sub-hc29_seg008,PD
participant_grouped_10x10,9,0,sub-hc29_seg009,PD
participant_grouped_10x10,9,0,sub-hc29_seg010,PD
participant_grouped_10x10,9,0,sub-hc29_seg011,PD
participant_grouped_10x10,9,0,sub-hc29_seg012,PD
participant_grouped_10x10,9,0,sub-hc29_seg013,PD
participant_grouped_10x10,9,0,sub-hc29_seg014,PD
participant_grouped_10x10,9,0,sub-hc29_seg015,PD
participant_grouped_10x10,9,0,sub-hc29_seg016,PD
participant_grouped_10x10,9,0,sub-hc29_seg017,PD
participant_grouped_10x10,9,0,sub-hc29_seg018,PD
participant_grouped_10x10,9,7,sub-hc30_seg000,HC
participant_grouped_10x10,9,7,sub-hc30_seg001,PD
participant_grouped_10x10,9,7,sub-hc30_seg002,PD
participant_grouped_10x10,9,7,sub-hc30_seg003,PD
participant_grouped_10x10,9,7,sub-hc30_seg004,PD
participant_grouped_10x10,9,7,sub-hc30_seg005,HC
participant_grouped_10x10,9,7,sub-hc30_seg006,PD
participant_grouped_10x10,9,7,sub-hc30_seg007,PD
participant_grouped_10x10,9,7,sub-hc30_seg008,HC
participant_grouped_10x10,9,7,sub-hc30_seg009,HC
participant_grouped_10x10,9,7,sub-hc30_seg010,HC
participant_grouped_10x10,9,7,sub-hc30_seg011,HC
participant_grouped_10x10,9,7,sub-hc30_seg012,HC
participant_grouped_10x10,9,7,sub-hc30_seg013,HC
participant_grouped_10x10,9,7,sub-hc30_seg014,HC
participant_grouped_10x10,9,7,sub-hc30_seg015,HC
participant_grouped_10x10,9,7,sub-hc30_seg016,HC
participant_grouped_10x10,9,7,sub-hc30_seg017,HC
participant_grouped_10x10,9,5,sub-hc31_seg000,PD
participant_grouped_10x10,9,5,sub-hc31_seg001,PD
participant_grouped_10x10,9,5,sub-hc31_seg002,PD
participant_grouped_10x10,9,5,sub-hc31_seg003,PD
participant_grouped_10x10,9,5,sub-hc31_seg004,PD
participant_grouped_10x10,9,5,sub-hc31_seg005,PD
participant_grouped_10x10,9,5,sub-hc31_seg006,PD
participant_grouped_10x10,9,5,sub-hc31_seg007,PD
participant_grouped_10x10,9,5,sub-hc31_seg008,PD
participant_grouped_10x10,9,5,sub-hc31_seg009,HC
participant_grouped_10x10,9,5,sub-hc31_seg010,HC
participant_grouped_10x10,9,5,sub-hc31_seg011,PD
participant_grouped_10x10,9,5,sub-hc31_seg012,PD
participant_grouped_10x10,9,5,sub-hc31_seg013,PD
participant_grouped_10x10,9,5,sub-hc31_seg014,PD
participant_grouped_10x10,9,5,sub-hc31_seg015,HC
participant_grouped_10x10,9,5,sub-hc31_seg016,PD
participant_grouped_10x10,9,5,sub-hc31_seg017,PD
participant_grouped_10x10,9,8,sub-hc32_seg000,PD
participant_grouped_10x10,9,8,sub-hc32_seg001,PD
participant_grouped_10x10,9,8,sub-hc32_seg002,PD
participant_grouped_10x10,9,8,sub-hc32_seg003,PD
participant_grouped_10x10,9,8,sub-hc32_seg004,PD
participant_grouped_10x10,9,8,sub-hc32_seg005,PD
participant_grouped_10x10,9,8,sub-hc32_seg006,PD
participant_grouped_10x10,9,8,sub-hc32_seg007,PD
participant_grouped_10x10,9,8,sub-hc32_seg008,PD
participant_grouped_10x10,9,8,sub-hc32_seg009,PD
participant_grouped_10x10,9,8,sub-hc32_seg010,PD
participant_grouped_10x10,9,8,sub-hc32_seg011,PD
participant_grouped_10x10,9,8,sub-hc32_seg012,PD
participant_grouped_10x10,9,8,sub-hc32_seg013,PD
participant_grouped_10x10,9,8,sub-hc32_seg014,PD
participant_grouped_10x10,9,8,sub-hc32_seg015,PD
participant_grouped_10x10,9,8,sub-hc32_seg016,PD
participant_grouped_10x10,9,8,sub-hc32_seg017,PD
participant_grouped_10x10,9,8,sub-hc32_seg018,PD
participant_grouped_10x10,9,2,sub-hc33_seg000,HC
participant_grouped_10x10,9,2,sub-hc33_seg001,HC
participant_grouped_10x10,9,2,sub-hc33_seg002,HC
participant_grouped_10x10,9,2,sub-hc33_seg003,HC
participant_grouped_10x10,9,2,sub-hc33_seg004,HC
participant_grouped_10x10,9,2,sub-hc33_seg005,HC
participant_grouped_10x10,9,2,sub-hc33_seg006,HC
participant_grouped_10x10,9,2,sub-hc33_seg007,HC
participant_grouped_10x10,9,2,sub-hc33_seg008,HC
participant_grouped_10x10,9,2,sub-hc33_seg009,HC
participant_grouped_10x10,9,2,sub-hc33_seg010,HC
participant_grouped_10x10,9,2,sub-hc33_seg011,HC
participant_grouped_10x10,9,2,sub-hc33_seg012,PD
participant_grouped_10x10,9,2,sub-hc33_seg013,PD
participant_grouped_10x10,9,2,sub-hc33_seg014,PD
participant_grouped_10x10,9,2,sub-hc33_seg015,HC
participant_grouped_10x10,9,2,sub-hc33_seg016,HC
participant_grouped_10x10,9,2,sub-hc33_seg017,HC
participant_grouped_10x10,9,2,sub-hc33_seg018,HC
participant_grouped_10x10,9,5,sub-pd3_seg000,PD
participant_grouped_10x10,9,5,sub-pd3_seg001,PD
participant_grouped_10x10,9,5,sub-pd3_seg002,PD
participant_grouped_10x10,9,5,sub-pd3_seg003,HC
participant_grouped_10x10,9,5,sub-pd3_seg004,PD
participant_grouped_10x10,9,5,sub-pd3_seg005,PD
participant_grouped_10x10,9,5,sub-pd3_seg006,PD
participant_grouped_10x10,9,5,sub-pd3_seg007,PD
participant_grouped_10x10,9,5,sub-pd3_seg008,PD
participant_grouped_10x10,9,5,sub-pd3_seg009,HC
participant_grouped_10x10,9,5,sub-pd3_seg010,HC
participant_grouped_10x10,9,5,sub-pd3_seg011,HC
participant_grouped_10x10,9,5,sub-pd3_seg012,HC
participant_grouped_10x10,9,5,sub-pd3_seg013,HC
participant_grouped_10x10,9,5,sub-pd3_seg014,HC
participant_grouped_10x10,9,5,sub-pd3_seg015,HC
participant_grouped_10x10,9,5,sub-pd3_seg016,HC
participant_grouped_10x10,9,5,sub-pd3_seg017,HC
participant_grouped_10x10,9,5,sub-pd3_seg018,HC
participant_grouped_10x10,9,5,sub-pd3_seg019,HC
participant_grouped_10x10,9,9,sub-pd5_seg000,PD
participant_grouped_10x10,9,9,sub-pd5_seg001,HC
participant_grouped_10x10,9,9,sub-pd5_seg002,HC
participant_grouped_10x10,9,9,sub-pd5_seg003,HC
participant_grouped_10x10,9,9,sub-pd5_seg004,HC
participant_grouped_10x10,9,9,sub-pd5_seg005,HC
participant_grouped_10x10,9,9,sub-pd5_seg006,PD
participant_grouped_10x10,9,9,sub-pd5_seg007,PD
participant_grouped_10x10,9,9,sub-pd5_seg008,HC
participant_grouped_10x10,9,9,sub-pd5_seg009,HC
participant_grouped_10x10,9,9,sub-pd5_seg010,HC
participant_grouped_10x10,9,9,sub-pd5_seg011,HC
participant_grouped_10x10,9,9,sub-pd5_seg012,HC
participant_grouped_10x10,9,9,sub-pd5_seg013,HC
participant_grouped_10x10,9,9,sub-pd5_seg014,PD
participant_grouped_10x10,9,9,sub-pd5_seg015,PD
participant_grouped_10x10,9,9,sub-pd5_seg016,PD
participant_grouped_10x10,9,9,sub-pd5_seg017,PD
participant_grouped_10x10,9,9,sub-pd5_seg018,PD
participant_grouped_10x10,9,7,sub-pd6_seg000,PD
participant_grouped_10x10,9,7,sub-pd6_seg001,HC
participant_grouped_10x10,9,7,sub-pd6_seg002,HC
participant_grouped_10x10,9,7,sub-pd6_seg003,HC
participant_grouped_10x10,9,7,sub-pd6_seg004,HC
participant_grouped_10x10,9,7,sub-pd6_seg005,PD
participant_grouped_10x10,9,7,sub-pd6_seg006,HC
participant_grouped_10x10,9,7,sub-pd6_seg007,HC
participant_grouped_10x10,9,7,sub-pd6_seg008,HC
participant_grouped_10x10,9,7,sub-pd6_seg009,HC
participant_grouped_10x10,9,7,sub-pd6_seg010,HC
participant_grouped_10x10,9,7,sub-pd6_seg011,HC
participant_grouped_10x10,9,7,sub-pd6_seg012,HC
participant_grouped_10x10,9,7,sub-pd6_seg013,PD
participant_grouped_10x10,9,7,sub-pd6_seg014,PD
participant_grouped_10x10,9,7,sub-pd6_seg015,HC
participant_grouped_10x10,9,7,sub-pd6_seg016,PD
participant_grouped_10x10,9,7,sub-pd6_seg017,HC
participant_grouped_10x10,9,7,sub-pd6_seg018,HC
participant_grouped_10x10,9,4,sub-pd9_seg000,PD
participant_grouped_10x10,9,4,sub-pd9_seg001,PD
participant_grouped_10x10,9,4,sub-pd9_seg002,HC
participant_grouped_10x10,9,4,sub-pd9_seg003,PD
participant_grouped_10x10,9,4,sub-pd9_seg004,PD
participant_grouped_10x10,9,4,sub-pd9_seg005,PD
participant_grouped_10x10,9,4,sub-pd9_seg006,PD
participant_grouped_10x10,9,4,sub-pd9_seg007,HC
participant_grouped_10x10,9,4,sub-pd9_seg008,PD
participant_grouped_10x10,9,4,sub-pd9_seg009,PD
participant_grouped_10x10,9,4,sub-pd9_seg010,PD
participant_grouped_10x10,9,4,sub-pd9_seg011,PD
participant_grouped_10x10,9,4,sub-pd9_seg012,PD
participant_grouped_10x10,9,4,sub-pd9_seg013,PD
participant_grouped_10x10,9,4,sub-pd9_seg014,HC
participant_grouped_10x10,9,4,sub-pd9_seg015,PD
participant_grouped_10x10,9,4,sub-pd9_seg016,PD
participant_grouped_10x10,9,4,sub-pd9_seg017,PD
participant_grouped_10x10,9,4,sub-pd9_seg018,PD
participant_grouped_10x10,9,2,sub-pd12_seg000,HC
participant_grouped_10x10,9,2,sub-pd12_seg001,HC
participant_grouped_10x10,9,2,sub-pd12_seg002,HC
participant_grouped_10x10,9,2,sub-pd12_seg003,HC
participant_grouped_10x10,9,2,sub-pd12_seg004,PD
participant_grouped_10x10,9,2,sub-pd12_seg005,HC
participant_grouped_10x10,9,2,sub-pd12_seg006,HC
participant_grouped_10x10,9,2,sub-pd12_seg007,HC
participant_grouped_10x10,9,2,sub-pd12_seg008,HC
participant_grouped_10x10,9,2,sub-pd12_seg009,HC
participant_grouped_10x10,9,2,sub-pd12_seg010,PD
participant_grouped_10x10,9,2,sub-pd12_seg011,PD
participant_grouped_10x10,9,2,sub-pd12_seg012,PD
participant_grouped_10x10,9,2,sub-pd12_seg013,PD
participant_grouped_10x10,9,2,sub-pd12_seg014,PD
participant_grouped_10x10,9,2,sub-pd12_seg015,PD
participant_grouped_10x10,9,2,sub-pd12_seg016,PD
participant_grouped_10x10,9,2,sub-pd12_seg017,PD
participant_grouped_10x10,9,2,sub-pd12_seg018,PD
participant_grouped_10x10,9,2,sub-pd12_seg019,PD
participant_grouped_10x10,9,4,sub-pd11_seg000,PD
participant_grouped_10x10,9,4,sub-pd11_seg001,PD
participant_grouped_10x10,9,4,sub-pd11_seg002,PD
participant_grouped_10x10,9,4,sub-pd11_seg003,PD
participant_grouped_10x10,9,4,sub-pd11_seg004,PD
participant_grouped_10x10,9,4,sub-pd11_seg005,PD
participant_grouped_10x10,9,4,sub-pd11_seg006,PD
participant_grouped_10x10,9,4,sub-pd11_seg007,PD
participant_grouped_10x10,9,4,sub-pd11_seg008,PD
participant_grouped_10x10,9,4,sub-pd11_seg009,PD
participant_grouped_10x10,9,4,sub-pd11_seg010,PD
participant_grouped_10x10,9,4,sub-pd11_seg011,PD
participant_grouped_10x10,9,4,sub-pd11_seg012,PD
participant_grouped_10x10,9,4,sub-pd11_seg013,PD
participant_grouped_10x10,9,4,sub-pd11_seg014,PD
participant_grouped_10x10,9,4,sub-pd11_seg015,PD
participant_grouped_10x10,9,4,sub-pd11_seg016,PD
participant_grouped_10x10,9,4,sub-pd11_seg017,PD
participant_grouped_10x10,9,3,sub-pd13_seg000,PD
participant_grouped_10x10,9,3,sub-pd13_seg001,PD
participant_grouped_10x10,9,3,sub-pd13_seg002,PD
participant_grouped_10x10,9,3,sub-pd13_seg003,PD
participant_grouped_10x10,9,3,sub-pd13_seg004,PD
participant_grouped_10x10,9,3,sub-pd13_seg005,PD
participant_grouped_10x10,9,3,sub-pd13_seg006,PD
participant_grouped_10x10,9,3,sub-pd13_seg007,PD
participant_grouped_10x10,9,3,sub-pd13_seg008,PD
participant_grouped_10x10,9,3,sub-pd13_seg009,PD
participant_grouped_10x10,9,3,sub-pd13_seg010,PD
participant_grouped_10x10,9,3,sub-pd13_seg011,PD
participant_grouped_10x10,9,3,sub-pd13_seg012,PD
participant_grouped_10x10,9,3,sub-pd13_seg013,PD
participant_grouped_10x10,9,3,sub-pd13_seg014,PD
participant_grouped_10x10,9,3,sub-pd13_seg015,PD
participant_grouped_10x10,9,3,sub-pd13_seg016,PD
participant_grouped_10x10,9,3,sub-pd13_seg017,PD
participant_grouped_10x10,9,0,sub-pd14_seg000,PD
participant_grouped_10x10,9,0,sub-pd14_seg001,PD
participant_grouped_10x10,9,0,sub-pd14_seg002,PD
participant_grouped_10x10,9,0,sub-pd14_seg003,PD
participant_grouped_10x10,9,0,sub-pd14_seg004,HC
participant_grouped_10x10,9,0,sub-pd14_seg005,PD
participant_grouped_10x10,9,0,sub-pd14_seg006,PD
participant_grouped_10x10,9,0,sub-pd14_seg007,PD
participant_grouped_10x10,9,0,sub-pd14_seg008,PD
participant_grouped_10x10,9,0,sub-pd14_seg009,HC
participant_grouped_10x10,9,0,sub-pd14_seg010,PD
participant_grouped_10x10,9,0,sub-pd14_seg011,PD
participant_grouped_10x10,9,0,sub-pd14_seg012,PD
participant_grouped_10x10,9,0,sub-pd14_seg013,PD
participant_grouped_10x10,9,0,sub-pd14_seg014,HC
participant_grouped_10x10,9,0,sub-pd14_seg015,HC
participant_grouped_10x10,9,0,sub-pd14_seg016,PD
participant_grouped_10x10,9,0,sub-pd14_seg017,PD
participant_grouped_10x10,9,0,sub-pd14_seg018,HC
participant_grouped_10x10,9,0,sub-pd14_seg019,HC
participant_grouped_10x10,9,0,sub-pd14_seg020,HC
participant_grouped_10x10,9,0,sub-pd14_seg021,PD
participant_grouped_10x10,9,0,sub-pd14_seg022,HC
participant_grouped_10x10,9,0,sub-pd14_seg023,HC
participant_grouped_10x10,9,0,sub-pd14_seg024,HC
participant_grouped_10x10,9,0,sub-pd14_seg025,PD
participant_grouped_10x10,9,0,sub-pd14_seg026,PD
participant_grouped_10x10,9,0,sub-pd14_seg027,PD
participant_grouped_10x10,9,0,sub-pd14_seg028,PD
participant_grouped_10x10,9,7,sub-pd16_seg000,HC
participant_grouped_10x10,9,7,sub-pd16_seg001,PD
participant_grouped_10x10,9,7,sub-pd16_seg002,PD
participant_grouped_10x10,9,7,sub-pd16_seg003,PD
participant_grouped_10x10,9,7,sub-pd16_seg004,PD
participant_grouped_10x10,9,7,sub-pd16_seg005,PD
participant_grouped_10x10,9,7,sub-pd16_seg006,PD
participant_grouped_10x10,9,7,sub-pd16_seg007,PD
participant_grouped_10x10,9,7,sub-pd16_seg008,PD
participant_grouped_10x10,9,7,sub-pd16_seg009,PD
participant_grouped_10x10,9,7,sub-pd16_seg010,PD
participant_grouped_10x10,9,7,sub-pd16_seg011,PD
participant_grouped_10x10,9,7,sub-pd16_seg012,PD
participant_grouped_10x10,9,7,sub-pd16_seg013,PD
participant_grouped_10x10,9,7,sub-pd16_seg014,PD
participant_grouped_10x10,9,7,sub-pd16_seg015,PD
participant_grouped_10x10,9,7,sub-pd16_seg016,PD
participant_grouped_10x10,9,7,sub-pd16_seg017,PD
participant_grouped_10x10,9,9,sub-pd17_seg000,HC
participant_grouped_10x10,9,9,sub-pd17_seg001,HC
participant_grouped_10x10,9,9,sub-pd17_seg002,HC
participant_grouped_10x10,9,9,sub-pd17_seg003,HC
participant_grouped_10x10,9,9,sub-pd17_seg004,HC
participant_grouped_10x10,9,9,sub-pd17_seg005,HC
participant_grouped_10x10,9,9,sub-pd17_seg006,HC
participant_grouped_10x10,9,9,sub-pd17_seg007,HC
participant_grouped_10x10,9,9,sub-pd17_seg008,HC
participant_grouped_10x10,9,9,sub-pd17_seg009,HC
participant_grouped_10x10,9,9,sub-pd17_seg010,HC
participant_grouped_10x10,9,9,sub-pd17_seg011,HC
participant_grouped_10x10,9,9,sub-pd17_seg012,HC
participant_grouped_10x10,9,9,sub-pd17_seg013,HC
participant_grouped_10x10,9,9,sub-pd17_seg014,HC
participant_grouped_10x10,9,9,sub-pd17_seg015,HC
participant_grouped_10x10,9,9,sub-pd17_seg016,PD
participant_grouped_10x10,9,9,sub-pd17_seg017,PD
participant_grouped_10x10,9,8,sub-pd19_seg000,HC
participant_grouped_10x10,9,8,sub-pd19_seg001,HC
participant_grouped_10x10,9,8,sub-pd19_seg002,PD
participant_grouped_10x10,9,8,sub-pd19_seg003,PD
participant_grouped_10x10,9,8,sub-pd19_seg004,PD
participant_grouped_10x10,9,8,sub-pd19_seg005,PD
participant_grouped_10x10,9,8,sub-pd19_seg006,PD
participant_grouped_10x10,9,8,sub-pd19_seg007,PD
participant_grouped_10x10,9,8,sub-pd19_seg008,PD
participant_grouped_10x10,9,8,sub-pd19_seg009,PD
participant_grouped_10x10,9,8,sub-pd19_seg010,PD
participant_grouped_10x10,9,8,sub-pd19_seg011,PD
participant_grouped_10x10,9,8,sub-pd19_seg012,HC
participant_grouped_10x10,9,8,sub-pd19_seg013,PD
participant_grouped_10x10,9,8,sub-pd19_seg014,HC
participant_grouped_10x10,9,8,sub-pd19_seg015,PD
participant_grouped_10x10,9,8,sub-pd19_seg016,PD
participant_grouped_10x10,9,8,sub-pd19_seg017,PD
participant_grouped_10x10,9,3,sub-pd22_seg000,PD
participant_grouped_10x10,9,3,sub-pd22_seg001,PD
participant_grouped_10x10,9,3,sub-pd22_seg002,PD
participant_grouped_10x10,9,3,sub-pd22_seg003,PD
participant_grouped_10x10,9,3,sub-pd22_seg004,PD
participant_grouped_10x10,9,3,sub-pd22_seg005,PD
participant_grouped_10x10,9,3,sub-pd22_seg006,PD
participant_grouped_10x10,9,3,sub-pd22_seg007,PD
participant_grouped_10x10,9,3,sub-pd22_seg008,PD
participant_grouped_10x10,9,3,sub-pd22_seg009,PD
participant_grouped_10x10,9,3,sub-pd22_seg010,PD
participant_grouped_10x10,9,3,sub-pd22_seg011,PD
participant_grouped_10x10,9,3,sub-pd22_seg012,PD
participant_grouped_10x10,9,3,sub-pd22_seg013,PD
participant_grouped_10x10,9,3,sub-pd22_seg014,PD
participant_grouped_10x10,9,3,sub-pd22_seg015,PD
participant_grouped_10x10,9,3,sub-pd22_seg016,HC
participant_grouped_10x10,9,3,sub-pd22_seg017,HC
participant_grouped_10x10,9,6,sub-pd23_seg000,PD
participant_grouped_10x10,9,6,sub-pd23_seg001,PD
participant_grouped_10x10,9,6,sub-pd23_seg002,PD
participant_grouped_10x10,9,6,sub-pd23_seg003,PD
participant_grouped_10x10,9,6,sub-pd23_seg004,PD
participant_grouped_10x10,9,6,sub-pd23_seg005,PD
participant_grouped_10x10,9,6,sub-pd23_seg006,PD
participant_grouped_10x10,9,6,sub-pd23_seg007,PD
participant_grouped_10x10,9,6,sub-pd23_seg008,PD
participant_grouped_10x10,9,6,sub-pd23_seg009,PD
participant_grouped_10x10,9,6,sub-pd23_seg010,PD
participant_grouped_10x10,9,6,sub-pd23_seg011,PD
participant_grouped_10x10,9,6,sub-pd23_seg012,PD
participant_grouped_10x10,9,6,sub-pd23_seg013,PD
participant_grouped_10x10,9,6,sub-pd23_seg014,PD
participant_grouped_10x10,9,6,sub-pd23_seg015,PD
participant_grouped_10x10,9,6,sub-pd23_seg016,PD
participant_grouped_10x10,9,6,sub-pd23_seg017,PD
participant_grouped_10x10,9,6,sub-pd23_seg018,PD
participant_grouped_10x10,9,6,sub-pd23_seg019,HC
participant_grouped_10x10,9,8,sub-pd26_seg000,PD
participant_grouped_10x10,9,8,sub-pd26_seg001,PD
participant_grouped_10x10,9,8,sub-pd26_seg002,PD
participant_grouped_10x10,9,8,sub-pd26_seg003,PD
participant_grouped_10x10,9,8,sub-pd26_seg004,PD
participant_grouped_10x10,9,8,sub-pd26_seg005,PD
participant_grouped_10x10,9,8,sub-pd26_seg006,PD
participant_grouped_10x10,9,8,sub-pd26_seg007,PD
participant_grouped_10x10,9,8,sub-pd26_seg008,PD
participant_grouped_10x10,9,8,sub-pd26_seg009,PD
participant_grouped_10x10,9,8,sub-pd26_seg010,PD
participant_grouped_10x10,9,8,sub-pd26_seg011,PD
participant_grouped_10x10,9,8,sub-pd26_seg012,PD
participant_grouped_10x10,9,8,sub-pd26_seg013,PD
participant_grouped_10x10,9,8,sub-pd26_seg014,PD
participant_grouped_10x10,9,8,sub-pd26_seg015,PD
participant_grouped_10x10,9,8,sub-pd26_seg016,PD
participant_grouped_10x10,9,8,sub-pd26_seg017,PD
participant_grouped_10x10,9,8,sub-pd26_seg018,PD
participant_grouped_10x10,9,1,sub-pd28_seg000,HC
participant_grouped_10x10,9,1,sub-pd28_seg001,HC
participant_grouped_10x10,9,1,sub-pd28_seg002,HC
participant_grouped_10x10,9,1,sub-pd28_seg003,HC
participant_grouped_10x10,9,1,sub-pd28_seg004,HC
participant_grouped_10x10,9,1,sub-pd28_seg005,PD
participant_grouped_10x10,9,1,sub-pd28_seg006,HC
participant_grouped_10x10,9,1,sub-pd28_seg007,HC
participant_grouped_10x10,9,1,sub-pd28_seg008,HC
participant_grouped_10x10,9,1,sub-pd28_seg009,HC
participant_grouped_10x10,9,1,sub-pd28_seg010,HC
participant_grouped_10x10,9,1,sub-pd28_seg011,PD
participant_grouped_10x10,9,1,sub-pd28_seg012,HC
participant_grouped_10x10,9,1,sub-pd28_seg013,PD
participant_grouped_10x10,9,1,sub-pd28_seg014,HC
participant_grouped_10x10,9,1,sub-pd28_seg015,HC
participant_grouped_10x10,9,1,sub-pd28_seg016,HC
participant_grouped_10x10,9,1,sub-pd28_seg017,HC
participant_grouped_10x10,9,1,sub-pd28_seg018,HC
participant_grouped_10x10,9,1,sub-pd28_seg019,PD
